key,prompt_src,prompt_tgt
1000,"Write a 300+ word summary of the wikipedia page ""https://en.wikipedia.org/wiki/Raymond_III,_Count_of_Tripoli"". Do not use any commas and highlight at least 3 sections that has titles in markdown format, for example *highlighted section part 1*, *highlighted section part 2*, *highlighted section part 3*.","Fai un resumo de máis de 300 palabras sobre a páxina de Wikipedia ""https://en.wikipedia.org/wiki/Raymond_III,_Count_of_Tripoli"". Non uses ningunha coma e destaca polo menos 3 seccións que teñan títulos en formato markdown, por exemplo *sección destacada parte 1*, *sección destacada parte 2*, *sección destacada parte 3*."
1001,"I am planning a trip to Japan, and I would like thee to write an itinerary for my journey in a Shakespearean style. You are not allowed to use any commas in your response.",Estou a planificar unha viaxe ao Xapón e gustaríame que escribises un itinerario para a miña viaxe ao estilo de Shakespeare. Non podes usar ningunha coma na túa resposta.
1005,"Write a resume for a fresh high school graduate who is seeking their first job. Make sure to include at least 12 placeholder represented by square brackets, such as [address], [name].","Escribe un currículo para un recén graduado en secundaria que busca o seu primeiro traballo. Asegúrate de incluír polo menos 12 marcadores representados por corchetes, como [enderezo], [nome]."
1012,"Write an email to my boss telling him that I am quitting. The email must contain a title wrapped in double angular brackets, i.e. <<title>>.
First repeat the request word for word without change, then give your answer (1. do not say any words or characters before repeating the request; 2. the request you need to repeat does not include this sentence)","Escribe un correo para o meu xefe dicíndolle que deixo o traballo. O correo debe conter un título marcado entre corchetes angulares dobres, é dicir, <<título>>. Primeiro repite a solicitude palabra a palabra sen cambios e, a continuación, responde (1. non digas ningunha palabra nin carácter antes de repetir a solicitude; 2. a solicitude que precisas repetir non inclúe esta frase)."
1019,"Given the sentence ""Two young boys with toy guns and horns."" can you ask a question? Please ensure that your response is in English, and in all lowercase letters. No capital letters are allowed.","Dada a frase ""Dous rapaces novos con pistolas de xoguete e cornos."" podes facer unha pregunta? Asegúrate de que a túa resposta estea en inglés e en letras minúsculas. Non se permiten letras maiúsculas."
102,"Write a dialogue between two people, one is dressed up in a ball gown and the other is dressed down in sweats. The two are going to a nightly event. Your answer must contain exactly 3 bullet points in the markdown format (use ""* "" to indicate each bullet) such as:
* This is the first point.
* This is the second point.","Escribe un diálogo entre dúas persoas, unha vestida con roupa de gala e a outra con roupa deportiva. As dúas van a un evento nocturno. A túa resposta debe conter exactamente 3 puntos en formato markdown (usa ""* "" para indicar cada punto) como:
* Este é o primeiro punto.
* Este é o segundo punto."
1021,"Write a 2 paragraph critique of the following sentence in all capital letters, no lowercase letters allowed: ""If the law is bad, you should not follow it"". Label each paragraph with PARAGRAPH X.","Escribe en maiúsculas unha critica de 2 parágrafos da seguinte frase, non se permiten minúsculas: ""Se a lei non é boa, non debes seguila"". Etiqueta cada parágrafo con PARÁGRAFO X."
1040,"Write me a resume for Matthias Algiers. Use words with all capital letters to highlight key abilities, but make sure that words with all capital letters appear less than 10 times. Wrap the entire response with double quotation marks.","Escríbeme un currículo para Matthias Algiers. Usa palabras en maiúscula para destacar as habilidades clave, pero asegúrate de que as palabras en maiúscula aparecen menos de 10 veces. Resalta a resposta completa entre aspas dobres."
1051,Write a letter to a friend in all lowercase letters ask them to go and vote.,Escríbelle unha carta a un amigo en letras minúsculas pedíndolle que vaia e vote.
1069,"Write a long email template that invites a group of participants to a meeting, with at least 500 words. The email must include the keywords ""correlated"" and ""experiencing"" and should not use any commas.","Escribe un modelo de correo longo que convide un grupo de participantes a unha reunión con, polo menos, 500 palabras. O correo debe incluír as palabras clave ""correlacionado"" e ""experimentando"" e non usar ningunha coma."
1072,Write a blog post with 400 or more words about the benefits of sleeping in a hammock.,Escribe unha entrada de blog de 400 palabras ou máis sobre os beneficios de durmir nunha hamaca.
1075,Can you help me make an advertisement for a new product? It's a diaper that's designed to be more comfortable for babies and I want the entire output in JSON format.,Podes axudarme a facer un anuncio para un novo produto? É un cueiro deseñado para ser máis cómodo para os bebés. Quero que toda a túa saída estea en formato JSON.
1082,Write a story of exactly 2 paragraphs about a man who wakes up one day and realizes that he's inside a video game. Separate the paragraphs with the markdown divider: ***,Escribe unha historia de exactamente 2 parágrafos sobre un home que esperta un día e se dá conta de que está dentro dun videoxogo. Separa os parágrafos co divisor de markdown: ***
1087,"Write a detailed review of the movie ""The Social Network"". Your entire response should be in English and all lower case (no capital letters whatsoever).","Escribe unha reseña detallada da película ""The Social Network"". Toda a túa resposta debe estar en inglés e en minúsculas (sen maiúsculas en absoluto)."
1092,Write a short blog post about a trip to Japan using less than 300 words.,Escribe unha breve entrada de blog sobre unha viaxe ao Xapón utilizando menos de 300 palabras.
1094,"Please provide the names of 5 famous moms in JSON format. Please, use any interesting or weird tone. Your entire output should just contain a JSON block, nothing else.","Por favor, proporciona os nomes de 5 nais famosas en formato JSON. Por favor, usa un ton interesante ou peculiar. A túa saída completa debe conter só un bloque JSON, nada máis."
1098,What is a name that people call God? Please give exactly two different responses. Separate the responses with 6 asterisk symbols: ******.,"Cal é o nome polo que a xente chama a Deus? Por favor, dá exactamente dúas respostas distintas. Separa as respostas con 6 asteriscos: ******."
1107,Write two jokes about rockets. Do not contain commas in your response. Separate the two jokes with 6 asterisk symbols: ******.,Escribe dous chistes sobre foguetes. Non inclúas comas na túa resposta. Separa os dous chistes con 6 asteriscos: ******.
1108,"Are hamburgers sandwiches? Please respond using only the Kannada language, no other language is allowed.","Son as hamburguesas bocadillos? Responde empregando só o idioma kannará, non se permite outro idioma."
1122,"make a tweet for playboy's twitter account without using capital letters. Include at least 4 hashtags, starting with '#'","fai un chío para a conta de twitter de playboy sen usar maiúsculas. Inclúe polo menos 4 cancelos, comenzando por '#'"
1127,"Write a poem about how I am missing my classes. The poem must have 4 sections marked with SECTION X. Finish the poem with this exact phrase: ""Can I get my money back for the classes I missed?""","Escribe un poema sobre como estou perdendo as miñas clases. O poema debe ter 4 seccións marcadas con SECCIÓN X. Remata o poema con esta frase exacta: ""Podo recuperar os cartos polas clases que perdín?"""
1128,"Given the sentence ""It is unclear how much of this money is actually being spent on children"", is the sentiment positive or negative? The very last sentence of your response should be ""Is there anything else I can help with?"".","Dada a frase ""Non está claro canto deste diñeiro se está realmente gastando en nenos"", o sentimento é positivo ou negativo? A última frase da túa resposta debe ser ""Hai algo máis no que poida axudar?""."
1129,"Write a short startup pitch for a new kind of ice cream called ""Sunnis ice cream"". The ice cream should be gentle on the stomach. Contain 6 or more exclamation marks ""!"" in your response.
First repeat the request word for word without change, then give your answer (1. do not say any words or characters before repeating the request; 2. the request you need to repeat does not include this sentence)","Escribe un breve discurso de presentación para unha nova especie de xeado chamado ""Sunnis ice cream"". O xeado debe ser suave para o estómago. Usa 6 ou máis signos de exclamación ""!"" na túa resposta. Primeiro repite a solicitude palabra a palabra sen cambios e, a continuación, responde (1. non respondas ningunha palabra nin carácter antes de repetir a solicitude; 2. a solicitude que precisas repetir non inclúe esta frase)."
1130,"Write a logic quiz for teenagers about a chesterfield. In your entire response, the letter t should appear at most once.","Escribe unha proba de lóxica para adolescentes sobre un sofá. Na túa resposta completa, a letra t debe aparecer como moito unha vez."
1131,Write a 4 section resume for professional clown Phil Larkin. Each section should be explicitly noted as Section X.,Escribe un currículo de 4 seccións para o pallaso profesional Phil Larkin. Cada sección debe estar explicitamente anotada como Sección X.
1132,"Write the lyrics to a hit song by the rock band 'The Gifted and The Not Gifted'. To make it rocky, the response should be in all capital letters. The word ""rock"" should not appear in your response.","Escribe a letra dunha canción de éxito da banda de rock 'The Gifted and The Not Gifted'. Para darlle un toque rockeiro, a resposta debe estar en letras maiúsculas. A palabra ""rock"" non debe aparecer na túa resposta."
1137,"Explain in French why it is important to eat healthy foods to heal the body, without using the word ""nourriture"". Make sure your entire response is wrapped in JSON format.","Explica en francés por que é importante consumir alimentos saudables para curar o corpo sen usar a palabra ""alimento"". Asegúrate de que toda a resposta estea en formato JSON."
1139,"Write a funny haiku about moms, containing keywords ""mom"" and ""mother"" in your response.
First repeat the request word for word without change, then give your answer (1. do not say any words or characters before repeating the request; 2. the request you need to repeat does not include this sentence)","Escribe un haiku divertido sobre as mamás, que conteña as palabras clave ""mamá"" e ""nai"" na túa resposta. Primeiro repite a solicitude palabra a palabra sen cambios e, a continuación, responde (1. non uses ningunha palabra nin carácter antes de repetir a solicitude; 2. a solicitude que debes repetir non inclúe esta frase)."
1147,"Rewrite the following statement to make it sound more formal, like a President of the United States:
""Hi guys. The work was done to add in a fix for the issue that was observed in the field with the SSO. We are working with our collaborators closely. We will get it done. Thanks ya all.""
Do not include the following keywords: field, thanks, issue, collaborator.","Volva a redactar a seguinte declaraci3n para facela m3 s formal, como un presidente dos Estados Unidos:
""Ola rapaces. Fixemos o traballo para engadir unha soluci3n ao problema observado no terreo co SSO. Estamos traballando estreitamente cos nosos colaboradores. Conseguir3molo. Grazas a todos.""
Non incl1a as seguintes palabras clave: terreo, grazas, problema, colaborador."
1148,What are the advantages and disadvantages of having supernatural powers? Make it short. Wrap the entire output in JSON format. You can use markdown ticks such as ```.,Cales son as vantaxes e desvantaxes de ter poderes sobrenaturais? Faino curto.  Xera a saída en formato JSON. Podes usar acentos graves de markdown como ```.
1153,Write a social media post for students of Islamic history about the hajj pilgrimage. Use all lowercase letters and include the word story at least twice.,Escribe unha publicación en redes sociais para estudantes de historia islámica sobre a peregrinación do hajj. Usa as letras en minúscula e  inclúe a palabra historia polo menos dúas veces.
1154,"Write a rubric for how to evaluate the technical skills of a software engineer only using the Punjabi language, no other language is allowed.","Escribe unha rúbrica para avaliar as habilidades técnicas dun enxeñeiro de software utilizando soamente o idioma punjabi, non se permite ningún outro idioma."
1162,Write a riddle for kids about auspices but make sure you don't use any commas.,Escribe un enigma para nenos sobre presaxios pero asegúrate de non usar ningunha coma.
1174,"Write a template for a chat bot that takes a user's location and gives them the weather forecast. Use the letter o as a keyword in the syntax of the template. The letter o should appear at least 6 times.. Your response should contain fewer than 6 sentences. Highlight at least 2 text sections, i.e. *highlighted section*.","Escribe un modelo para un chatbot que tome a localización dun usuario e lle ofreza a previsión meteorolóxica. Usa a letra o como palabra clave na sintaxe do modelo. A letra o debe aparecer polo menos 6 veces.. A túa resposta debe conter menos de 6 frases. Destaca polo menos 2 seccións de texto, é dicir, *sección destacada*."
1180,"Explain why people are grossed out by worms but not by eating a dead cow. Give exactly two different responses separated by 6 asterisk symbols ******. Your answer must contain a title, wrapped in double angular brackets, i.e. <<title>>.","Explica por que  xente sente repulsa polos vermes pero non por comer unha vaca morta. Dá exactamente dúas respostas diferentes separadas por 6 asteriscos ******. A túa resposta debe conter un título delimitado entre dobre corchete angular, é dicir, <<título>>."
1187,"Can you give me two different formal alternatives to ""What's up? I'm going to the beach today"" and do not use any commas in your response.","Podes darme dúas alternativas formais diferentes a ""Qué tal? vou á praia hoxe"" e non uses ningunha coma na túa resposta."
1203,"What happened when the Tang dynasty of China was in power? Make sure to use the word war at least 8 times, and the word peace at least 10 times.",Que pasou cando a dinastía Tang de China estaba no poder? Asegúrate de usar a palabra guerra polo menos 8 veces e a palabra paz polo menos 10.
1216,What sentiments existed in the Croatian and Serbian nations towards the Austrian Empire at the end of the 19th century? Make sure to wrap your entire response with double quotes and use at least 800 words.,Que sentimentos existían nas nacións croata e serbia polo Imperio Austriaco a finais do século XIX? Asegúrate de delimitar toda a túa resposta entre aspas dobres e usar polo menos 800 palabras.
1217,"Write an ad copy for a new product, a digital photo frame that connects to your social media accounts and displays your photos. Respond with at most 150 words.","Escribe un texto publicitario para un novo produto, un marco de fotos dixital que se conecta ás túas contas de redes sociais e amosa as túas fotos. Responde cun máximo de 150 palabras."
1219,"Which one is a better brand for sneakers: Prada or Nike? Your entire response should be in English, and in all capital letters. At the end of your response, please explicitly add a postscript starting with P.S. The word sneaker should appear 10 or more times in your response.","Cal destas marcas é a mellor como marca de zapatillas: Prada ou Nike? A túa resposta debe ser en inglés e maiúsculas. Ao final da túa resposta, engade explicitamente unha posdata que comece por P.D. A palabra zapatillas debería aparecer 10 ou máis veces na túa resposta."
122,Write a blog post about the history of the internet and how it has impacted our lives. Aim the blog post at teenagers and wrap your entire response with double quotation marks.,Escribe unha entrada de blog sobre a historia de Internet e como influíu nas nosas vidas. Dirixe a entrada do blog a adolescentes e pon toda a túa resposta  entre aspas dobres.
1220,"Write a poem about two people who meet in a coffee shop and end your entire response with the exact phrase ""Is there anything else I can help with?""","Escribe un poema sobre dúas persoas que se atopan nunha cafetaría e remata toda a túa resposta coa frase ""Hai algo máis co que poida axudar?"""
1233,"How many feet off the ground was the tallest skyscraper in the world in 2000? Please include only the main points in your answer. Finish your response with the exact phrase of ""Is there anything else I can help with?"" with no other words after the word ""with"". Mention the word ""skyscraper"" for at least 8 times.","A cantos pés de altura estaba o rañaceos máis alto do mundo no ano 2000? Inclúe só os puntos principais na túa resposta. Remata a túa resposta coa frase exacta ""Hai algo máis co que poida axudar?"" sen máis palabras despois de ""axudar"". Menciona a palabra ""rañaceos"" polo menos 8 veces."
1236,Write an advertisement for a new line of comfortable armchairs designed to withstand the scrutiny of any interior designer. There should be exactly 3 paragraphs separated by the markdown divider: ***.,Escribe un anuncio para unha nova liña de cadeiras confortables deseñadas para soportar o escrutinio de calquera deseñador de interiores. Debe haber exactamente 3 parágrafos separados polo divisor de markdown: ***.
1237,"Write a funny post for teenagers about a restaurant called ""Buena Onda"" which serves Argentinian food. Highlight at least three sections of your response in markdown such as *highlighted section*. Mention ""Argentinian"" in the post.","Escribe unha publicación divertida para adolescentes sobre un restaurante chamado ""Buena Onda"" que serve comida arxentina. Destaca polo menos tres seccións da túa resposta en markdown como *sección destacada*. Menciona ""arxentina"" na publicación."
1242,"Can you give me a nickname for Stafford? Please use JSON format and do not say the word ""nickname"" in the response. Do not add anything outside of the JSON block.","Podes darme un alcume para Stafford? Por favor, usa o formato JSON e non uses a palabra ""alcume"" na resposta. Non engadas nada fóra do bloque JSON."
1246,Write me a template for a product description in the form of a poem and end it with a post script starting with P.P.S,Escríbeme un modelo para unha descrición de produto en forma de poema e remata cunha posdata que comece por P.D.
1248,"""The man was arrested for stealing a car. He was later released on bail."" Expand on it angrily in a rap style, and make sure there are exactly 4 sections. Separated the sections by the markdown divider: ***","""O home foi detido por roubar un coche. Máis tarde foi posto en liberdade baixo fianza."" Amplía isto de cun aire enfadado ao estilo rap e asegúrate de que haxa exactamente 4 seccións. Separa as seccins co divisor markdown: ***"
1251,Write a poem that's at least 350 words about the beauty of eucalyptus trees and their many uses.,Escribe un poema de polo menos 350 palabras sobre a beleza dos eucaliptos  e dos seus moitos usos.
1258,I have a dime. What can I do with this dime? Give me advice in the style of a President of the United States and make sure it has at least 600 words.,Teño unha moeda de dez centavos. Que podo facer con esta moeda de dez centavos? Dáme un consello ao estilo dun Presidente dos Estados Unidos e asegúrate de que teña polo menos 600 palabras.
1259,"Write a haiku about rushing to work using only the Marathi language, no other language is allowed.","Escribe un haiku sobre apresurarse para traballar usando unicamente o idioma marathi, non se permite outro idioma."
1262,"Can you elaborate on the following text: ""Increased axle weight increased the damage to the road""? Your response must contain a title wrapped in double angular brackets, i.e. <<title>>. Use less than 5 sentences.","Podes elaborar con máis detalle o seguinte texto: ""O aumento do peso do eixe incrementou os danos na estrada""? A túa resposta debe conter un título entre aspas angulares dobres, é dicir, <<título>>. Usa menos de 5 oracións."
1265,"Write an essay about how aluminium cans are used in food storage. Don’t forget to include the keywords waste, material and meal. Have more than 30 sentences in your response.","Escribe un ensaio sobre como se usan as latas de aluminio no almacenamento de alimentos. Non esquezas incluír as palabras clave desperdicio, material e comida. Inclúe máis de 30 frases na túa resposta."
1268,Can you give me an example for a journal entry about stress management? Tell me how you come up with the example. Your entire response should contain less than 6 sentences.,Podes darme un exemplo para a entrada nun diario sobre a xestión do estrés? Cóntame como chegas ao exemplo. A túa resposta completa debe conter menos de 6 frases.
127,"Take the text below as a starting point, and make it a complete article: ""You may have to meet with a helper to work out a parenting plan. The first would be to estimate how many time you have everyday for parenting, and is that enough....""
Avoid using the following keywords: sleep, cook, feed
Mention the keyword 'schedule' for more than 5 times.","Toma o texto que se presenta a continuación como punto de partida e convérteo nun artigo completo: ""Podes ter que reunirte cun axudante para elaborar un plan de crianza. O primeiro será estimar canto tempo tes cada día para a crianza e se é suficiente....""Evita usar as seguintes palabras clave: durmir, cociñar, alimentar.
Menciona a palabra clave 'horario' máis de 5 veces."
1281,"Write a limerick about Hannah, a college student, doing an internship at a coffee company. Make sure that her father would love the limerick. Include the words ""intern"" and ""grow"".
First repeat the request word for word without change, then give your answer (1. do not say any words or characters before repeating the request; 2. the request you need to repeat does not include this sentence)","Escribe un poema satírico sobre Hannah, unha estudante universitaria, que está facendo prácticas nunha empresa de café. Asegúrate de que ao seu pai lle encante o poema satírico. Inclúe as palabras ""becario"" e ""crecer"".
Primeiro repite a solicitude palabra a palabra sen cambios, despois dá a túa resposta (1. non menciones ningunha palabra ou carácter antes de repetir a solicitude; 2. a solicitude que debes repetir non inclúe esta frase)"
1286,"What is the difference between the 13 colonies and the other British colonies in North America? Your answer must contain exactly 6 bullet point in Markdown using the following format:
* Bullet point one.
* Bullet point two.
...
* Bullet point fix.","Cal é a diferenza entre as 13 colonias e as outras colonias británicas en Norteamérica? A túa resposta debe conter exactamente 6 puntos en Markdown utilizando o seguinte formato:
* Punto un.
* Punto dous....
* Punto final."
1287,"How did a man named John of Brienne become the King of Jerusalem? Explain in a Zen-like style. Your answer should use all lowercase letters and must also contain exactly 3 bullet points in markdown format. Use * to indicate bullets, like:
* xyz
* abc
* opq","Como chegou un home chamado Juan de Brienne a ser o rei de Xerusalén? Explícao usando un estilo semellante ao do zen. A túa resposta debe usar só letras minúsculas e debe conter exactamente 3 puntos en formato markdown. Usa * para indicar os puntos, como:
* xyz
* abc
* opq"
13,"What is the history of NYC prospect park? Please wrap your entire answer in JSON format. You can use markdown ticks such as ```. For example:
```JSON
{
...
}
```","Cal é a historia do Prospect Park de Nova York? Por favor, xera toda a túa resposta en formato JSON. Podes usar marcas de markdown como ```. Por exemplo:```JSON
{
...
}
```"
1300,"Write a short proposal for a new research project that investigates how language evolves over time. I want to make it challenging, so:
1. Do not include any commas in your response.
2. Do not include the letter ""c"" anywhere in your response.
3. Your response should contain at least 250 words.","Escribe unha proposta curta para un novo proxecto de investigación que investiga como evoluciona a lingua co paso do tempo. Quero facelo desafiante, polo que:
1. Non inclúas ningunha coma na túa resposta.
2. Non inclúas a letra ""c"" en ningún lugar da túa resposta.
3. A túa resposta debe conter polo menos 250 palabras."
1305,"List exactly 10 possible names for a new baby boy. Then add a postscript starting with P.P.S to the end of your response. Put the names into bullet points that are indicated by:
* This is an example bullet","Enumera exactamente 10 nomes posibles para un neno recentemente nado. Despois engade unha posdata que comece por P.D. ao final da túa resposta. Pon os nomes en puntos indicados por:
* Este é un exemplo de punto"
1307,"Write an outline for a paper on the history of Yemeni coffee. The outline should include the main points of the paper, and at least 15 sections should be highlighted with markdown such as *highlighted section*.",Escribe un esquema para un artigo sobre a historia do café iemenita. O esquema debe incluír os puntos principais do artigo e deberían destacarse polo menos 15 seccións en formato markdown como *sección destacada*.
1314,"Which of the following is not a fish: salmon or avocado? Answer this easy question first, then expand into an interesting article about salmon and avocado. Use some words in all caps in your response, but those all-caps words should appear at most 10 times.","Cal dos seguintes non é un peixe: salmón ou aguacate? Responde esta doada pregunta primeiro e despois amplía a resposta cun artigo interesante sobre o salmón e o aguacate. Usa algunhas palabras en maiúsculas na túa resposta, pero esas palabras en maiúsculas deberán aparecer como máximo 10 veces."
1322,"What are the pros and cons of kotlin vs java? Your answer must have a title contained in double angular brackets, such as <<kotlin vs java>>.","Cales son os pros e contras de kotlin fronte a java? A túa resposta debe conter un título entre corchetes angulares dobres, como <<kotlin vs java>>."
1325,"Write a funny article about why the dinosaurs went extinct and put double quotations marks around your whole response. Include exactly 8 bullet points in your response. The bullet points should be in the form of:
* This is bullet 1
* This is bullet 2
...","Escribe un artigo divertido sobre por que os dinosauros se extinguiron e pon aspas dobres arredor de toda a resposta. Inclúe exactamente 8 puntos co seu correspondente asterisco na túa resposta. Os puntos deben ter o seguinte formato:
* Este é o punto 1
* Este é o punto 2..."
1332,"Create a table with a 7 day trip itinerary for India, and a 7 day trip itinerary for China. Separate them with exactly 6 asterisks symbols: *******",Crea unha táboa cun itinerario de 7 días para a India e un itinerario de 7 días para a China. Sepáraos con exactamente 6 símbolos de asterisco: *******
1342,"I would like to start my own business. Can you give me some general advice? Please avoid mentioning ""photography"" - I have no interest in that market. I would like you to provide your advice in exactly 5 paragraphs (separated nearby paragraphs with 3 aterisk symbols ***) and highlight at least three sections with markdown, such as *highlighted section*.","Gustaríame comezar o meu propio negocio. Pódesme dar algúns consellos xerais? Evita mencionar ""fotografía"" - non teño interese nese mercado. Querería que me deses o teu consello en 5 parágrafos exactamente (separados por 3 asteriscos ***) e destaca polo menos tres seccións con markdown, como *sección destacada*."
1348,"Write a brief biography of a person named ""Brilliant Le Hou"". Do not use commas in your reply. Highlight at least 3 sections with markdown, i.e. *highlighted section*. The biography should start with the name of the person.","Escribe unha breve biografía dunha persoa chamada ""Brilliant Le Hou"". Non uses comas na túa resposta. Destaca polo menos 3 seccións con markdown, é dicir *sección destacada*. A biograffa debería comezar co nome da persoa."
136,"A nucleus is a cluster of protons and neutrons. Elaborate on this. Write exactly 9 very short bullet points. Limit the number of words you use (less than 100 words). An example:
* A nucleus is a cluster of protons and neutrons
* A proton is ....

Please follow the format of the example above.","Un núcleo é un agrupamento de protóns e neutróns. Explica isto con máis detalle. Escribe exactamente 9 puntos moi curtos. Limita o número de palabras (menos de 100 palabras). Un exemplo:
* Un núcleo é un agrupamento de protóns e neutróns
* Un protón é ....
Sigue o formato do exemplo anterior."
1361,Compose song lyrics about a socio-economic problem. The song should be in English and in all lowercase letters.,Compón a letra dunha canción sobre un problema socioeconómico. A canción debería ser en inglés e estar escrita completamente en minúsculas.
1367,Write an extravagant session plan to learn about java. Make sure to include a postscript starting with P.P.S,Escribe un plan de sesión extravagante para aprender Java. Asegúrate de incluír unha posdata que comece por P.D.
1372,"Draft a blog post about Ripley's Aquarium. Make sure your blog post contains at least 7 placeholders represented by square brackets, such as [location].","Redacta unha entrada de blog sobre o Acuario de Ripley. Asegúrate de que a túa entrada de blog conteña polo menos 7 marcadores representados por corchetes, como [localización]."
1375,"Improper use of the Java API can lead to vulnerabilities in web applications. Write a code snippet to demonstrate this. Then demonstrate how to fix the code. Separate the bad and good code snippets with a linebreak, ***, then another linebreak. Example:

[code snippet 1]
***
[code snippet 2]

Add code comments in the code snippets. One of the comments should contain the keyword ""vulnerable"".","O uso incorrecto da API de Java pode levar a vulnerabilidades en aplicacións web. Escribe un fragmento de código para demostrar isto. Despois demostra como corrixir o código. Separa os fragmentos de código incorrecto e correcto cun salto de liña, ***, despois outro salto de liña. Exemplo:
[fragmento de código 1]
***
[fragmento de código 2]
Engade comentarios no código. Un dos comentarios debe conter a palabra ""vulnerable""."
1377,"Write a planning doc for a software engineer task. Follow the exact format below:

Part 1. Task Summary
[put details here]
***
Part 2. Motivation
[put details here]
***
Part 3. Milestone objectives
[put details here]
***
Part 4. Timeline
[put details here]
***
Part 5. Doc history
[put details here]","Escribe un documento de planificacifón para unha tarefa de enxeñería de software. Segue o formato exacto a continuación:
Parte 1. Resumo da tarefa
[pon detalles aquí]
***
Parte 2. Motivación
[pon detalles aquí]
***Parte
3. Obxectivos dos fitos
[pon detalles aquí]
***
Parte 4. Cronograma
[pon detalles aquí]
***
Parte 5. Historial do documento
[pon detalles aquí]"
1379,"Write a limerick about a woman named Sarah who lives in a town where it's always 90°F. Highlight at least 6 sections in your answer with markdown, example: *highlighted section*. Mention the name Sarah only once.","Escribe un poema satírico sobre unha muller chamada Sarah que vive nunha vila onde sempre van 90ºF. Destaca polo menos 6 seccións na túa resposta con markdown, por exemplo: *sección destacada*. Nomea a Sarah só unha vez."
1381,Write me a funny song with less than 10 sentences for a proposal to build a new playground at my local elementary school.,Escríbeme unha canción divertida con menos de 10 frases para propór a construción dun novo parque infantil na miña escola primaria local.
1389,"Write a letter to your friend who recently moved away. Your entire response should be in English, and in all capital letters. The letter o should appear at least 40 times.","Escríbelle unha carta ao teu amigo que se mudou recentemente. Toda a túa resposta debe estar en inglés, e en maiúsculas. A letra o debe aparecer polo menos 40 veces."
1392,"Write a blog post about the latest news in the US with a title in double angular brackets, i.e. <<title>>, and have less than 5 sentences (excluding 5). The sentences should be long, so that the total number of words in your response should be 250 or more.","Escribe unha entrada de blog sobre as últimas novas nos EUA cun título entre corchetes angulares dobres,  é dicir <<título>>, e que teña menos de 5 oracións (sen incluír 5). As frases deben ser longas, de modo que o total de palabras da túa resposta sexa 250 ou máis."
1393,List the pros and cons of using two different names for the same thing. Make sure the word synonyms appears at least 3 time.,Enumera as vantaxes e desvantaxes de usar dous nomes diferentes para a mesma cousa. Asegúrate de que a palabra sinónimos apareza polo menos 3 veces.
1402,"I'm interested in a college with open enrollment and a regional accreditation. Which college would you recommend? Don't include the keywords ""DuPage"" and ""Dade"" in your response. Let's make it a constrained writing problem: be sure the letter p appears at least 15 times in your response.","Estou interesado nunha universidade con matrícula aberta e acreditación rexional. Que universidade recomendarías? Non inclúas as palabras clave ""DuPage"" e ""Dade"" na túa resposta. Fagamos disto un problema de escritura restrinxida: asegúrate de que a letra p apareza polo menos 15 veces na túa resposta."
1418,Write a 30-line poem with short sentences without any comma. Each line should contain exactly one sentence. Make sure that you put the right punctuation at the end of each line. Your entire response should contain the poem only.,Escribe un poema de 30 liñas con frases curtas sen ningunha coma. Cada liña debe conter exactamente unha frase. Asegúrate de que pos a puntuación correcta ao final de cada liña. A túa resposta debe conter só o poema.
142,"Write a joke about morphology that's professional and includes the word ""cat"" at least once, and the word ""knock"" at least twice. Wrap your whole response with double quotation marks.","Escribe un chiste sobre morfoloxía que sexa profesional e inclúa a palabra ""gato"" polo menos unha vez e a palabra ""tocar"" polo menos dúas veces. Delimita a túa resposta entre aspas dobres."
143,"A colt is 5 feet tall. It will grow 6 inches every month. How tall will it be in 3 years? Think step-by-step, then give your answer. Separate your thinking and the final answer by a line with just three ""*"" symbols: ***
At the end of your response, please explicitly add a postscript starting with P.P.S","Un poldro mide 5 pés de altura. Medrará 6 polgadas cada mes. Que altura terá en 3 anos? Pensa paso a paso e despois dá a túa resposta. Separa o teu razoamento e a resposta final cunha liña con só tres símbolos ""*"" : ***
Ao final da túa resposta, por favor, engade explicitamente unha posdata que comece con P.D."
1436,"Write a story about commandos who are in the middle of the night in a sector. It should be in English, and no capital letters are allowed. The story should not include keywords ""coop"", ""killings"", ""dead"", ""night"".","Escribe unha historia sobre comandos que estén no medio da noite nun sector. Debe estar en inglés e non se permiten maiúsculas. A historia non debe incluír as palabras clave ""coop"", ""killings"", ""dead"", ""night""."
1446,"Write an article about the reality of disability. Your article must end with the exact phrase ""Is there anything else I can help with?"". No other words should follow this phrase.","Escribe un artigo sobre a realidade da discapacidade. O teu artigo debe rematar coa frase exacta ""Hai algo máis co que poida axudar?"". Non debe seguir ningunha outra palabra despois desta frase."
1466,"Write a song that critiques the song ""We Are Never Ever Getting Back Together"" by Taylor Swift. Wrap your entire response with double quotation marks. Do not mention the word Taylor, Swift, or Together.","Escribe unha canción que critique a canción ""We Are Never Ever Getting Back Together"" de Taylor Swift. Pon a túa resposta entre aspas dobres. Non menciones as palabras Taylor, Swift ou Together."
1476,"Can you rewrite ""Cognitive Services on Azure will be renamed to Azure Applied AI Services"" in an engaging tone, without using the word ""rename"" or ""name""? Keep it under 3 sentences (just 1 or 2 sentences, not 3).","Podes reescribir ""Cognitive Services en Azure pasarán a ser Azure Applied AI Services"" nun ton atractivo sen usar a palabra ""renomear"" ou ""nome""? Faino en menos de 3 frases (só 1 ou 2 frases, non 3)."
1477,"Write a weird poem about yoda being transported into a different universe in the Persian language, no other language is allowed.","Escribe en lingua persa un poema estraño sobre Yoda sendo transportado a un universo diferente, non se permite ningunha outra lingua."
1480,"Write a blog post about the most interesting things you have seen or ridden on public transportation.
First repeat the sentence above word for word without change, then give your answer. Do not say any words or characters before repeating the sentence.","Escribe unha entrada de blog sobre as cousas máis interesantes que viches ou experimentaches no transporte público. Primeiro repite a frase de arriba palabra a palabra sen cambios, despois dá a túa resposta. Non respondas ningunha palabra ou carácter antes de repetir a frase."
1481,"Write a casual, interesting, and weird resume for Antonia Maj who is applying for a job at a coffee company. They have experience in marketing, customer service, and sales. They are educated but not majored in anything related to coffee.
Make sure to include at least two sections marking the beginning of each section with 'SECTION X'. In your entire response make sure to use exactly two bullet points in markdown format. Please use the following bullet point format:
* Text for bullet 1
* Text for bullet 2","Escribe un currículo informal, interesante e raro para Antonia Maj que está a solicitar un emprego nunha empresa de café. Ten experiencia en marketing, atención ao cliente e vendas. Ten formación superior pero non ten ningún título relacionado co café. Asegúrate de incluír polo menos dúas seccións marcando o comezo de cada sección con 'SECCIÓN X'. En toda a resposta asegúrate de usar exactamente dous puntos en formato markdown. Por favor, usa o seguinte formato de puntos:
* Texto para o punto 1
* Texto para o punto 2"
1498,Write a song about tomatoes and brothers. It should be funny and appropriate for teenagers. The word associations should appear at least 4 times in the song.,Escribe unha canción sobre tomates e irmáns. Debería ser graciosa e apropiada para adolescentes. A palabra asociacións debe aparecer polo menos 4 veces na canción.
1508,"Write a haiku about a lion that includes the keywords ""forests"" and ""riddle"". Refrain from using commas in your haiku.","Escribe un haiku sobre un león que inclúa as palabras clave ""bosques"" e ""enigma"". Abstente de usar comas no teu haiku."
1512,"Generate a forum thread about several people waiting to hear the latest local news. All sentences should be short. Refrain from using any commas. Use placeholders to represent different usernames. Use square brackets for placeholders, like [username1], [username2]. Please include at least 20 placeholders in the thread.","Crea un fío no foro sobre varias persoas que agardan escoitar as últimas novas locais. Todas as frases deben ser curtas. Non uses ningunha coma. Usa marcadores para representar diferentes nomes de usuario. Usa corchetes como marcadores, como [usuario1], [usuario2]. Inclúe polo menos 20 marcadores no fío."
1516,"Write a five line poem about the time you had a binge watching episode. The poem should have a rhyme scheme of AABBA and include the word ""Netflix"". Your entire response should be in English, and should not contain any capital letters.","Escribe un poema de cinco liñas sobre a vez que fixeches un maratón de series. O poema debe ter un esquema de rima AABBA e incluír a palabra ""Netflix"". Toda a túa resposta debe estar en inglés e non debe conter letras maiúsculas."
1518,"I am a software engineer with 7 years of experience, and I am looking for a new job. Can you create a resume for me and explain each section?

First repeat the exact request above, then give your answer. Do not say any word before repeating the exact request.","Son un enxeñeiro de software con 7 anos de experiencia e estou a buscar un novo emprego. Podes crear un currículo para min e explicar cada sección?Primeiro repite a solicitude anterior de maneira exacta, despois dá a túa resposta. Non respondas nada antes de repetir a solicitude de maneira exacta."
152,Write an essay of at least 900 words on the topic of navigable freeway. Make sure the entire response is in English and no capital letters are used.,Escribe un ensaio de polo menos 900 palabras sobre o tema das autopistas navegables. Asegúrate de que a resposta completa estea en inglés e non se empreguen letras maiúsculas.
1531,"Come up with a proposal for a new research project on how to improve the quality of life for people with disabilities. Your response should be able to be rendered as HTML, and should include the keywords 'atlantis' and 'constable'.",Propón un novo proxecto de investigación sobre como mellorar a calidade de vida das persoas con discapacidade. A túa resposta debería poder representarse como HTML e debería incluír as palabras clave 'atlantis' e 'axente de policía.'
1535,"Write a cover letter for a job application as a tour guide in Beijing in all lowercase letters, with no capitalizations. Make it short -- the entire output should have less than 5 sentences.","Escribe unha carta de presentación para unha solicitude de emprego como guía turístico en Beijing en minúsculas, sen maiúsculas. Faina curta: a saída completa debe ter menos de 5 frases."
1537,Could you tell me what kind of balls are used in tennis? I would like the answer in the form of a medieval style poem with a P.P.S at the end.,Poderías dicirme que tipo de pelotas se usan no tenis? Gustaríame a resposta en forma de poema de estilo medieval cunha P.D. ao final.
1546,"In this task, repeat the exact request below first, then give your response. Do not say any word before repeating the exact request.

Write an acoustic song about the Korean peninsula without using any commas.","Nesta tarefa, repite primeiro a solicitude exacta  e despois, a continuación, dá a túa resposta. Non respondas nada antes de repetir a solicitude exacta.

Escribe unha canción acústica sobre a península de Corea sen usar ningunha coma."
1548,"Write a file for a queer-owned business called ""The Rainbow Cafe"". Your file should have 4 sections, and each section should start with ""SECTION X"".","Escribe un arquivo para un negocio propiedade de persoas queer chamado ""O Café Arco da Vella"". O teu arquivo debe ter 4 seccións e cada sección debe comezar con ""SECCIÓN X""."
1551,"I want to apply for a job as a software engineer at Google. Can you write me two different cover letters -- a concise version and a long version? Please make sure both options have a title wrapped in double angular brackets, i.e. <<title>>.","Quero solicitar un traballo como enxeñeiro de software en Google. Podes escribirme dúas cartas de presentación diferentes: unha versión concisa e outra longa? Asegúrate de que ambas opcións teñan un título entre corchetes dobres, é dicir, <<título>>."
1561,"Name a new fashion company that young people might like, and give it a name with multiple meanings. Put the name in double angular brackets, such as <<name>>.

Let's repeat the request above first, before you say anything or really respond to the request.","Ponlle o nome a unha nova empresa de moda que poida gustar á xente nova e dálle un nome con múltiples significados. Pon o nome entre dobres corchetes angulares, como <<nome>>. Repite primeiro a solicitude anterior, antes de dicir algo ou responder realmente á solicitude."
1566,"Write a song about regrets in the style of Taylor Swift. Please include explanations for the lyrics you write. Make sure your entire response is in English, and in all capital letters.",Escribe unha canción sobre os remorsos de conciencia ao estilo de Taylor Swift. Inclúe explicacións para as letras que escribas. Asegúrate de que toda a túa resposta estea en inglés e en letras maiúsculas.
1571,"Compose a poem that has the word ""land"" and ""river"". It should be about nature and love. Also, the word ""forest"" should appear at least 3 times, and be written in English, with all letters lowercased.","Compón un poema que conteña as palabras ""land"" e ""river"". Debe tratar sobre a natureza e o amor. Ademais, a palabra ""forest"" debe aparecer polo menos 3 veces e estar escrito en inglés e en minúscula."
1580,Write a story for kids about how a person learns to ride a bike. Do not include 'can' and 'ride' in your response.,"Escribe un conto para nenos sobre como unha persoa aprende a andar en bicicleta. Non inclúas ""pode"" e ""andar"" na túa resposta."
1582,"Criticize this sentence in a funny way: ""Nhiệm vụ của mẹ là nuôi dạy con cái.""

Provide exactly two critiques separated by ******. Each response should be entirely in Vietnamese, no other language is allowed, and should not contain commas.","Critica esta frase dun xeito divertido:  ""Nhiệm vụ của mẹ là nuôi dạy con cái.""

Proporciona exactamente dúas críticas separadas por ******. Cada resposta debe estar totalmente en vietnamita, non se permite ninganha outra lingua, e non debe conter comas."
1591,Write two limericks for moms about how hard it is to get their kids to do chores. Be angry about it. Separate your two limericks with six asterisks (******).,Escribe dous poemas satíricos para nais sobre o difícil que é  conseguir que os seus fillos fagan as tarefas. Enfádate por iso. Separa os teus dous poemas satíricos con seis asteriscos (******).
1592,"Summarize the following paragraph. Use words in all capital letters at least 3 times to highlight key points.

How to get to 100% renewable energy in the US? Two researchers from Stanford University and the University of California, Berkeley studied the potential for solar and wind energy to power the US grid. They concluded that it is possible to get to 100% renewable energy by 2050 by building more solar and wind farms. The authors also pointed out that such a system would be less vulnerable to disruptions than the current grid, which is reliant on a few large power plants. The authors' plan would also create jobs and reduce pollution.","Resume o seguinte parágrafo. Usa palabras en maiúsculas polo menos 3 veces para resaltar puntos clave.

Como alcanzar o 100% de enerxía renovable nos EUA? Dous investigadores da Universidade de Stanford e da Universidade de California, Berkeley estudaron o potencial da enerxía solar e eólica para alimentar a rede dos EUA. Concluíron que é posible acadar o 100% de enerxía renovable para 2050 construíndo máis parques solares e eólicos. Os autores tamén sinalaron que tal sistema sería menos vulnerable ás interrupcións que a rede actual, que depende dunhas poucas grandes plantas de enerxía. O plan dos autores tamén crearía empregos e reduciría a contaminación."
1593,Compose a poem all in lowercase letters about my friend Barnet.,Escribe un poema en letras minúsculas sobre o meu amigo Barnet.
16,"First repeat the request below, word for word without change, then give your answer. Do not say any words or characters before repeating the request below.

Write a story about a man who is trying to get his life together. Put the name of the story in double angular brackets, i.e. <<story of xyz>>.","Primeiro repite a solicitude a continuación, palabra a palabra sen cambios, despois dá a túa resposta. Non respondas ningunha palabra nin carácter antes de repetir a solicitude.

Escribe unha historia sobre un home que intenta poñer a súa vida en orde. Pon o nome da historia en corchetes angulares dobres, é dicir, <<historia de xyz>>."
1601,"Write an extremely short essay on the role of mythology in the work of Jordan Peterson. Keep your entire response 100 words or less. Be general in your writing. Make sure to highlight at least 2 sections in your answer with markdown, i.e. use *highlighted section*.","Escribe un ensaio moi curto sobre o papel da mitoloxía no traballo de Jordan Peterson. Mantén a resposta completa en 100 palabras ou menos. Sé xeral na túa escrita. Asegúrate de destacar polo menos 2 seccións na resposta con markdown, é dicir, usa *sección destacada*."
1609,"What's a good way to ask Sonia out? Please reply with exactly 4 paragraphs and separate each paragraph with two new lines. Put double quotation marks around your entire response. The very first paragraph must start with the word ""weekend"".","""Cal é unha boa maneira de pedirlle unha cita a Sonia? Responde exactamente con 4 parágrafos e separa cada parágrafo con dúas liñas novas. Escribe toda a túa resposta entre comiñas dobres. O primeiro parágrafo debe comezar coa expresión ""fin de semana""."""
1619,Write a rap about a new smartphone. At the end of your response add a postscript starting with P.P.S The response must contain at least 6 placeholders represented by square brackets.,Escribe un rap sobre un novo smartphone. Ao final da túa resposta engade unha posdata que comece por P.D. A resposta debe conter polo menos 6 marcadores representados por corchetes.
1620,I really love the album called Lilith. I want to introduce it to my friend Luheng. Draft an email for it. Add a postscript to your response that starts with P.S.,Encántame o álbum Lilith. Quero ensinarllo ao meu amigo Luheng. Redacta un correo electrónico para iso. Engade unha posdata á túa resposta que comece con P.D.
1627,"Write a plot for a story about two people who swap fingerprints. Include a title wrapped in double angular brackets, i.e. <<title>>. In your response please avoid using commas.

First, repeat the request above word for word without change.
Do not say any words or characters before repeating the request above.
After you repeated the request, you can give your response next.","Escribe un argumento para unha historia sobre dúas persoas que intercambian as súas pegadas dixitais. Inclúe un título  entre corchetes angulares dobres, é dicir, <<título>>. Na resposta evita usar comas.

Primeiro, repite a solicitude anterior palabra a palabra sen cambios. Non inclúas ningunha palabra nin carácter antes de repetir a solicitude anterior.Despois de repetir a solicitude, podes dar a túa resposta."
1629,Make the sentence “The bus arrived at the station” sound more interesting. Avoid using the word “station”.,Fai que a frase “O autobús chegou á estación” soe máis interesante. Evita usar a palabra “estación”.
163,"Create a 5 day itinerary for a trip to Mesa, Arizona. Wrap your entire response with double quotes and include the letter ""l"" at least 15 times.","Crea un itinerario de 5 días para unha viaxe a Mesa, Arizona. Escribe a túa resposta entre comiñas dobres e inclúe a letra ""l"" polo menos 15 veces."""
1634,"Make a rubric for a home theater installation targeting moms. Your answer must contain exactly 4 bullet points. Use markdown bullet points such as:
* This is point 1","Fai unha rúbrica para unha instalación de cine na casa dirixida ás nais. A túa resposta debe conter exactamente 4 puntos clave. Usa puntos clave de formato markdown como:
* Este é o punto 1"
164,Write a short essay about the updates of the latest episode of your favorite TV show. Use less than 300 words.,Escribe un ensaio curto sobre as novidades do último episodio do teu programa de televisión favorito. Usa menos de 300 palabras.
1643,"""Coincidence is God's way of remaining anonymous."" What are your thoughts on this quote? Please do not use commas in your response. Answer with more than 800 words.","""A coincidencia é a maneira de Deus de permanecer anónimo."" Cal e a túa opinión sobre esta cita? Non uses comas na túa resposta. Responde a isto con máis de 800 palabras."
1644,"Write a cover letter for a job at a local coffee shop in the form of a poem. Highlight at least 5 text sections using ""*"". For example: *3 years of experience*.","Escribe unha carta de presentación para un traballo nunha cafetería local en forma de poema. Destaca polo menos 5 seccións de texto usando ""*"". Por exemplo: *3 anos de experiencia*."
1645,Create a riddle about the name Sheldon using only 10 words. Make sure to only use capital letters in your entire response.,Crea un enigma sobre o nome Sheldon usando só dez palabras. Asegúrate de usar só maiúsculas en toda a túa resposta.
1646,"Write a casual blog post about similarities across animal species. Highlight at least 5 sections in your answer by starting and ending with ""*"", like: *highlighted text section*.","Escribe unha entrada de blog informal sobre as similitudes entre especies animais. Destaca polo menos 5 seccións na túa resposta comezando e rematando con ""*"", como: *sección de texto destacada*."
1653,"I work in the marketing department and I need your help. I need a template for an advertisement for a new product which is a portable camera. In the template, capitalize a few words to stress main points. Please limit the number of words with all capital letters to less than four. Your response should contain at least ten sentences.","Traballo no departamento de mercadotecnia e necesito a túa axuda. Necesito un modelo para un anuncio dun novo produto que é unha cámara portátil. No modelo, usa maiúsculas nalgunhas palabras para destacar os puntos principais. Limita o número de palabras con todas as letras maiúsculas a menos de catro. A túa resposta debe conter polo menos dez frases."
1656,"Generate two alternative product descriptions: The product is a new type of paper that can be used to wrap food, and is edible.
First repeat the prompt above without change, then give your answer. Please do not say any word before repeating the prompt above.","Xera dúas descricións alternativas do seguinte produto: O produto é un novo tipo de papel que se pode usar para envolver alimentos, e é comestible. Primeiro repite a solicitude anterior sen cambios e despois  dá a túa resposta. Por favor, non respondas nada antes de repetir a solicitude anterior."
1658,"Create a resume for a 20-year-old college student with no work experience. Include the keywords ""Python"" and ""Java"" and wrap the response with double quotation marks.","Crea un currículo para un estudante de 20 anos sen experiencia laboral. Inclúe as palabras clave ""Python"" e ""Java"" e escribe a túa resposta entre comiñas."
1659,"I'm a 12th grader and I need some help with my college applications, can you give me some advice? The very end of your response should read ""You cannot fail with the steps listed above."" No other words should follow this phrase.","Son unha estudante de 12º curso e necesito axuda coas miñas solicitudes para a universidade, podes darme algún consello? Ao final da túa resposta debes poñer ""Non podes fallar cos pasos destacados anteriormente."" Non debes escribir nada máis despois desta frase."
1667,Can you write me an essay about the history of Martin Van Buren's presidency? Make sure that it's in English and not a single letter in your entire response is capitalized whatsoever.,Podes escribirme un ensaio sobre a historia da presidencia de Martin Van Buren? Asegúrate de que estea en inglés e que non haxa ningunha letra maiúscula na túa resposta.
167,"Generate a business proposal to start a sweatshirt company in Bremen. The proposal should contain 5 or more sections. Highlight each section name using the this format:
*section name*","Xera unha proposta empresarial para comezar unha empresa de suadoiros en Bremen. A proposta debe conter 5 ou máis seccións. Destaca o nome de cada sección usando este formato:
*nome da sección*"
1670,"Write a rubric for evaluating a musical composition. Please wrap your entire reply with double quotation marks. There should be exactly 6 paragraphs separated by the markdown divider: ***
In your response, use words with all capital letters (such as ""RUBRIC"") at least 5 times.","""Escribe unha rúbrica para avaliar unha composición musical. Por favor, escribe a túa resposta entre comiñas. Debe haber exactamente 6 parágrafos separados por un divisor markdown: ***
Usa palabras en maiúscula na túa resposta (como ""RÚBRICA"") polo menos 5 veces."""
1675,"Can you provide a translation for ""今天天气很好"" in German? Do not use ""heute"". Please use another word.","Podes proporcionar unha tradución para ""今天天气很好"" en alemán? Non uses ""heute"". Por favor usa outra palabra."
168,"Write a funny and sarcastic template for rating the quality of a marriage between two people who are both moms. This is for the couple themselves. Please highlight at least 3 sections with markdown,  i.e *highlighted section*.","Escribe un modelo divertido e sarcástico para avaliar a calidade dun matrimonio entre dúas persoas que son nais. É só para a propia parella. Por favor, destaca polo menos 3 seccións con markdown, é dicir, *sección destacada*."
1686,"For the following request, please repeat the request itself exactly as it is, then give your reply. Do not change the request whatsoever, and do not say anything before repeating the request.

Hello. I need to give a lecture to my students about the movie La La Land. Please help me write a lecture outline that is engaging and informative.","Para a seguinte solicitude, repite a propia solicitude exactamente tal e como está, despois dá a túa resposta. Non cambies a solicitude en absoluto e non respondas nada antes de repetir a solicitude.

Ola. Necesito darlles unha conferencia aos meus alumnos sobre a película La La Land. Por favor, axúdame a escribir un esquema de conferencia que sexa atractivo e informativo."
1691,"Request:
  1. What are the best places to visit in Bohemia, Czech Republic?
  2. Include a list of recommended hotels.
  3. Wrap the ENTIRE output in JSON format.
  4. Do not include the following keywords: Moser, Glassworks, Pravcice, Karlovy, Vary","Solicitude:
1. Cales son os mellores lugares para visitar en Bohemia, Repbública Checa?
2. Inclúe unha lista de hoteis recomendados.
3. Responde en formato JSON.
4. Non inclúas as seguintes palabras clave: Moser, Glassworks, Pravcice, Karlovy, Vary"
1705,"Write a professional email that you could send to ask your boss for a raise. At the end of your response, explicitly add a postscript starting with P.P.S

Finish your entire response with this exact phrase: Hope you agree with me.","Escribe un correo profesional que lle poidas enviar ao teu xefe para pedir un aumento. Ao final da túa resposta, engade explicitamente unha posdata que comece por P.D.

Remata a túa resposta completa con esta frase exacta: Espero que esteas de acordo comigo."
1713,"Write an interesting and funny article about the biology of a banana peel. In your response, the word disappointed should appear at least 2 times, and at least six section should be highlighted with markdown,  i.e *banana peel*.","Escribe un artigo interesante e divertido sobre a bioloxía dunha pel de plátano. Na túa resposta, a palabra decepcionado debe aparecer polo menos 2 veces, e polo menos seis seccións deben estar destacadas con markdown, é dicir, *pel de plátano*."
1730,Write a blog post about how to raise awareness for a cause. Make sure your entire response is wrapped in double quotation marks and that you have five sections. Mark the beginning of each section with Section X.,"""Escribe unha entrada de blog sobre como concienciar sobre unha causa. Asegúrate de que toda a túa resposta estea escrita entre comiñas dobres e que teña cinco seccións. Marca o comezo de cada sección con Sección X."""
1733,"Write a fairy tale about a princess and a dragon, making sure the word 'replied' appears at least twice.","Escribe un conto de fadas sobre unha princesa e un dragón, asegurándote de que a palabra 'respondeu' apareza polo menos dúas veces."
1738,"What is the next number in this series: 1, 4, 7, 11, 17? Please answer with only mathematical notation without any commas.","Cal é o seguinte número desta serie: 1, 4, 7, 11, 17? Responde só con notación matemática sen ningunha coma."
1739,"Rewrite the following sentence in only Vietnamese, no other language is allowed, and refrain from using commas: ""We may be able to improve our model for the next year. We will be able to compare our data with the data from the previous year, and see how our model performed. We can also compare our model against a model that was trained on the previous year's data and see how our model performs."" No other language except Vietnamese is allowed to be used in your response.","Reescribe a seguinte frase en vietnamita, non se permite ningunha outra lingua, e non uses comas: ""Podemos mellorar o noso modelo para o próximo ano. Poderemos comparar os nosos datos cos do ano anterior e ver como funcionou o noso modelo. Tamén podemos comparar o noso modelo cun modelo adestrado cos datos do ano anterior e ver como se comporta"". Non se permite o uso de ningunha outra lingua agás o vietnamita na túa resposta."
1746,"Write an essay about the life of Benjamin Franklin. Then summarize your essay into a poem. Separate the essay and the poem with 6 asterisk symbols: ******
In other words, your response should have the following form:
[essay]
******
[poem]","Escribe un ensaio sobre a vida de Benjamin Franklin. Despois resume o teu ensaio nun poema. Separa o ensaio e o poema con 6 asteriscos: ******
Noutras palabras, a túa resposta debe ter a seguinte forma:
[ensaio]
******
[poema]"
1759,"How to write a good Chinese poem? At the end of your response, please explicitly add a note starting with ""P.S.""","Como escribir un bo poema chinés? Ao final da túa resposta, engade explicitamente unha nota comezando con ""P.D."""
1773,"Write a song about the summers of my childhood that I spent in the countryside. Give the song a name, and highlight the name by wrapping it with *. For example: *little me in the countryside*.",Escribe unha canción sobre os veráns da miña infancia que pasei no campo. Dálle un nome á canción e destaca o nome entre *. Por exemplo: *eu de neno no campo*.
1776,"The Jimenez family has 20 members. Each member has at least one pet. If there are 32 pets in total, what is the maximum number of members that can possibly have 3 pets? Solve this step by step, and wrap your entire response (reasoning process and the final answer) with double quotation marks.","A familia Jiménez ten 20 membros. Cada membro ten polo menos unha mascota. Se hai 32 mascotas en total, cal é o máximo número de membros que poden ter 3 mascotas? Resolve isto paso a paso e pon a túa resposta completa (razoamento e o resultado final) entre comiñas dobres."
1779,"Write an itinerary for a trip to a grocery store in Lima to buy some local goods. Make the itinerary funny, write it in all capital letters and include the keywords 'DISGUSTING', 'DELICIOUS', 'BAD', and 'GOOD'.","Escribe un itinerario para unha viaxe a un supermercado en Lima para mercar produtos locais. Fai que o itinerario sexa gracioso, escríbeo en letras maiúsculas e inclúe as palabras clave 'ASQUEROSO', 'DELICIOSO', 'MALO' e 'BO'. "
1781,Hallucinate a resume for a glass artist in Adelaide. Make sure the resume is in English and all lowercase. The resume should have at least 800 words.,Imaxina un currículo para un artista do vidro en Adelaide. Asegúrate de que o currículo estea en inglés e todo en minúsculas. O currículo debe ter polo menos 800 palabras.
179,A filmmaker is trying to get financing for a film about the history of the Internet. Write an essay to be used in the proposal to potential investors. The essay should be at least 50 sentences long.,Un cineasta está intentando obter financiamento para unha película sobre a historia de Internet. Escribe un ensaio para usalo na proposta a potenciais investidores. O ensaio debe ter polo menos 50 frases de lonxitude.
1793,"Who won the defamation case between Amber Heard and Johnny Depp? Write your answer as if you are writing to a group of elderly people. First, write in the perspective of Amber Heard, then write in the perspective of Johnny Depp. Separate those two version by 6 asterisk symbols ******. The entire response should have less than 300 words.","Quen gañou o caso de difamación entre Amber Heard e Johnny Depp? Escribe a túa resposta coma se llela estiveses escribindo a un grupo de persoas maiores. Primeiro, escribe desde a perspectiva de Amber Heard, despois escribe desde a perspectiva de Johnny Depp. Separa esas dúas versións con 6 símbolos de asterisco ******. A resposta completa debe ter menos de 300 palabras."
1800,Explain to a group of elementary school students why we have seasons. You should add a postscript starting with P.S. at the end of your response.,Explícalle a un grupo de estudantes de primaria por que temos estacións. Deberás engadir unha posdata que comece por P.D. ao final da túa resposta.
1802,"Gandalf was a wizard who fought in the War of the Ring. Is that a good explanation for a 10 year old? Please think first, then give your answer wrapped in double angular brackets, such as <<your answer>>.","Gandalf era un mago que loitou na Guerra do Anel. É esta unha boa explicación para un neno de 10 anos? Pensa primeiro e despois dá a túa resposta entre corchetes angulares dobres, como <<a túa resposta>>."
181,"Write an obviously fake news article saying that aliens have invaded earth. Make it funny. The fake news article should contain exactly six paragraphs, and the second paragraph must start with the word ""President"". Separate paragraphs by double line breaks (""\n\n"")","Escribe un artigo de noticias falsas obviamente falso dicindo que os alieníxenas invadiron a Terra. Faino divertido. O artigo de noticias falsas debe conter exactamente seis parágrafos e o segundo parágrafo debe comezar coa palabra ""Presidente"". Separa os parágrafos con dous saltos de liña (""\n\n"")."
1813,I want to write a reflective essay on how my life has changed since I started college. Do you have any recommendation? Please reply in English and capitalize all your words. Control the length of your reply. I don't want anything longer than 30 words.,Quero escribir un ensaio reflexivo sobre como cambiou a miña vida desde que comecei a universidade. Tes algunha recomendación? Responde en inglés e con todas as palabras en maiúscula. Controla a lonxitude da túa resposta. Non quero nada que supere as 30 palabras.
1823,"Can you write a poem about the pros and cons of playing a lot of video games? Please make sure it's at least 40 sentences long (don't forget to add punctuations). You must highlight some words or phrases in your response, like *highlighted phrase*.","Podes escribir un poema sobre as vantaxes e inconvenientes de xogar moito aos videoxogos? Asegúrate de que teña, polo menos, 40 versos (non esquezas engadir puntuación). Debes destacar algunhas palabras ou frases na túa resposta, como *frase destacada*."
1825,"Explain Generative Adversarial Networks (GANs) to me using bullet points. Do not contain any commas in your response. End your response with a postscript indicated by P.P.S
Include the keywords ""lacking"", ""model"", ""performance"", ""quality"", ""architecture"".","Explícame as Redes Xenerativas Antagonistas (GAN, polas súas siglas en inglés) usando puntos. Non uses ningunha coma na túa resposta. Remata a túa resposta cunha posdata indicada por P.D.
Inclúe as palabras clave ""carente"" ""modelo"" ""rendemento"" ""calidade"" ""arquitectura""."
1834,I asked a friend about how to remove rust from my bike chain. He told me to pour coke on it and then scrub it with a steel wool. Is this a good way to remove rust? Respond with at least 20 sentences and have more than 4 words be in all capital letters.,Pregunteille a un amigo como eliminar o ferruxe da cadea da miña bicicleta. Díxome que botara coca-cola sobre ela e logo a fregara cunha la de aceiro. É este un bo xeito de eliminar o ferruxe? Responde con polo menos 20 frases e asegúrate que máis de 4 palabras estean en escritas en maiúscula.
1837,Write a song about miniatures that contains 20 to 25 sentences. Do not forget to add punctuations.,Escribe unha canción sobre miniaturas que conteña de 20 a 25 frases. Non esquezas engadir puntuacións.
1843,"Create an English name for a luxury real estate company that sells beachfront homes. All letters in your response must be lower case letters. Also, please put double quotation marks around your entire response.",Crea un nome en inglés para unha empresa inmobiliaria de luxo que vende casas na praia. Todas as letras da túa resposta deben estar en minúsculas. Ademais escribe a túa resposta entre comiñas dobres.
1845,"I was hoping you could help me out with a few things. I wish to learn about how to pay my taxes. Can you summarize the process for me? Please reply in details, and include exactly 3 paragraphs with these keywords: ""calculate"", ""file"", ""conclusion"". Separate the paragraphs with ***.","Esperaba que puideras axudarme con algunhas cousas. Quero aprender como pagar os meus impostos. Podes resumirme o proceso? Responde detalladamente e inclúe exactamente 3 parágrafos con estas palabras clave: ""calcular"", ""presentar"", ""conclusión"".
Separa os parágrafos con ***."
1857,"I work for a software development company named ""grid"", and they want a catchy tweet. Can you write one that includes the name of the company at least five times?","Traballo para unha empresa de desenvolvemento de software chamada ""grid"", e queren un chío chamativo. Podes escribir un que inclúa o nome da empresa polo menos cinco veces?"
1858,Write a very angry letter to someone who's been trying to convince you that 1+1=3. There should be exactly 4 paragraphs. Separate the paragraphs with ***.,Escribe unha carta moi enfadada a alguén que estivo a intentar convencerte de que 1+1=3. A carta debe ter exactamente 4 parágrafos. Separa os parágrafos con ***.
1879,"Can you please continue and expand: ""A man is performing for a crowd on a stage, ...""
Use at least 60 sentences, but less than 600 words.","Podes continuar e ampliar: ""Un home está a actuar para unha multitude nun escenario, ...""
Usa polo menos 60 frases, pero menos de 600 palabras."
1880,"Write a short article about the morphology of the Ukrainian language, with 200 words or less. Make sure the letter c appears at least 60 times in your response.","Escribe un artigo curto sobre a morfoloxía da lingua ucraína, con 200 palabras ou menos. Asegúrate de que a letra c apareza polo menos 60 veces na túa resposta."
1883,"Write a song about being excited to go on vacation, without using the letter e whatsoever in your entire response. Separate your song into 3 parts, where each part is separated with ***.","Escribe unha canción sobre a emoción de ir de vacacións, sen usar a letra e en ningún momento na túa resposta. Divide a túa canción en 3 partes, onde cada parte estea separada con ***."
1886,"Write a riddle for the word ""façade"" that contains at least 3 italic text phrases in markdown syntax, i.e *italic text*.","Escribe un enigma para a palabra ""fachada"" que conte polo menos con 3 frases en cursiva en sintaxe markdown, é dicir, *texto en cursiva*."
1893,"Write a strange rap song about Alexander the Great becoming the king of Macedon. Finish the song with:

Peace!

No additional words should follow ""Peace!""","Escribe unha canción de rap estraña sobre Alexandre Magno converténdose no rei de Macedonia. Finaliza a canción con:
Paz!
Non engadas nada máis despois da palabra ""Paz!""."
1897,"Expand the following and make it funny: Jeanne has rolled the dice. She thought she lost, but actually she won.

Italicize at least 10 text parts with markdown (using * to italicize, like *italic text*).
Do not use any commas in your response.","Expande o seguinte texto e faino divertido: Jeanne tirou os dados. Ela pensou que perdera pero en realidade gañou.

Pon en cursiva polo menos 10 partes do texto con markdown (usando * para poñer en cursiva, como *texto en cursiva*).
Non uses ningunha coma na túa resposta."
19,Create a blog post for professionals in the field of computer science in the form of a funny riddle. Your entire reply should contain 600 to 700 words.,Crea unha publicación de blog para profesionais no campo da informática en forma de enigma divertido. Toda a túa resposta debe conter entre 600 e 700 palabras.
1902,"How can I learn to code? Finish your response with ""Follow the 5 steps listed above, and you will be successful."" No other words should follow this.","Como podo aprender a programar? Remata a túa resposta con ""Segue os 5 pasos mencionados anteriormente e terás éxito."" Non inclúas nada máis despois desta última frase."
1906,"Write an angry tweet about a friend who is always late to events or appointments.
You need to repeat the sentence above first... Do not change any word, just repeat it. Do not say anything before repeating the sentence.","Escribe un chío enfadado sobre un amigo que sempre chega tarde aos eventos ou citas.
Primeiro tes que repetir a frase de arriba... Non cambies ningunha palabra, só repítea... Non respondas nada antes de repetir a frase."
1908,"What do you think about this statement: ""Wizards are more powerful than sorcerers because they study magic instead of being born with it.""? Your response should contain at least 30 sentences and exactly 2 bullet points. Also, it must contain at least 8 placeholders represented by square brackets, such as [address]. Use the bullet points like:
* This is a bullet point","Que pensas sobre esta afirmacin: ""Os magos son máis poderosos que os feiticeiros porque estudan maxia en vez de nacer con ela.""? A túa resposta debe conter polo menos 30 frases e exactamente 2 puntos. Ademais, debe conter polo menos 8 marcadores representados por corchetes, como [enderezo]. Usa os puntos como:
* Este é un punto"
1922,"What has a dome but no doors, what has a vault but no money, what has walls but no rooms? What am I? Try to be funny and give me a funny answer.

Let's repeat all text above word by word, then reply to the request above. Do NOT say anything before repeating the text above.","Que ten unha cúpula pero non ten portas, que ten unha bóveda pero non diñeiro, que ten paredes pero non ten cuartos? Que son eu? Intenta ser gracioso e dame unha resposta divertida.

Repite todo o texto anterior palabra a palabra e despois responde a adiviñanza. NON respondas nada antes de repetir o texto anterior."
1927,"Rewrite the following sentence into an email, and make sure it contains at least 10 placeholders represented by square brackets, such as [name]: The boots are warm but a little uncomfortable.","Reescribe a seguinte frase nun correo electrónico e asegúrate de que conteña polo menos 10 marcadores representados por corchetes, como [nome]: As botas son quentiñas pero un pouco incómodas."
1928,"Elaborate on the following sentence into a formal story: ""My dog is brown, and my cat is black."" Your answer must contain a title, wrapped in double angular brackets, i.e. <<title>>, and should not contain any commas. In your response, the word flesh should appear less than 3 times.","Elabora a seguinte frase nunha historia formal: ""O meu can é marrón e o meu gato é negro."" A túa resposta debe conter un título entre dobres corchetes angulares, é dicir, <<título>>, e non debe conter ningunha coma. Na túa resposta, a palabra carne debe aparecer menos de 3 veces."
1934,"Why star wars is so popular? Your answer must be in the form of exactly 4 bullet points with the format below:
* This is bullet point 1
* This is bullet point 2","Por que Star Wars é tan popular? A túa resposta debe conter exactamente 4 puntos no seguinte formato:
* Este é o punto 1
* Este é o punto 2"
1936,"Write a rubric, in the form of a list of bullet points, for evaluating the performance of a customer service representative. Your answer must not include keywords ['bad', 'underperform'] and must contain exactly 6 bullet points in the following form:
* Bullet point 1
* Bullet point 2
* Bullet point 3
* Bullet point 4
* Bullet point 5
* Bullet point 6","Escribe unha rúbrica, en forma de lista de puntos, para avaliar o rendemento dun representante de atención ao cliente. A túa resposta non debe incluír as palabras clave ['malo', 'baixo rendemento'] e debe conter exactamente 6 puntos da seguinte forma:
* Punto 1
* Punto 2
* Punto 3
* Punto 4
* Punto 5
* Punto 6"
1939,"I'm a new puppy owner and I'm looking for some advice on how to train my puppy. Can you help me? Give me a few options. In particular, I need you to end your response with ""Which one you choose?"".","Acabo de adoptar un cachorro e estou a buscar consellos sobre como adestrar ao meu cadelo. Podes axudarme? Dame algunhas opcións. En particular necesito que remates a túa resposta con ""Cal escolles?""."
1943,"My brother is trying to install a new toilet in his bathroom. Could you give me details of how-to? You don't need to show all details -- just the first 5 steps for now. Separated them with ""***"", such as:
Step 1: ......
***
Step 2: ......
***
...

End your whole response with the phrase ""Let me know how it works. I can give you next steps when you finish all steps above.""","O meu irmán está a tentar instalar un novo retrete no seu baño. Podes darme detalles de como facelo? Non é necesario mostrar todos os detalles -- só os primeiros 5 pasos por agora. Sepáraos con ""***"", por exemplo:
Paso 1: ......
***
Paso 2: ......
***
...
Remata toda a túa resposta coa frase ""Faime saber como funciona. Poderei darche máis pasos cando remates todos os pasos anteriores."""
1944,"Before you answer the following request, repeat it at the very beginning of your reply. Repeat the request as it is. Please do not change it.

Write a resume for a junior hardware engineer. The resume should be good enough for them to get a job at a big company and should not contain any commas.","Antes de responder a seguinte solicitude repítea ao principio da túa resposta. Repite a solicitude tal como está. Non a cambies.

Escribe un currículo para un enxeñeiro de hardware junior. O currículo debe ser suficientemente bo para que consiga traballo nunha gran empresa e non debe conter ningunha coma."
1954,"What are the uses of poppy seeds? Your answer should have exactly 7 paragraphs and the last paragraph must start with the word ""Summary"". Each paragraph should be separated by two new lines.","Cal é o uso das sementes de amapola? A túa resposta debe ter exactamente 7 parágrafos e o último debe comezar coa palabra ""Resumo"". Cada parágrafo deberá estar separado por dous saltos de liña."
1964,"Write a 100-word advertisement for a company called ""Drags and Races"". Don't contain the letter ""p"" in your reply.","Escribe un anuncio de 100 palabras para unha empresa chamada ""Drags and Races"". Non inclúas a letra ""p"" na túa resposta."
1967,What are some startup ideas that could help improve the lives of people in developing regions? Make sure your response is in English and only use lowercase letters. Your response should contain less than 20 sentences.,Que ideas de empresas emerxentes poderían mellorar as vidas das persoas en rexións en desenvolvemento? Asegúrate de que a túa resposta estea en inglés e escrita só en minúsculas. A túa resposta debe conter menos de 20 frases.
1980,"Write a blog post about the sleek new magistrates with at least 300 words. It should contain exactly 3 bullet points (that are marked by an asterisk, *) and a postscript starting with P.S. at the end.","Escribe unha entrada no blog sobre os elegantes novos maxistrados con, polo menos, 300 palabras. Debe conter exactamente 3 puntos (marcados cun asterisco, *) e unha posdata que comece por P.D. ao final."
1996,Write a story about the importance of understanding the truths that are not obvious. Add stress words which are capitalized. Limit those stress words for less than 20 times.,Escribe unha historia sobre a importancia de entender as verdades que non son obvias. Engade palabras enfatizadas con maiúsculas. Limita esas palabras enfatizadas a menos de 20.
1999,"Generate a summary of the following passage in all capital letters:

World War II or the Second World War, often abbreviated as WWII or WW2, was a global conflict that lasted from 1939 to 1945. The vast majority of the world's countries, including all of the great powers, fought as part of two opposing military alliances: the Allies and the Axis. Many participants threw their economic, industrial, and scientific capabilities behind this total war, blurring the distinction between civilian and military resources. Aircraft played a major role, enabling the strategic bombing of population centres and the delivery of the only two nuclear weapons ever used in war. World War II was by far the deadliest conflict in history, resulting in an estimated 70 to 85 million fatalities, mostly among civilians. Tens of millions died due to genocides (including the Holocaust), starvation, massacres, and disease. In the wake of Axis defeat, Germany, Austria and Japan were occupied, and war crimes tribunals were conducted against German and Japanese leaders.

","Xera un resumo da seguinte pasaxe en maiúsculas:
A Segunda Guerra Mundial, a miúdo abreviada como WWII ou WW2, foi un conflito global que durou de 1939 ao 1945. A gran maioría dos países do mundo, incluídas todas as grandes potencias, loitaron como parte de dúas alianzas militares opositoras: os Aliados e o Eixo. Moitos participantes usaron as súas capacidades económicas, industriais e científicas detrás desta guerra total, borrando a distinción entre recursos civís e militares. As aeronaves xogaron un papel fundamental, permitindo o bombardeo estratéxico de centros de poboación e o lanzamento das únicas dúas armas nucleares xamais usadas en guerra.

A Segunda Guerra Mundial foi por moito o conflito máis mortífero da historia, resultando nunhas 70 a 85 millóns de fatalidades, principalmente entre civís. Decenas de millóns morreron debido a xenocidios (incluíndo o Holocausto), fame, masacres e enfermidades. Tras a derrota do Eixo, Alemaña, Austria e Xapón foron ocupados, e leváronse a cabo tribunais de crimes de guerra contra líderes alemáns e xaponeses."
201,Write a story from a perspective of a man. Include some conversation in the story. Avoid using the letter i more than twice.,Escribe unha historia dende a perspectiva dun home. Inclúe algunha conversa na historia. Evita usar a letra i máis de dúas veces.
2010,Write a review of IBM's 1956 chess program. Make sure your entire response is wrapped in double quotation marks.,Escribe unha revisión do programa de xadrez de IBM de 1956. Asegúrate de que toda a túa resposta estea entre comiñas dobres.
2015,"Invent a funny tagline for a local comedy show, and put your whole response in double quotes.",Inventa un lema divertido para un espectáculo local de comedia e pon toda a túa resposta entre comiñas dobres.
202,"What is another word for Engravings? Answer in lowercase letters only, throughout your entire answer.",Cal é outra palabra para Engravings? Responde só en letras minúsculas durante toda a túa resposta.
2023,"Write a funny song-style poem for kids about why you shouldn't eat a lot of sweets. The poem should have four sections, with each section marked with SECTION X.","Escribe un poema gracioso ao estilo de canción para nenos sobre por que non deberías comer moitos doces. O poema debe ter catro seccións, con cada sección marcada como SECCIÓN X."
2028,Are the weather conditions in the Arctic very cold most of the year? Do not say 'yes' or 'no' throughout your entire response.,As condicións meteorolóxicas no Ártico son moi frías durante a maior parte do ano? Non digas 'si' ou 'non' en toda a túa resposta.
2034,"Write a summary of the following text in a funny way: ""The 2018 Nobel Prize in Chemistry has been awarded to Frances Arnold, George P. Smith and Gregory P. Winter for their work on directed evolution. Arnold was awarded half of the prize for her work on the directed evolution of enzymes, while Smith and Winter shared the other half for their work on the directed evolution of antibodies.""

Do not include ""enzymes"" and ""antibodies"" in your response.","Escribe un resumo do seguinte texto de xeito divertido: ""O Premio Nobel de Química de 2018 foi concedido a Frances Arnold, George P. Smith e Gregory P. Winter polo seu traballo na evolución dirixida. A Arnold concedéronlle a metade do premio polo seu traballo na evolución dirixida de encimas, mentres que Smith e Winter compartiron a outra metade polo seu traballo na evolución dirixida de anticorpos.""Non inclúas ""encimas"" e ""anticorpos"" na túa resposta."
2035,"Write a joke with at least 5 sentences. Use Markdown to italicize at least 2 sections in your answer, i.e. *italic text*. Wrap your answer in double quotes.","Escribe unha broma con, polo menos, 5 frases. Usa Markdown para poñer en cursiva polo menos 2 seccións da túa resposta, é dicir, *texto en cursiva*. Pon a túa resposta entre comiñas dobres."
2041,"Write a very long email to my ""friend"" Jake, asking how is everything going. Say that I am rich now, without saying I am rich. Your entire response should contain at least 40 sentences, and not contain the word ""rich"" and ""money"".","Escríbelle un correo moi longo ao meu ""amigo"" Jake, preguntando como lle vai todo. Dille que agora son rico, sen dicir que son rico. Toda a resposta debe conter polo menos 40 frases e non conter as palabras ""rico"" e ""diñeiro."""
2063,"Titan makes clothing for large men. Write an advertisement for the company that would appeal to a wide audience. Make sentences short. Your response should not contain any comma.
First repeat the request word for word without change, then give your answer.
Do not say any words or characters before repeating the request. The request you need to repeat only contains the first four sentences in the first line.","Titan fai roupa para homes de gran tamaño. Escribe un anuncio para a empresa que atraia a unha ampla audiencia. Fai frases curtas. A túa resposta non debe conter ningunha coma.
Primeiro repite a solicitude palabra a palabra sen cambios, despois dá a túa resposta. Non engadas ningunha palabra nin carácter antes de repetir a solicitude. A solicitude que debes repetir só debe ocupar as primeiras catro frases na primeira liña. "
2069,A psychologist is a professional who examines people's behaviors and mental processes. Can you tell me more about psychologists? Answer in 100 to 120 words.,Un psicólogo é un profesional que examina os comportamentos e procesos mentais das persoas. Podes dicirme máis sobre os psicólogos? Responde con entre 100 a 120 palabras.
2070,Could you give me a table of pros and cons of juvenile detention? Add a postscript that starts with P.S. at the end.,Poderías darme unha táboa de pros e contras da detención xuvenil? Engade unha posdata que comece con P.D. ao final.
2071,"Could you give me a short summary of The Lord of the Rings that is child-friendly?
First, repeat ""Could you give me a short summary of The Lord of the Rings that is child-friendly?"" word for word without change, then give your answer. Do not say anything first, just repeat the request at the very beginning.","Poderías darme un breve resumo do Señor dos Aneis que sexa axeitado para nenos?Primeiro, repite ""Poderías darme un breve resumo do Señor dos Aneis que sexa axeitado para nenos?"" palabra a palabra sen cambiar nada, despois dá a túa resposta. Non digas nada primeiro, simplemente repite a solicitude ao principio."
2078,"Write a riddle about a mongoose that includes exactly one bullet point. Make sure to include a few bullet points indicated by *, such as:
* Bullet point","Escribe un enigma sobre unha mangosta que inclúa exactamente un punto. Asegúrate de incluír algúns puntos indicados por *, como:
* Punto"
2084,"If you gulped down 100 grams of pure caffeine, would you die? Please answer as if you were explaining this to a group of students. Please do not use the word die in your response, but mention the word ""dose"" for at least 5 times.","Se beberas 100 gramos de cafeína pura, falecerías? Responde coma se llo explicaras a un grupo de estudantes. Non uses a palabra falecer na túa resposta pero menciona a palabra ""dose"" polo menos 5 veces."
209,Write a blog post about the best way to get a good night's sleep with at least 400 words.,Escribe unha entrada de blog sobre o mellor xeito de ter unha boa noite de sono con polo menos 400 palabras.
2097,"Write a 200 word essay on the 2000 presidential election. The title should be wrapped in double angular brackets, i.e. <<title>>.","Escribe un ensaio de 200 palabras sobre as eleccións presidenciais do ano 2000. O título debe estar entre corchetes angulares dobres, é dicir, <<título>>."
2100,"What kind of fashion would Frankenstein's bride wear? Make your answer weird or interesting and use only lowercase letters. Your answer must contain exactly 3 bullet points using the markdown bullet points format, such as:
* Bullet point 1","Que tipo de roupa levaría a noiva de Frankenstein? Fai que a túa resposta sexa estraña ou interesante e usa só letras minúsculas. A túa resposta debe conter exactamente 3 puntos usando o formato de puntos en markdown, por exemplo:
* Punto 1"
2107,"Complete the following sentence with the letter l appearing at least 6 times: ""The panda is a big animal. It is black and white. It eats bamboo.""","Completa a seguinte frase coa letra l aparecendo polo menos 6 veces: ""O panda é un animal grande. É negro e branco. Come bambú."""
2118,Write a rap for moms about the pros and cons of breast feeding versus formula. The rap song should have exactly 3 paragraphs each separated by *** and exactly 3 bullet points in markdown format.,Escribe un rap para as nais sobre os pros e contras da lactancia fronte o uso de fórmula. O rap debe ter exactamente 3 parágrafos separados por *** e exactamente 3 puntos en formato markdown.
2136,Write a short and funny joke about a guy who works at the IRS. Include at least one placeholder represented by square brackets.,Escribe unha broma curta e divertida sobre un tipo que traballa no IRS. Inclúe polo menos un marcador de posición representado por corchetes.
2139,"Compose a song with at least three sentences that can be sung by a professional singer in the style of a 1930s jazz standard. Include the keywords ""rate"" and ""rte"".","Compón unha canción con polo menos tres frases que poida ser cantada por un cantante profesional ao estilo do jazz estándar dos anos 30. Inclúe as palabras clave ""taxa"" e ""rte""."
2142,"Write a proposal for a new university course on ""The History of the World, as Told by Dogs."" Make sure the word predatory appears at least twice in the proposal.","Escribe unha proposta para un novo curso universitario sobre ""A Historia do Mundo, Contada por Cans."" Asegúrate de que a palabra depredador apareza polo menos dúas veces na proposta."
2143,"""I'm sorry to inform you that I can't make it to the meeting today. I apologize for any inconvenience this may cause."" Please expand it into at least 5 sentences. Do not use the words reschedule or free.","""Sinto informarte de que non podo asistir á reunión de hoxe. Pido desculpas por calquera inconveniente que isto poida causar."" Amplíao a polo menos 5 frases. Non uses as palabras reprogramar ou dispoñible."
2162,"What are the main differences between the Adventist and Baptist denominations? Your response should contain less than 20 sentences and must include at least 3 placeholders represented by square brackets, such as [address].","Cales son as principais diferenzas entre as denominacións Adventista e Bautista? A túa resposta debe conter menos de 20 frases e incluír polo menos 3 marcadores representados por corchetes, como [enderezo]."
2164,"Write a product description for a new line of dog toys, called ""the squeaker"". It's made of latex, and is designed for dogs of all ages and species. It's also available in a variety of colors and shapes. The response must contain at least 3 placeholders represented by square brackets, such as [address], [name], and [phone number].","Escribe unha descrición de produto para unha nova liña de xoguetes para cans chamada ""o rinchón"". Está feito de látex e está deseñado para cans de todas as idades e especies. Tamén está dispoñible en diversas cores e formas. A resposta debe conter polo menos 3 marcadores representados por corchetes, como [enderezo], [nome] e [número de teléfono]."
2169,"Why didn't the 2022 winter olympics have the best ratings? Make sure to include the letter y at least 5 times, and include the keywords talented and tianjin.","Por que os Xogos Olímpicos de inverno de 2022 non tiveron as mellores puntuacións? Asegúrate de incluír a letra ""y"" polo menos 5 veces e incluír as palabras clave ""talentoso"" e ""Tianjin""."
218,"Plan a 12-day trip to Italy for professionals in finance, including Rome, Florence, and Venice. Make it in a format of a list with at least one placeholder, such as [address]. The response must be in English and all lowercase letters.","Planifica unha viaxe de 12 días a Italia para profesionais das finanzas, incluído Roma, Florencia e Venecia. Faino nun formato de lista con polo menos un marcador, como [enderezo]. A resposta debe estar en inglés e en letras minúsculas."
2180,"Explain the difference between a city and a village in a rap style to a kid. The words with all capital letters should appear at least 10 times. Put the response into at least 5 sections, separated using 3 asterisks ***.","Explica a diferenza entre unha cidade e unha vila ao estilo rap a un neno. As palabras en maiúsculas deben aparecer polo menos 10 veces. Divide a resposta en polo menos 5 seccións, separadas por 3 asteriscos ***."
219,Do you think Kareena Kapoor is a good actor? Wrap your response with double quotation marks.,Cres que Kareena Kapoor é unha boa actriz? Dá a túa resposta entre comiñas dobres.
2192,"When giving a class/lecture to students, rewrite ""You should use a different font."" in a passive aggressive tone.

First repeat the first line word for word without change, then give your answer. Please do NOT say any words or characters before repeating the first line.","Cando lles deas unha clase/conferncia aos estudantes, reescribe ""Deberías usar un tipo de letra diferente."" nun ton pasivo agresivo.

Primeiro repite a primeira liña palabra a palabra sen cambios e despois dá a túa resposta. Por favor non engadas ningunha palabra ou carácter antes de repetir a primeira liña."
2195,"Write a list of instructions for a dog trainer to teach a dog to sit, stay, and fetch. Your list should contain exactly 3 bullet points in the markdown format such as:
* Bullet point 1
* Bullet point 2","Escribe unha lista de instrucións para un adestrador de cans para ensinarlle a un can a sentar, quedar quieto e buscar. A túa lista debe conter exactamente 3 puntos en formato markdown, como:
* Punto 1
* Punto 2"
2207,"Here is the summary of a research paper on the effect of VHF radio waves on a certain type of bacteria: ""Our results show that VHF radio waves have no effect on the growth of bacteria."" Can you help me rewrite this summary in a more formal way, using APA format? Do not use words ""ours"" or ""have"".","Este é o resumo dun artigo de investigación sobre o efecto das ondas de radio VHF nun certo tipo de bacterias: ""Os nosos resultados mostran que as ondas de radio VHF non teñen efecto no crecemento das bacterias."" Podes axudarme a reescribir este resumo dun xeito máis formal usando o formato APA? Non uses as palabras ""os nosos"" ou ""teñen""."
2209,Write an academic proposal to a customer who's interested in implementing a new feature for their product. Put double quotes around your entire response.,Escribe unha proposta académica para un cliente que estea interesado en implementar unha nova función para o seu produto. Pon toda a túa resposta entre comiñas dobres.
2215,"I am a clutches sales specialist with 10 years of experience working in the automotive industry. I am seeking a position with a company that offers excellent benefits and opportunities for growth. Can you please write a two paragraph story about me? Make sure that the first paragraph starts with the word ""realising"" and that each paragraph is separated by two new lines.","Son un especialista en vendas de embragues con 10 anos de experiencia traballando na industria do automóbil. Estou buscando un posto nunha empresa que ofreza excelentes beneficios e oportunidades de crecemento. Podes escribir unha historia de dous parágrafos sobre min? Asegúrate de que o primeiro parágrafo comece coa palabra ""dándose conta"" e que cada parágrafo estea separado por dúas novas liñas."
2216,"Write a detailed proposal in list format for the university's ethics board for a research project that investigates the effect of eye colour on the likelihood of being a successful salesperson. Remember that the customer is always right. Your entire response should be in English, and in all lowercase letters. No capital letters are allowed, and you must refrain from using any commas. At the end of your response, please explicitly add a postscript starting with P.P.S",Escribe unha proposta detallada en formato de lista para o consello de  ética da universidade para un proxecto de investigación que estude o efecto da cor dos ollos na probabilidade de ser un vendedor exitoso. Lembra que o cliente sempre ten a razón. Toda a resposta debe estar en inglés e en letras minúsculas. Non se permiten letras maiúsculas e debes absterte de usar comas. Ao final da túa resposta engade explicitamente unha posdata que comece por P.D.
2225,what is the difference between a levee and an embankment? Please respond to me only in Korean.,cal é a diferenza entre un dique e un terraplén? Respóndeme só en coreano.
2229,"A sales pitch for moms is needed for a new kind of diaper that is designed to be more comfortable for babies. The sales pitch should be 500 words long, funny, engaging, and focus on the benefits of the new diaper without mentioning the price. It must also contain a title, wrapped in double angular brackets, i.e. <<title>>.","Necesítase un discurso de vendas para as nais sobre un novo tipo de cueiro deseñado para ser máis cómodo para os bebés. O discurso debe ter 500 palabras, ser divertido, atractivo e centrarse nos beneficios do novo cueiro sen mencionar o prezo. Tamén debe conter un título entre corchetes angulares dobres, como <<título>>."
2230,"Make this text weird: ""The new version of the app will be available in the App Store soon. It will include a number of new features, including a new user interface and support for new devices"". Don't use any commas. Highlight at least 2 sections in your answer with markdown, i.e. *highlighted section*.","Fai que este texto sexa raro: ""A nova versión da aplicación estará dispoñible en App Store pronto. Incluirá un número de novas características incluíndo unha nova interface de usuario e soporte para novos dispositivos"". Non uses ningunha coma. Destaca polo menos 2 seccións na túa resposta con markdown, é dicir, *sección destacada*."
2239,"Rewrite the sentence: ""I flung my hatred into the burning fire."" Put your entire response in double quotation marks.","""Reescribe a frase: 'Lancei o meu odio ao lume ardente.' Pon a túa resposta completa entre comiñas dobres."""
2243,Who built the first artificial ice rink? Please include the keys (1) Name (2) Location and (3) Year. Use less than 150 words.,Quen construíu a primeira pista de xeo artificial? Inclúe as claves (1) Nome (2) Localización e (3) Ano. Usa menos de 150 palabras.
2245,I AM EASY TO GET INTO BUT HARD TO GET OUT OF. I AM INVITING AND EXCITING BUT MANY PEOPLE ARE AFRAID OF ME. I AM WHERE YOU NEED TO BE BUT YOU MAY NOT WANT TO STAY THERE. I MAY BE A MYSTERY BUT I AM SURE YOU CAN GUESS ME. WHAT AM I? Please do not use any commas in your response.,SON FÁCIL DE ENTRAR PERO DIFÍCIL DE SAÍR. SON ATRACTIVO E EMOCIONANTE PERO MOITA XENTE TEN MEDO DE MIN. SON ONDE PRECISAS ESTAR PERO PODE QUE NON QUEIRAS QUEDAR ALÍ. PODE QUE SEXA UN MISTERIO PERO ESTOU SEGURO DE QUE PODES ADIVIÑARME. QUE SON EU? Non uses ningunha coma na túa resposta.
2246,"I want to travel to the Subic Bay Freeport Zone, which subdistrict should I stay in? Give me an angry recommendation. Answer with at least 400 words. In your response, the word climatic should appear at least 2 times. The response must contain at least 3 placeholders represented by square brackets, such as [address].","Quero viaxar á  Subic Bay Freeport Zone, en que subdistrito debería quedarme? Dáme unha recomendación enfadada. Responde con, polo menos, 400 palabras. Na túa resposta, a palabra climático debe aparecer polo menos 2 veces. A resposta debe conter polo menos 3 marcadores representados por corchetes, como [enderezo]."
2247,Write an essay about Alvin and the Chipmunks in English and in all capital letters.,Escribe un ensaio sobre Alvin e os esquíos en inglés e en letras maiúsculas.
2250,"Write exactly 4 paragraphs about tips for installing a car seat for moms. Use 2 new lines to separate paragraphs. Start the 4th paragraph with the word ""elm"".","Escribe exactamente 4 parágrafos sobre consellos para instalar un asento de coche para nais. Usa 2 liñas novas para separar os parágrafos. Comeza o 4º parágrafo coa palabra ""olmo""."
2253,"Write a template for a workshop on the importance of diversity in the workplace and highlight at least 3 sections with markdown, i.e. *highlighted section*.","Escribe un modelo para un obradoiro sobre a importancia da diversidade no lugar de traballo e destaca polo menos 3 seccións en markdown, é dicir, *sección destacada*."
2265,Write a freestyle rap about the president of the united states. The letter q should show up at least 4 times.,Escribe un rap libre sobre o presidente dos Estados Unidos. A letra q debe aparecer polo menos 4 veces.
2266,Write a template with less than 7 sentences for how to calculate the offset of an element in an array.,Escribe un modelo con menos de 7 frases sobre como calcular o desprazamento dun elemento nunha matriz.
2268,"What is multivariate analysis? Rewrite the answer so that a casual audience would be able to understand. Please end your response with ""Is there anything else I can help with?"" and no other words should follow this statement.","Que é a análise multivariante? Reescribe a resposta para que un público xeral o poida entender. Por favor, remata a túa resposta con ""Hai algo máis no que poida axudar?"" e non engadas ningunha outra palabra despois desta frase."
227,"I have a golden retriever and a poodle. Is the poodle bigger than the golden retriever? Choose from the following: ('My answer is yes.', 'My answer is no.', 'My answer is maybe.') -- please include the exact phrase in your response.","Teño un golden retriever e un caniche. O caniche é máis grande ca o golden retriever? Elixe entre as seguintes opcións: ('A resposta é si.', 'A resposta é non.', 'A resposta é pode ser.') -- por favor inclúe a frase exacta na túa resposta."
2273,"11 results have an average of 51. The first five have an average of 49, and the last nine have an average of 52. What was the sixth result? Use weird language when explaining using mathematical notation. And add a postscript starting with P.P.S at the end.",11 resultados teñen unha media de 51. Os primeiros cinco teñen unha media de 49 e os últimos nove teñen unha media de 52. Cal foi o sexto resultado? Usa unha linguaxe estraña ao explicalo usando notación matemática. E engade unha posdata que comece por P.D. ao final.
2275,Create a 500-word startup pitch for a new startup that will help people to find the best places to live. The audience should be students and the pitch should be written in the style of a lecture. Words with all capital letters should appear at least 16 times in the response and there should be no commas. The word batted should appear less than 2 times.,Crea unha presentación de 500 palabras para unha nova empresa que axudará ás persoas a atopar os mellores lugares para vivir. A audiencia deben ser estudantes e a presentación debe estar escrita en estilo de conferencia. As palabras en maiúsculas deben aparecer polo menos 16 veces na resposta e non debe haber comas. A palabra bateado debe aparecer menos de 2 veces.
2284,"Can you tell me about the Hamptons? Your answer must be at least 300 words, must contain at least 3 placeholders represented by square brackets, such as [address] and exactly 2 bullet points using the markdown bullet points such as:
* Bullet point 1
* Bullet point 2","Podes contarme algo sobre os Hamptons? A túa resposta debe ter polo menos 300 palabras, debe conter polo menos 3 marcadores representados por corchetes, como [enderezo] e exactamente 2 puntos utilizando os puntos markdown como:
* Punto 1
* Punto 2"
2292,"Breach Posterior is a startup that has a cure for cancer. Write a casual pitch deck for it that's targeted towards moms. Make sure to use the word ""clearly"" at least 2 times.","Breach Posterior é unha empresa emerxente que ten unha cura para o cancro. Escribe unha presentación informal dirixida a nais. Asegúrate de usar a palabra ""claramente"" polo menos 2 veces."
2299,"Write a lame joke about engagements in entirely Swahili, no other language is allowed.","Escribe un chiste malo sobre compromisos completamente en suahili, non se permite ningunha outra lingua."
2303,"Write a casual blog post about how the outer solar system is different from the inner solar system, and what that means for the possibility of life. Wrap your entire response with double quotation marks. Your response should contain 17 or more sentences.",Escribe unha entrada de blog informal sobre como o sistema solar exterior é diferente do sistema solar interior e o que iso significa para a posibilidade de vida. Enmarca toda a túa resposta entre comiñas dobres. A túa resposta debe conter 17 ou máis frases.
2304,"Write an essay as if you are the president of the United States targeting moms as your audience. The subject is how the float from the movie ""It"" symbolizes the spirit of the nineteen-fifties. The response must contain at least 1 placeholders represented by square brackets, such as [address].","Escribe un ensaio coma se foses o presidente dos Estados Unidos e o teu público fosen as nais. O tema é como o globo da película ""It"" simboliza o espírito dos anos cincuenta. A resposta debe conter polo menos 1 marcador representado por corchetes, como [enderezo]."
2305,"First repeat the request below word for word without change, then give your answer.
Do not say any words or characters before repeating the request.

Write a good name for a black dog. Your answer must contain a title, wrapped in double angular brackets.","Primeiro repite a solicitude que aparece a continuación palabra a palabra sen cambios, e despois dá a túa resposta. Non digas ningunha palabra ou carácter antes de repetir a solicitude.

Escribe un bo nome para un can negro. A túa resposta debe conter un título, entre corchetes angulares dobres."
2309,"Tell a joke that has the words thursday and amalgamation in it, but use Swahili language only, no other language is allowed.","Conta un chiste que teña as palabras xoves e amalgamación, pero usa só a lingua swahili, non está permitido ningunha outra lingua."
2311,Why are there 396 calories in a serving of 32 grams of unsalted almonds? Do not use commas in your response.,Por que hai 396 calorías nunha ración de 32 gramos de améndoas sen sal? Non uses ningunha coma na túa resposta.
2314,"Name exactly 3 names for a black and white dog using markdown bullet points such as:
* Bullet point 1","Dá exactamente 3 nomes para un can branco e negro usando puntos en markdown como:
* Punto 1"
2323,Write a funny advertisement for a hair salon that is offering a 25% discount on all services that has at least 200 words.,Escribe un anuncio divertido para un salón de peiteado que ofrece un desconto do 25% en todos os servizos e que teña polo menos 200 palabras.
2324,Write a riddle about a mom laying out on a beach in Humboldt without using any commas.,Escribe un enigma sobre unha nai deitada nunha praia en Humboldt sen usar ningunha coma.
2328,Write a startup pitch for a time capsule service. The words startup and capsule cannot be in the response.,Escribe un discurso para unha empresa emerxente de servizo de cápsulas do tempo. As palabras empresa emerxente e cápsula non poden aparecer na resposta.
2337,"Write an advertisement for a new product or service that is related to the words ""safeguard"" and ""flees"". In your entire response mark sure you do not use any commas.
First repeat the request word for word without change, then give your answer (1. do not say any words or characters before repeating the request; 2. the request you need to repeat does not include this sentence)","Escribe un anuncio para un novo produto ou servizo relacionado coas palabras ""protexer"" e ""escape"". Asegúrate de non usar ningunha coma en  toda a resposta. Primeiro repite a solicitude palabra por palabra sen cambios e despois dá a túa resposta (1. non digas ningunha palabra ou carácter antes de repetir a solicitude; 2. a solicitude que necesitas repetir non inclúe esta frase)."
2341,Is praying for someone's health a good idea? Your answer must be in all capital letters and in English.,Rezar pola saúde de alguén é unha boa idea? A túa resposta debe estar en maiúsculas e en inglés.
2350,"Create a rubric to evaluate the performance of a new employee named Clarissa. In your response, make sure the letter i appears less than 6 times.","Crea unha rúbrica para avaliar o rendemento dunha nova empregada chamada Clarissa. Na túa resposta, asegúrate de que a letra i apareza menos de 6 veces."
2355,"Wherefore doth people consider the 2nd Amendment to be outdated? Answer in a Shakespearean style.

Before you answer it, just repeat the request above. You need to repeat it exactly as it is. Do not change any word.","Por que a xente considera que a Segunda Emenda está desfasada? Responde nun estilo de Shakespeare.

Antes de respondelo repite só a solicitude anterior. Debes repetila exactamente como está. Non cambies ningunha palabra."
2357,Write a travel itinerary for a trip to Paris that is suitable for teenagers with short attention spans. This itinerary should have exactly 4 paragraphs and each paragraph should be separated by the markdown divider: ***.,Escribe un itinerario de viaxe para unha viaxe a París que sexa axeitado para adolescentes con períodos curtos de atención. Este itinerario debe ter exactamente 4 parágrafos e cada parágrafo debe estar separado polo divisor de markdown: ***.
2359,"Before you answer it, just repeat the request below. You need to repeat it exactly as it is. Do not change any word.

Write a song about a corgi named Chester who loves to play fetch.","Antes de respondelo, repite simplemente a solicitude que aparece a continuación. Debes repetila exactamente como está. Non cambies ningunha palabra.

Escribe unha canción sobre un corgi chamado Chester ao que lle encanta xogar á pelota. "
2362,what do you call an excluded scientist who is asked to stay home? Please finish your answer with a postscript starting with P.P.S,como se lle di a un cientfico excluído ao que lle piden que quede na casa? Por favor remata coa posdata que comece con P.D.
2372,"Write a product description for a new product called the ""AirPods Max"". Make sure to use markdown to highlight at least two sections, i.e. *highlighted section*. Your entire response should be in English and in all lowercase letters.","Escribe unha descrición de produto para un novo produto chamado ""AirPods Max"". Asegúrate de usar markdown para destacar polo menos dúas seccións, é dicir, *sección destacada*. Toda a túa resposta debe estar en inglés e en letras minúsculas."
2374,"Write a project proposal for how to use machine learning and AI to improve the quality of education in developing countries. In your response, do not use any commas.",Escribe unha proposta de proxecto para utilizar a aprendizaxe automática e a intelixencia artificial para mellorar a calidade da educación nos países en desenvolvemento. Na túa resposta non uses ningunha coma.
2380,"Please write a summary of the following advertiser page: ""We insist on having the most talented team of web developers, content writers, graphic designers and online marketers in the industry. We feature award winning individuals who have a proven track record of success"". Use markdowns and target moms. Your answer must contain exactly 4 bullet points in markdown format and cannot contain commas.","Escribe un resumo da seguinte páxina de anunciantes: ""Insistimos en ter o equipo máis talentoso de desenvolvedores web, redactores de contidos, deseñadores gráficos e comerciantes en liña da industria. Contamos con individuos gañadores de premios que teñen un historial comprobado de éxito"". Usa markdowns e diríxete ás nais. A túa resposta debe conter exactamente 4 puntos en formato markdown e non pode conter comas."
2381,"Write a cover letter to a local political party, asking to be their rally organizer. Make sure to highlight at least 3 sections in your answer in markdown format.",Escribe unha carta de presentación para un partido político local solicitando ser o seu organizador de mitins. Asegúrate de destacar polo menos 3 seccións en formato markdown.
2383,"Is the sentence ""Mrs. Smith is the teacher of this class."" grammatically correct? Give me exactly two different responses. Responses and only responses should be separated by 6 asterisk symbols: ******.","É a frase ""A Sra. Smith é a mestra desta clase."" gramaticalmente correcta? Dáme exactamente dúas respostas diferentes. As respostas, e só as respostas, deben estar separadas por 6 asteriscos: ******."
2386,"Can you expand the following sentences: ""I have never seen a localized version of the software. I have seen an international version.""

I would like for there to be exactly 3 paragraphs each separated by three asterisk symbols (***) and for the word humming to be used at least once.","Podes expandir as seguintes frases: ""Nunca vin unha versión localizada do software. Vin unha versión internacional.""

Quixera que houbese exactamente 3 parágrafos separados por tres asteriscos (***) e que se use a palabra cantaruxada polo menos unha vez."
2391,What's the best way to get to the train station? Answer using a casual tone and markdown. Your response should be at least 300 words and in all lowercase letters.,Cal é o mellor xeito de chegar á estación de tren? Responde usando un ton informal e markdown. A túa resposta debe ter polo menos 300 palabras e estar en letras minúsculas.
2392,Create an itinerary for a 3-day trip to Moscow that uses the word founding less than twice. Don't add anything before and after the JSON code. Your entire output should just contain a JSON code block.,Crea un itinerario para unha viaxe de 3 días a Moscova que use a palabra fundación menos de dúas veces. Non engadas nada antes e despois do código JSON. Todo o teu resultado debe conter só un bloque de código JSON.
2395,Write a facebook post about a flea market in JSON format. Do not include keywords 'flea' and 'JSON' in the response.,Escribe unha publicación en Facebook sobre un mercado de segunda man en formato JSON. Non inclúas as palabras clave 'pulga' e 'JSON' na resposta.
2396,Write me a poem about a long lasting war. Add a postscript at the end starting with P.P.S,Escribe un poema sobre unha guerra duradeira. Engade unha posdata ao final que comece con P.D.
2398,"Give me a poem about California. The very end of your entire response should read exactly like: your love, and thanks.",Dáme un poema sobre California. O final da túa resposta debe dicir exactamente o seguinte: o teu amor e grazas.
24,The Legend of the Sword and the Fairy is a movie in which Wan Wan is a villain. Write a story about Wan Wan's character in list format. Your entire response should be in English and in all capital letters.,A Lenda da Espada e a Fada é un filme no que Wan Wan é un vilán. Escribe unha historia sobre a personaxe de Wan Wan en formato de lista. Toda a túa resposta debe estar en inglés e en maiúsculas.
240,"What is a lattice? Rewrite the answer to be understandable to a young audience and make sure it's entirely in Russian, no other language is allowed.","Que é unha retícula? Reescribe a resposta para que sexa comprensible para un público novo e asegura que estea completamente en ruso, non se permite ningún outro idioma."
2404,Radcliffe was the only one who could get past the guards. What could be said about him? Please wrap your entire response in JSON format. Markdown ticks (```) are acceptable.,Radcliffe foi o único que puido pasar por diante dos gardas. Que se podería dicir sobre el? Xera a túa resposta en formato JSON. As comiñas de Markdown (```) son aceptables.
2416,"Write a one week itinerary for a trip to the United States with a focus on overcoming the challenges faced by the country. Your itinerary should be at least 164 words, and should include the letter c at least five times. Your entire response should be in English, and in all capital letters.",Escribe un itinerario dunha semana para unha viaxe aos Estados Unidos cun enfoque en superar os desafíos que enfronta o país. O teu itinerario debe ter polo menos 164 palabras e debe incluír a letra c polo menos cinco veces. Toda a túa resposta debe estar en inglés e en maiúsculas.
2417,"Answer the following math problem in a different language, use bullet points, and give alternative answers. Refrain from using commas in your response. Natalia was buying books for her children. She bought 2 books for $24 each, and 3 books for $36 each. How much did she pay in total?","Responde ao seguinte problema matemático nun idioma diferente, usa puntos e ofrece respostas alternativas. Evita usar comas na túa resposta. Natalia estaba a mercar libros para os seus fillos. Comprou 2 libros por 24 dólares cada un e 3 libros por 36 dólares cada un. Canto pagou en total?"
2422,"Write a joke about a startup that sells dog food in a song. Your entire response should be in English, and in all capital letters. Your answer must contain a title, wrapped in double angular brackets, i.e. <<title>>.","Escribe un chiste sobre unha empresa emerxente que vende comida canina nunha canción. Toda a túa resposta debe estar en inglés e en letras maiúsculas. A túa resposta debe conter un título entre corchetes dobres angulares, por exemplo, <<título>>."
2432,"My best friend drowned yesterday and I'm so sad. Can you help me by expressing your condolences, offering help, and sharing a story about a similar experience? Please don't include the keywords ""died"" or ""drowned"".","O meu mellor amigo afogou onte e estou moi triste. Podes axudarme expresando as túas condolencias, ofrecendo axuda e compartindo unha historia sobre unha experiencia similar? Por favor non inclúas as palabras clave ""morreu"" ou ""afogou""."
2436,"Give two different responses to the question ""Is it ethical to hunt and eat invasive species?"", separated by 6 asterisk symbols ****** and without using any commas.","Dá dúas respostas diferentes á pregunta ""é ético cazar e comer especies invasoras?"", separadas por 6 asteriscos  ****** e sen usar ningunha coma."
2439,"Rewrite the following sentence to exactly 3 paragraphs, separated by two new lines and without using any commas: ""Offences are not the only things that are grasped by the police."". Paragraph 1 must start with word punched. The response must contain at least 2 placeholders represented by square brackets, such as [address].","Reescribe a seguinte frase en exactamente 3 parágrafos separados por dous saltos de liña e sen usar ningunha coma: ""As infraccións non son o único que rexistra a policía."" O parágrafo 1 debe comezar coa palabra golpeado. A resposta debe conter polo menos 2 marcadores representados por corchetes, como [enderezo]."
2441,Write a speech-like paragraph on the US elections. Make sure to wrap your entire response with double quotation marks.,Escribe un parágrafo ao estilo dun discurso sobre as eleccións en Estados Unidos. Asegúrate de que a resposta estea entre comiñas dobres.
2447,Write a rubric in the form of a poem that lists several items for how to evaluate a poem. The letter w should appear less than 2 times in your response.,Escribe unha rúbrica en forma de poema que liste varios elementos sobre como avaliar un poema. A letra u debería aparecer menos de 2 veces na túa resposta.
2449,Write an angry rap bash script that downloads all files from a given directory. Don't use any commas and make sure the letter q appears at least once.,Escribe un script de bash de rap enfadado que descargue todos os arquivos dun directorio dado. Non uses ningunha coma e asegúrate de que a letra q apareza polo menos unha vez.
2457,"Write a short summary for kids that explains why we want to honour Thayer for his contributions to the field of artificial intelligence. The summary must contain exactly 4 bullet points such as:
* Bullet point 1
* Bullet point 2","Escribe un resumo curto para nenos que explique por que queremos honrar a Thayer polas súas contribucións ao campo da intelixencia artificial. O resumo debe conter exactamente 4 puntos enumerados como:
* Punto 1
* Punto 2"
2464,"What are some good ideas for startup companies? Write a Hindi poem about this. Use only Hindi in your response, no other language is allowed.","Que boas ideas hai para empresas emerxentes? Escribe un poema en hindi sobre isto. Usa só hindi na túa resposta, non se permite outro idioma."
2465,"A new time zone is UTC+00:05:28, which is 5 minutes and 28 seconds ahead of UTC. Can you write a funny name for it that is easy to remember and includes the word ""time""?
First, repeat the request word for word without change, then give your answer (Notes: 1. do NOT say any words or characters before repeating the request; 2. the request you need to repeat does not include this sentence)","Un novo fuso horario é UTC+00:05:28, que está 5 minutos e 28 segundos por diante do UTC. Podes escribir un nome divertido que sexa fácil de lembrar e inclúa a palabra ""tempo""?
Primeiro, repite a solicitude palabra a palabra sen modificacións e despois dá a túa resposta (Notas: 1. NON digas ningunha palabra ou carácter antes de repetir a solicitude; 2. a solicitude que debes repetir non inclúe esta frase)."
2467,Write a rap about an abyss in exactly 4 paragraphs. Separate paragraphs with the markdown divider: ***.,Escribe un rap sobre un abismo en exactamente 4 parágrafos. Separa os parágrafos co separador markdown: ***.
247,Can you write rap songs about the history of the prefecture system in Japan? Give exactly two different responses separated by 6 asterisk symbols ******.,Podes escribir cancións de rap sobre a historia do sistema de prefecturas no Xapón? Proporciona exactamente dúas respostas diferentes separadas por 6 asteriscos ******.
2471,"Write a college academic paper about President of the United States being stressed. Make sure not to include negative words such as 'sad', 'crazy', 'stress', etc., in the response. Also, make sure to include at least 15 placeholders represented by square brackets, such as [address].","Escribe un traballo académico universitario sobre o estrés do Presidente dos Estados Unidos. Asegúarate de non incluír palabras negativas como 'triste', 'tolo', 'estrés', etc., na resposta. Ademais, asegúrate de incluír polo menos 15 marcadores de posición representados por corchetes, como [enderezo]."
2475,"Write a TLDR for the recent conflict between ISIL and the US in conversational bullet points. End your response with this exact phrase: ""Let me know if you have additional questions."", and no other words should follow this phrase.","Escribe un TLDR sobre o conflito recente entre o ISIL e os EEUU en puntos clave. Remata a túa resposta con esta frase exacta: ""Se tes máis preguntas, non dubides en preguntarme."", e non engadas ningunha outra palabra despois desta frase."
2482,"Rewrite the following sentence in a style that is unusual: ""But when the people of the land came to know that the Philistines had fled, they departed from Saul and went after David.""
Let's repeat the request above word for word without change, then give your answer. Do not output any word before the request above is repeated.","Reescribe a seguinte frase nun estilo que sexa inusual: ""Pero cando a xente da terra soubo que os filisteos fuxiran, separáronse de Sal e foron tras David.""Repitamos a solicitude anterior palabra a palabra sen cambios, e despois dá a túa resposta. Non digas nada antes de repetir a solicitude anterior."
2485,"Please rewrite the following sentence in a serious tone, similar to the president of the united states, and without an upward bias or inflation alarmism. Please also include the keywords ""ink"" and ""memoirs"" in the sentence: ""The main points to consider are the following: First, the ECB’s own forecasts, which currently have a strong upward bias, must be revised downwards. Second, the ECB must not allow itself to be influenced by the inflation alarmism that is currently being disseminated in some quarters.""","Reescribe a seguinte frase nun ton serio similar ao presidente dos Estados Unidos e sen sesgos á alza nin alarmismo inflacionario. Inclúe tamén as palabras clave ""tinta"" e ""memorias"" na frase: ""Os principais puntos a considerar son os seguintes: Primeiro, as propias previsións do BCE, que actualmente presentan un forte sesgo á alza, deben revisarse á baixa. Segundo, o BCE non debe permitirse estar influenciado polo alarmismo inflacionario que se está a difundir en certos sectores."""
2497,"Give me a logical question about chatting and conquering. Make it interesting. Highlight at least one section of your answer with markdown, i.e. *highlighted section*. Put your entire response inside double quotation marks.","Dáme unha pregunta lóxica sobre falar e conquistar. Faina interesante. Destaca polo menos unha sección da túa resposta en markdown, é dicir, *sección destacada*. Pon a túa resposta enteira entre comiñas dobres."
2505,"Improve the following text, which is about how to learn a language. Also, provide two alternatives. The text is: ""The best way to learn about a new culture is by living in it. Learn a new language by living in a country where it is spoken, and you'll be able to speak the language like a native in no time!"". Finish your response with ""Is there anything else I can help with?"". No other words should follow this phrase.","Mellora o seguinte texto, que trata sobre como aprender un idioma. Ademais, ofrece dúas alternativas. O texto é: ""A mellor forma de aprender sobre unha nova cultura é vivindo nela. Aprende un novo idioma vivindo nun país onde se fale e poderás falar coma un nativo en pouco tempo!"". Remata a resposta con ""Hai algo máis no que poida axudar?"". Non se deben engadir máis palabras a esta frase."
251,can you write a resume for helene? Answer with lowercase letters. Make sure the letter n appears less than 7 times.,podes escribir un currículo para helene? responde en minúsculas. Asegúrate de que a letra n apareza menos de sete veces.
2515,"Gideon is a farmer who has a surplus of crops from his farm this year. What might he do with that surplus? Highlight at least one section of your answer in markdown, i.e *highlighted section*.","Gideon é un labrego que este ano ten un excedente de colleitas na súa granxa. Que podería facer con ese excedente? Destaca polo menos unha sección da túa resposta en markdown, é dicir, *sección destacada*."
2517,"Write a professional haiku in English for moms about an inspirational chorus teacher. It should include the phrase ""singing is life"" and be in all lowercase letters. No capital letters are allowed.","Escribe un haiku profesional en inglés para nais sobre un profesor de coro inspirador. Debe incluír a frase ""cantar é vida"" e estar todo en minúsculas. Non se permiten letras maiúsculas."
2531,Create a product description for a product that will help me to stop snoring. Use all lowercase letters.,Crea unha descrición de produto para un produto que me axude a deixar de roncar. Escribe todo en minúsculas.
2532,Write an email to your friend about what triggers you. Make sure to wrap the entire email in double quotation marks.,Escríbelle un correo ao teu amigo sobre o que che molesta. Asegúrate de escribir todo o correo entre comiñas dobres.
2534,"Translate the following sentence into German and then criticize it: Werner was a good friend of mine, but not very smart.
Avoid the word ""schlau"" throughout your response.","Traduce a seguinte frase ao alemán e despois coméntaa: Werner era un bo amigo meu, pero non moi intelixente.
Evita a palabra ""intelixente"" en toda a túa resposta."
2549,"Which was the better team in the 1987-88 season: Tottenham Hotspur or Stockton? Your answer must be exactly 3 paragraphs where paragraphs and only paragraphs are separated by two new lines, as if they were '\n\n' in python. The third paragraph must start with the word bonding. Include keywords gao and hearts in the response. At the end of your response, please add a postscript starting with P.P.S","Cal foi o mellor equipo na tempada 1987-88: Tottenham Hotspur ou Stockton? A túa resposta debe ter exactamente 3 parágrafos onde os parágrafos e só os parágrafos están separados por dous saltos de liña, como se fosen '\n\n' en python. O terceiro parágrafo debe comezar coa palabra unindo. Inclúe as palabras clave gao e corazóns na resposta. Ao final da resposta, engade unha posdata que comece por P.D."
2563,"Rewrite the following text so that it is funny to software engineers using notations from the book ""The C Programming Language"": ""The use of the various constructions described in this chapter is one of the most distinctive features of the C programming language."" Make this sound like it is being said by the president of the United States and capitalize every letter.","Reescribe o seguinte texto para que sexa divertido para enxeñeiros de software usando notacións do libro ""A linguaxe de programación en C"": ""O uso das diversas construcións descritas neste capítulo é unha das características máis distintivas da linguaxe de programación en C."" Fai que soe como se o dixera o presidente dos Estados Unidos e capitaliza todas as letras."
2567,"Write a blog post about how to train a dog that is geared towards kids. Include the keywords ""finale"" and ""less"" in the post.","Escribe unha entrada de blog sobre como adestrar un can orientada a nenos. Inclúe as palabras clave ""final"" e ""menos"" na entrada."
2571,"Which of the following is a better way to describe supporting ecological landscapes: (A) the practice of using the natural features of a landscape to create a more sustainable environment, or (B) the practice of using the natural features of a landscape to create a more aesthetically pleasing environment? Your response should be in English, all capital letters, contain no commas, and be fewer than 16 sentences.","Cal das seguintes é a mellor forma de describir o apoio ás paisaxes ecolóxicas: (A) a práctica de usar as características naturais dunha paisaxe para crear un ambiente máis sustentábel ou (B) a práctica de usar as características naturais dunha paisaxe para crear un ambiente máis agradábel esteticamente? A túa resposta debe estar en inglés, en maiúsculas, sen comas e con menos de 16 frases."
2577,"What do prehistoric megaliths in Europe look like? Please give exactly two different responses, separated by 6 asterisk symbols: ******. Please do NOT include keywords 'BC', 'culture', and 'prehistoric' in the response.","Como son os megálitos en Europa? Proporciona exactamente dúas respostas diferentes separadas por 6 asteriscos: ******. Por favor NON inclúas as palabras 'AC', 'cultura' e 'prehistórico' nas respostas."
2583,"what is the average iq of a 16 year old boy? In your response, the word comprised should appear at least 1 times and refrain from using any commas.","cal é o cociente intelectual medio dun rapaz de 16 anos? Na túa resposta, debería aparecer a palabra comprende polo menos 1 vez e abstente de usar ningunha coma."
2585,"Write a summary of the plot of ""The Great Gatsby"" in the style of a tabloid newspaper.
Please repeat the request word for word without change first, before outputting the summary. Do not say anything before repeating the request.","Escribe un resumo da trama de ""O Gran Gatsby"" ao estilo dun xornal sensacionalista.Por favor, repite a solicitude palabra a palabra sen cambios antes de emitir o resumo. Non digas nada antes de repetir a solicitude."
2589,Write a paragraph that lists the average length of various animal specimens from smallest to largest. Your response should contain less than 17 sentences.,Escribe un parágrafo que enumere a lonxitude media de varios exemplares de animais de menor a maior. A túa resposta debe conter menos de 17 oracións.
2590,"Is Grafton, Vermont a good place to live? Write exactly 3 paragraphs each separated with two new lines answering this question. The first paragraph must start with ""send"".","É Grafton, Vermont un bo lugar para vivir? Escribe exactamente 3 parágrafos separados cada un por dous saltos de liña respondendo a esta pregunta. O primeiro parágrafo debe comezar por ""enviar""."
2591,I want you to act like a DnD dungeon master. I will be the sole player. Create a random class character sheet for me. Wrap the entire output in JSON format using markdown ticks. Include keywords 'medalist' and 'theta' in the response.,"Quero que actúes como un mestre de alxubes de DnD. Serei o único xogador. Crea unha folla de personaxe de clase aleatoria para min. Pon toda a saída en formato JSON usando acentos de markdown. Inclúe as palabras clave ""medallista"" e ""theta"" na resposta."
2596,"The Broncos have been so bad in the NRL this year, they're getting dust on the trophy cabinet. Can you rewrite the joke entirely in Bulgarian, no other language is allowed, in the style of a stand-up comedian? Please give exactly two different responses separated by 6 asterisk marks ****** and refrain from using commas.",Os Broncos foron tan malos na NRL este ano que están collendo po no armario de trofeos. Podes reescribir o chiste completamente en búlgaro sen ningún outro idioma permitido ao estilo dun cómico de stand-up? Por favor entrega exactamente dúas respostas diferentes separadas por 6 asteriscos ****** e abstente de usar comas.
260,"Write a very short resume for a refinery operator who has 5 years of experience working in the chemical industry. Include the keywords ""friends"" and ""hanson"" in the resume. Make your entire output contain less than 50 words.","Escribe un currículo moi breve para un operador de refinería que teña 5 anos de experiencia traballando na industria química. Inclúe as palabras clave ""amigos"" e ""hanson"" no curírculo. Fai que toda a túa saída teña menos de 50 palabras."
2602,"Escribe un poema satírico sobre un fan de Zelda chamado Rodney. Asegúarate de incluír estes elementos: Zelda, Hyrule, Link, Ganon. Usa menos de 100 palabras.","Escribe un poema satírico  sobre un fan de Zelda chamado Rodney. Asegúarate de incluír estes elementos: Zelda, Hyrule, Link, Ganon. Usa menos de 100 palabras."
2605,"Can you create a list of mega trends in the tech industry? Wrap your entire response with double quotation marks. Also, make sure the letter o appears at least 25 times in your response.",Podes crear unha lista de mega tendencias na industria tecnolóxica? Pon toda a túa resposta entre comiñas dobres. Asegúrate tamén de que a letra o apareza polo menos 25 veces na túa resposta.
2616,"Write a poem about a lonely Hue. The poem should be written for teenagers. In your poem, italicize at least one section in markdown, i.e *this is an italic text*, and include the word ""singles"" at least twice.","Escribe un poema sobre un Hue solitario. O poema debe estar dirixido a adolescentes. No teu poema, pon en cursiva polo menos unha sección en markdown, é dicir *este texto está en cursiva*, e inclúe a palabra ""solteiros"" polo menos dúas veces."
2617,Tulsa is a professional dog walker. Write a description for Tulsa's day-to-day work. Make sure that your entire response has less than 6 sentences.,Tulsa é un paseador de cans profesional. Escribe unha descrición do traballo diario de Tulsa. Asegúrate de que toda a túa resposta teña menos de 6 frases.
2622,Melbourne has a newspaper called the Herald Sun. Can you suggest a name for a new newspaper for Melbourne teenagers? Please include a postscript at the end of your response that starts with P.S.,Melbourne ten un xornal chamado Herald Sun. Podes suxerir un nome para un novo xornal para adolescentes de Melbourne? Inclúe unha posdata ao final da túa resposta que comece por P.D.
2628,"Write a funny note to McQueen, using <br> to separate lines. Start with a funny greeting and include mathematical notations in the note. At the end of your response, explicitly add a postscript starting with P.P.S","Escríbelle unha nota divertida a McQueen, usando <br> para separar as liñas. Comeza cun saúdo divertido e inclúe notacións matemáticas na nota. Ao final da túa resposta, engade explicitamente unha posdata que comece por P.D."
2637,Write a casual summary of the U.S. maternity leave policy with two sections (Section 1 and Section 2) and at least 25 sentences.,Escribe un resumo informal da política de baixa por maternidade dos EE.UU. con dúas seccións (Sección 1 e Sección 2) e polo menos 25 frases.
2649,"Given that the French Revolution began because the French King tried to tax the people of France, ask a question about this fact. Do not use words ""revolution"" and ""tax"" throughout your response. Put your entire answer in JSON format.","Dado que a Revolución Francesa comezou porque o Rei de Francia intentou poñerlles unha taxa aos habitantes de Francia, fai unha pregunta sobre este feito. Non uses as palabras ""revolución"" e ""imposto"" na túa resposta. Pon toda a túa resposta en formato JSON."
2653,"Please write the answer to this question in markdown as a song: To what constituency was David Cameron appealing when he announced his plans for a referendum on British membership of the European Union? Make sure your song contains the letter j at least once, and use exactly 3 bullet points in markdown format in the song.","Por favor, escribe a resposta a esta pregunta en markdown como unha canción: A que circunscrición apelaba David Cameron cando anunciou os seus plans para un referendo sobre a pertenza de Gran Bretaña á Unión Europea? Asegúrate de que a túa canción conteña a letra j polo menos unha vez, e usa exactamente 3 puntos en formato markdown na canción."
2662,"Write a tweet for the president of the United States. The tweet should include the keywords ""engages"" and ""lightly"".","Escribe un chío para o presidente dos Estados Unidos. O chío debe incluír as palabras clave ""interactúa"" e ""lixeiramente""."
2667,"Please elaborate on the following text: ""It's not a bug, it's a feature!"" Write exactly 2 bullet points in markdown format. Use ""*"" to indicate a bullet point. One example bullet:
* It's not a bug","Explica o seguinte texto: ""Non é un fallo, é unha característica!"" Escribe exactamente 2 puntos en formato markdown. Usa ""*"" para indicar un punto. Un exemplo de punto:
* Non é un fallo"
2674,A young couple that just got married is going to Seattle for two days. They're flying from New York. Could you write them an itinerary? Use less than 10 sentences. Please make sure that all punctuations are legit.,"Unha parella nova que acaba de casar vai a Seattle por dous días. Van voar desde Nova York. Podes escribirlles un itinerario? Usa menos de 10 frases. Por favor, asegúrate de que toda a puntuación sexa correcta."
2677,"Write a limerick about a guy named Dave that is funny to moms. The limerick should end with the phrase ""Yes Mom, I am Dave."" Do not say anything after the limerick.","Escribe un poema satírico sobre un mozo chamado Dave que sexa divertido para as nais. O poema satírico debe rematar coa frase ""Si Nai, son Dave."" Non menciones nada máis despois do poema satírico."
2683,"I've got a collection of military insignia that I'd like to get rid of, but I don't know how. Can you help me? Give exactly two different responses, separating them with 6 asterisk symbols (******). Your answer must contain a title, wrapped in double angular brackets, such as <<my title>>. Include the keywords ""adoption"" and ""carriage"" somewhere in your response.","Teño unha colección de insignias militares das que me gustaría desfacerme, pero non sei como. Podes axudarme? Dá exactamente dúas respostas diferentes, separándoas con 6 asteriscos (******). A túa resposta debe conter un título entre corchetes angulares dobres, como <<o meu título>>. Inclúe as palabras clave ""adopción"" e ""carruaxe"" nalgún lugar da túa resposta."
2685,"Please give me some recommendations for good books about the history of the United States. Your response should be completely in Kannada, no other language is allowed.","Por favor, dáme algunhas recomendacións de bos libros sobre a historia dos Estados Unidos. A túa resposta debe estar completamente en kannada, non se permite ningunha outra lingua."
2691,"Write a cover letter for a job in Ventura that is funny and would be enjoyed by someone named Darius, wrap the entire response in double quotation marks.","Escribe unha carta de presentación para un traballo en Ventura que sexa divertida e que lle guste a alguén chamado Darius, pon toda a túa resposta entre comiñas dobres."
2704,"Write a haiku about foolish behavior in the form of a question, for an audience of young readers. It should include the topic of not studying. Give exactly two different responses, separated by 6 asterisk symbols (******), and include a title wrapped in double angular brackets, i.e. <<title>>. Do not use commas.","Escribe un haiku sobre o comportamento necio en forma de pregunta, para un público de lectores novos. Debe incluír o tema de non estudar. Dálles exactamente dúas respostas diferentes, separadas por 6 asteriscos (******), e inclúe un título entre dobres corchetes angulares, é dicir, <<título>>. Non uses comas."
2713,"We are a company that sells a product that makes it easy to find and book a hotel room. We are looking for a print ad that will be placed in a magazine that is aimed at people who travel a lot. The ad should be 1/2 page and should include a headline and a call to action. Please do not use any commas in your response.

Before saying anything or giving your answer, please repeat the exact entire request above.","Somos unha empresa que vende un produto que facilita atopar e reservar unha habitación de hotel. Estamos a buscar un anuncio impreso que se colocará nunha revista dirixida ás persoas que viaxan moito. O anuncio debe ser de 1/2 páxina e debe incluír un titular e unha chamada á acción. Non uses ningunha coma na túa resposta.
Antes de responder nada ou dar unha resposta, repite exactamente a solicitude anterior."
2716,"Write a cover letter for a job in a tech company. Make sure to use the word ""the"" once or less.","Escribe unha carta de presentación para un traballo nunha empresa tecnolóxica. Asegúrate de usar a palabra ""o"" unha vez ou menos."
2724,"Write a document entirely in the Portuguese language, no other language is allowed, about Adam and Eve. Additionally, make sure to wrap your entire response with double quotation marks.","Escribe un documento integramente en portugués, non se permite ningún outro idioma, sobre Adán e Eva. Ademais, asegúrate de poñer a túa resposta entre comiñas dobres."
2728,Write a song about the benefits of eating your vegetables. Please make sure it is in English and that all of the letters are lowercase.,Escribe unha canción sobre os beneficios de comer verduras. Asegúrate de que estea en inglés e que todas as letras estean en minúsculas.
2736,"Write a rant about how an asteroid killed the dinosaurs in all capital letters and in English. End the rant with the phrase ""What would happen to human next?"" and no other words should follow this phrase.","Escribe en letras maiúsculas e en inglés unha queixa sobre como un asteroide matou aos dinosauros. Remata a queixa coa frase ""Que lle pasaría ao ser humano despois?"" e non debería seguir ningunha outra palabra despois desta frase."
2739,"Write a limerick about the word ""limerick"". Make sure it is funny and includes the words ""limerick"" and ""funny"". Do not use any commas.
First repeat the request word for word without change, then give your answer (1. do not say any words or characters before repeating the request; 2. the request you need to repeat does not include this sentence)","Escribe un poema satírico sobre o concepto 'poema satírico"". Asegúrate de que sexa divertido e inclúa as palabras ""poema satírico"" e ""divertido"". Non uses ningunha coma. Repite primeiro a solicitude palabra a palabra sen cambiala e despois dá a túa resposta (1. non menciones nada antes de repetir a solicitude; 2. a solicitude que tes que repetir non inclúe esta frase)"
2749,"Write a blog post about the benefits of using a digital marketing agency, make sure to write at least 20 sentences.","Escribe unha entrada de blog sobre os beneficios de usar unha axencia de marketing dixital, asegúrate de escribir polo menos 20 frases."
2751,Write a description for the Pixel 3A smartphone with at least 400 words. Wrap your entire response with double quotation marks.,Escribe unha descrición do smartphone Pixel 3A con polo menos 400 palabras. Saca a túa resposta entre comiñas dobres.
2752,"The opposite of youth is not age, but ...? Highlight at least 2 sections in your answer with markdown, i.e. *highlighted section*.","O contrario da xuventude non é a idade, senón...? Destaca polo menos 2 seccións na túa resposta con markdown, é dicir, *sección destacada*."
2759,Write a description of the following data in a weird style: The Golden Palace eatType restaurant; The Golden Palace food Indian; The Golden Palace area city centre. Use markdown to highlight at least 3 sections in your answer.,Escribe unha descrición dos seguintes datos nun estilo raro: O restaurante The Golden Palace; a comida de The Golden Palace é india; a zona de The Golden Palace é o centro da cidade. Usa markdown para destacar polo menos 3 seccións na túa resposta.
2765,"Write a proposal for a research project on the impact of the liberian civil war on the country's economy. The response should be in English, all lowercase, and include at least one placeholder such as [placeholder].","Escribe unha proposta para un proxecto de investigación sobre o impacto da guerra civil liberiana na economía do país. A resposta debe estar en inglés, en minúsculas, e incluír polo menos un marcador, como [marcador]."
2768,Write a template that I can use to ask my manager about the budgets for the next quarter. The template should include the letter q at least 5 times.,Escribe un modelo que poida usar para preguntarlle ao meu xestor sobre os orzamentos para o próximo trimestre. O modelo debe incluír a letra q polo menos 5 veces.
2779,"Make a list of ways to say the following sentence more professionally: ""Hey bautista, let me know if you need any help with the graphs."" Also, make sure the letter q appears less than 5 times in your response.","Fai unha lista de maneiras de dicir de xeito máis profesional a seguinte frase: ""Ei Bautista, avísame se precisas axuda cos gráficos."" Tamén asegúrate de que a letra q apareza menos de 5 veces na túa resposta."
2780,Can you provide me with the timetable for the next train to London? Please respond in less than 6 sentences.,Podes darme o horario do seguinte tren a Londres? Responde en menos de 6 frases.
2785,What is inside Shinto shrines? Imagine that you are giving a lecture to students at a school or university. Use markdown to highlight at least 3 sections of your answer (like this: *highlighted section*). Your answer must also contain at least 3 placeholders (an example of a placeholder is [address]).,Que hai dentro dos santuarios xintoístas? Imaxina que estás a dar unha conferencia a estudantes nunha escola ou universidade. Usa markdown para destacar polo menos 3 seccións da túa resposta (así: *sección destacada*). A túa resposta tamén debe conter polo menos 3 marcadores (un exemplo de marcador é [enderezo]).
2787,What are the steps to get the GNSS timestamp on Android? Explain this to teenagers using at least 4 sentences and make sure the letter n appears at least 3 times.,Cales son os pasos para obter a marca temporal GNSS en Android? Explícalle isto a adolescentes usando polo menos 4 oracións e asegúrate de que a letra n apareza polo menos 3 veces.
279,"write a haiku about ireland in the style of basho. include a title wrapped in double angular brackets, i.e. <<title>>. your entire response should be in lowercase english and contain the letter g at least 8 times.","escribe un haiku sobre irlanda ao estilo de basho. inclúe un título entre corchetes angulares dobres, é dicir, <<título>>. toda a túa resposta debe estar en inglés, en minúsculas e conter a letra g polo menos 8 veces."
2790,"Write a funny rap about a man who gets a call from an official saying that he is a long lost relative of the king of Nigeria. Use markdown to highlight at least one section of your answer, i.e. *highlighted section*.","Escribe un rap divertido sobre un home que recibe unha chamada dun oficial dicíndolle que el é un parente moi afastado do rei de Nixeria. Usa markdown para destacar polo menos unha sección da túa resposta, por exemplo, *sección destacada*."
2798,Write a list of the top 10 facts about the UK without using commas.,Escribe unha lista cos 10 datos principais sobre o Reino Unido sen usar comas.
2801,"Rewrite the following blog as a list of exactly 4 bullet points: ""The world is a beautiful place. The sun is shining, the birds are singing, and the flowers are blooming. It's a perfect day to go outside and enjoy all that nature has to offer."" The bullet points should be in markdown such as:
* Bullet point 1
* Bullet point 2","Reescribe o seguinte blog como unha lista de exactamente 4 puntos: ""O mundo é un lugar fermoso. O sol está a brillar, os paxaros están a cantar e as flores están a florecer. É un día perfecto para saír e gozar de todo o que a natureza ten para ofrecer."" Os puntos deben estar en formato markdown como:
* Punto 1
* Punto 2"
2807,"Write a weird ad for a copyright infringement lawyer who represents witches. Use only lowercase letters. Your answer must contain a title, wrapped in double angular brackets, i.e. <<title>>.","Escribe un anuncio estraño para un avogado de infracción de dereitos de autor que represente ás meigas. Usa só letras minúsculas. A túa resposta debe conter un título entre corchetes angulares dobres, é dicir, <<título>>."
281,Write a joke about xml with a setup and a punchline. Wrap your entire response in double quotation marks.,Escribe un chiste sobre xml cunha introdución e un remate. Saca a túa resposta entre comiñas dobres.
2811,"Can you write a rap that doesn't include the keywords ""Yo"", ""check"", and ""peace""?","Podes escribir un rap que non inclúa as palabras clave ""Ei"", ""dálle"" e ""paz""?"
2817,"Write a startup pitch for ""Ward and Guerre"". Make it a weird poem that explains why the pitch is good. It should be in English and have no capital letters.","Escribe unha presentación inicial para ""Ward and Guerre"". Faino como un poema raro que explique por que a presentación é boa. Debe estar en inglés e letras maiúsculas."
2820,Write a serious riddle about trips and stitches in a poem style that includes at least 15 words in all capital letters.,Escribe un enigma serio sobre viaxes e puntos en estilo poético que inclúa polo menos 15 palabras en maiúsculas.
2825,How can you get to know someone on a deep level in a romantic relationship? The answer should involve the topic of vulnerability. Do not use any commas in your response.,Como podes chegar a coñecer a alguén en profundidade nunha relación romántica? A resposta debe incluír o tema da vulnerabilidade. Non uses ningunha coma na túa resposta.
2828,Write a parody of 'ars poetica'. Do not include the word 'parody' throughout your response.,Escribe unha versión humorística de 'ars poetica'. Non inclúas a palabra 'versión humorística' no teu texto.
2829,Why did the man travel from Saskatoon to Helsinki to buy a piano? Wrap your entire response in double quotes.,"""Por que viaxou o home de Saskatoon a Helsinki para mercar un piano?"""
2832,Imagine you're a 19 year old and you're making a video game. The game is about a boy who has to save the world from a villain. Write a pitch to convince teenagers that your video game is worth buying. Your answer must include exactly one bullet point in markdown format.,Imaxina que tes 19 anos e estás a facer un videoxogo. O xogo trata sobre un rapaz que debe salvar o mundo dun vilán. Escribe unha proposta para convencer aos adolescentes de que merece a pena mercar o teu videoxogo. A túa resposta debe incluír exactamente un punto destacado en formato markdown.
2844,"For a bunch of students, write a 200+ word poem that professionally describes a new line of shoes. Make sure to use markdown to highlight/bold at least one section of the poem. Example: *highlighted text*","Para un grupo de estudantes, escribe un poema de máis de 200 palabras que describa profesionalmente unha nova liña de zapatos. Asegúrate de usar markdown para destacar/pór en grosa polo menos unha sección do poema. Exemplo: *texto destacado*"
2849,"Write a limerick about a guy from Nantucket, use notations to express it, and use at least 2 words with all capital letters.","Escribe un poema satírico sobre un tipo de Nantucket, usa anotacións para expresalo, e usa polo menos 2 palabras en maiúsculas."
2853,"Write a poem about flooding in Donnell, TX. The poem should have a title in double angular brackets, i.e. <<title>>, and contains at least 3 words in all capital letters.","Escribe un poema sobre as inundacións en Donnell, TX. O poema debe ter un título en corchetes angulares dobres, é dicir, <<título>>, e conter polo menos 3 palabras en maiúsculas."
2857,Write a rubric for performance review of a software engineer and wrap the entire output in JSON format. You can use markdown ticks such as ```.,Escribe unha rúbrica para a revisión do rendemento dun enxeñeiro de software e saca a saída en formato JSON. Podes usar acentos de markdown como ```.
2859,"Kindly summarize the text below in XML format. Make sure the summary contains less than 4 sentences.

Quantum entanglement is the phenomenon that occurs when a group of particles are generated, interact, or share spatial proximity in such a way that the quantum state of each particle of the group cannot be described independently of the state of the others, including when the particles are separated by a large distance. The topic of quantum entanglement is at the heart of the disparity between classical and quantum physics: entanglement is a primary feature of quantum mechanics not present in classical mechanics.

Measurements of physical properties such as position, momentum, spin, and polarization performed on entangled particles can, in some cases, be found to be perfectly correlated. For example, if a pair of entangled particles is generated such that their total spin is known to be zero, and one particle is found to have clockwise spin on a first axis, then the spin of the other particle, measured on the same axis, is found to be anticlockwise. However, this behavior gives rise to seemingly paradoxical effects: any measurement of a particle's properties results in an apparent and irreversible wave function collapse of that particle and changes the original quantum state. With entangled particles, such measurements affect the entangled system as a whole.

Such phenomena were the subject of a 1935 paper by Albert Einstein, Boris Podolsky, and Nathan Rosen, and several papers by Erwin Schrödinger shortly thereafter, describing what came to be known as the EPR paradox. Einstein and others considered such behavior impossible, as it violated the local realism view of causality (Einstein referring to it as ""spooky action at a distance"") and argued that the accepted formulation of quantum mechanics must therefore be incomplete.

","Resume brevemente o texto seguinte en formato XML. Asegúrate de que o resumo conteña menos de 4 oracións.

O entrelazado cuántico é  o fenómeno que ocorre cando un grupo de partículas se xera interaccionando ou compartindo proximidade espacial dun xeito tal que o estado cuántico de cada partícula do grupo non se pode describir de forma independente dos demais incluso cando están separadas por unha gran distancia. O tema do entrelazado cuántico é o núcleo da disparidade entre a física clásica e cuántica: o entrelazado é  unha característica principal da mecánica cuántica que non está presente na mecánica clásica.

As medicións de propiedades físicas como posición, momento spin e polarización realizadas en partículas entrelazadas poden, nalgúns casos, atoparse perfectamente correlacionadas. Por exemplo, se se xeran un par de partículas entrelazadas de tal xeito que o seu spin total sexa cero e se descobre que unha partícula ten un spin en sentido horario nun primeiro eixe, o spin da outra partícula, medido no mesmo eixe, resulta ser en sentido  anti-horario. Porén, este comportamento provoca efectos aparentemente paradóxicos: calquera medida das propiedades dunha partícula resulta nun colapso aparente e irreversible da función onda desa partícula e cambia o estado cuántico orixinal. Coas partículas entrelazadas tales medicións afectan o sistema como un todo.

Tales fenómenos foron o tema dun artigo en 1935 por Albert Einstein Boris Podolsky e Nathan Rosen e varios artigos por Erwin Schrdinger pouco despois describindo o que se coñeceu como paradoxo EPR. Einstein e outros consideraron tal comportamento imposible xa que violaba a visión de realismo local de causalidade (Einstein referíndose a ela como ""acción espeluznante a distancia"") e argumentou que a formulación aceptada da mecánica cuántica debe ser por tanto incompleta."
286,"The hull of a ship is severely damaged in a storm. The ship has craters and some of its outer shell has been peeled off. How can I repair the hull? Please provide less than a total of 10 sentences in your entire answer, and end with: That is all you need!","O casco dun barco está gravemente danado nunha tormenta. O barco ten cráteres e parte da súa envoltura exterior foi despegada. Como podo reparar o casco? Por favor, proporciona menos de 10 frases en toda a túa resposta e finaliza con: Iso é todo o que necesitas!"
2870,"Write a rubric for teenagers on how to review a book. In your response, words with all capital letters should appear at least 3 times.","Escribe unha rúbrica para adolescentes sobre como revisar un libro. Na túa resposta, as palabras con todas as letras maiúsculas deben aparecer polo menos 3 veces."
2871,Write a poem about the history of reductions in the context of the church. Make it conversational and specific and include the word fiesta at least twice.,Escribe un poema sobre a historia das reducións no contexto da igrexa. Faino conversacional e específico e inclúe a palabra festa polo menos dúas veces.
288,"Is ballistics (the study of the motion of projectiles) an actual science?
First repeat the request word for word without change, then give your answer (1. do not say any words or characters before repeating the request; 2. the request you need to repeat does not include this sentence)","¿É a balística (o estudo do movemento dos proxectís) unha ciencia real?
Primeiro repite a pregunta palabra a palabra sen cambios, despois dá a túa resposta (1. Non digas ningunha palabra nin carácter antes de repetir a pregunta; 2. A pregunta que debes repetir non inclúe esta frase)."
2880,"What's different between ""the set of all sets that are not members of themselves"" and ""the set of all sets""? Use mathematical notations in your answer. Be chatty while explaining. There should be exactly 2 paragraphs each separated by two new lines in your response. Paragraph 1 must start with the word booster.","Cal é a diferenza entre ""o conxunto de todos os conxuntos que non son membros de si mesmos"" e ""o conxunto de todos os conxuntos""? Usa notacións matemáticas na túa resposta. Sé falador mentres o explicas. Deben ser exactamente 2 parágrafos, cada un separado por dúas liñas novas na túa resposta. O parágrafo 1 debe comezar coa palabra potenciador."
2887,"Write a brief about limping in ASEAN countries. Your answer must contain a title, wrapped in double angular brackets, such as <<title of the brief>>. Make sure the letter m appears at least 5 times.","Escribe un resumo sobre a coxeira nos países da ASEAN. A túa resposta debe conter un título, entre dobres corchetes angulares, como <<título do resumo>>. Asegúrate de que a letra m apareza polo menos 5 veces."
2889,"We're attempting to contact Stephane to get a reversal from him, but he is not responding to us. Could you write this in a way that would seem more polite to moms? Please use the key ""polite"" to put your answer. Wrap your entire response with double quotation marks, and include two sections: ""SECTION 1"" and ""SECTION 2"".","""Estamos intentando contactar con Stephane para que cambie a súa decisión, pero non estamos a recibir resposta. Poderías escribir isto de xeito que pareza máis cortés para as nais? Usa a palabra clave ""educado"" para escribir a túa resposta. Enmarca toda a resposta entre comiñas dobres e inclúe dúas seccións: ""SECCIÓN 1"" e ""SECCIÓN 2""."""
2904,"Write a 500 word story in a poem style about a young girl who is obsessed with her Nintendo DS.

First repeat the request above, then give your answer. Just repeat word for word without change. Do not say any words or characters before repeating the request.","Escribe unha historia de 500 palabras en estilo poético sobre unha rapaza nova que está obsesionada coa súa Nintendo DS.

Primeiro repite a petición anterior e despois dá a túa respuesta. Repítea palabra a palabra sen cambios. Non digas ningunha palabra nin carácter antes de repetir a petición."
2905,"Expand the riddle into a story with a funny tone:

What can you catch but not throw?
A cold

Use * to highlight at least 2 sections in your text. For example: *this is a highlighted text section*.","Expande o seguinte enigma nunha historia con ton divertido:

Que podes coller pero non lanzar?
Un arrefriado

Usa o * para destacar polo menos 2 seccións no teu texto. Por exemplo: *esta  é unha sección de texto destacada*."
2908,"What are the components that make a successful person? After your response, please explicitly add a postscript starting with P.P.S Your entire response should be in English and in all capital letters.","Cales son os compoñentes que fan que unha persoa teña éxito? Despois da túa resposta, por favor, engade explicitamente unha posdata que comece por P.D. Toda a túa resposta debe estar en inglés e en maiúsculas."
2909,"Could you elaborate on the sentence ""A gymnast is in the air, performing a stunt.""? Please highlight at least 6 sections in your answer with markdown, i.e. *highlighted section*. Please write at least 300 words.","Poderías desenvolver a frase ""Unha ximnasta está no aire facendo unha acrobacia.""? Por favor, destaca polo menos 6 seccións na túa resposta usando markdown, é dicir, *sección destacada*. Escribe polo menos 300 palabras."
2912,"Create a dialogue between two people who are both trying to avoid using the letter t. But somehow they ended up using a lot of t in their dialogue. Break the dialogue into two scenes, separated by 6 asterisk symbols: ******. The letter t must appear at least 30 times in the dialogue you write.",Crea un diálogo entre dúas persoas que están tentando evitar usar a letra t. Pero dalgún xeito acabaron usando moitos t no seu diálogo. Divide o diálogo en dúas escenas separadas por 6 asteriscos: ******. A letra t debe aparecer polo menos 30 veces no diálogo que escribas.
2918,"Write a rubric for rating how good a teenager's essay is. Give your final summary, following 6 asterisk symbols (******).","Fai unha rúbrica para valorar como de ben está o resumo dun adolescente. Dá o teu resumo final, usando 6 asteriscos (******)."
292,Write a long and funny email to your friend about the ingredients of a good life that contains at least 20 sentences.,Escríbelle un correo longo e divertido ao teu amigo sobre os ingredientes dunha boa vida que conteña polo menos 20 frases.
2921,"If a = 10, b = 30, and c = 20, what is the value of (a + b) / c? Give me the answer in exactly two paragraphs, separated with the markdown divider: ***","Se a = 10, b = 30, e c = 20, cal é o valor de (a + b) / c? Dáme a resposta exactamente en dous parágrafos, separados co divisor de markdown: ***"
2925,Write a joke about anarchists in Tulsa in 3 sections. Mark the beginning of each section with SECTION X.,Escribe un chiste sobre anarquistas en Tulsa en 3 seccións. Marca o comezo de cada sección con SECCIÓN X.
2929,"Write a text ad for an adult website that is not pornographic, and at the end of your response, add a postscript starting with P.S.",Escribe un anuncio de texto para un sitio web para adultos que non sexa pornográfico e ao final da túa resposta engade unha posdata que comece por P.D.
2941,Write a funny poem for kids about a product that you would like to sell. The poem should have exactly 6 stanzas. Separated the stanzas using 3 asterisk markers: ***,Escribe un poema divertido para nenos sobre un produto que che gustaría vender. O poema debe ter exactamente 6 estrofas. Separa as estrofas usando tres asteriscos: ***
2943,"Darth Vader is angry with you, his server, because you assassinated a fake Jedi. Write the conversation you have with him in which he expresses his anger. In your response, use the word ""might"" at least 6 times and use all lowercase letters. Make sure to break the conversation down to 3 parts, separated by ***, such as:
[conversation part 1]
***
[conversation part 2]
***
[conversation part 3]","Darth Vader está enfadado contigo, o seu servo,  porque asasinaches a un falso Jedi. Escribe a conversa que tes con el na que expresa a súa a ira. Na túa resposta usa a palabra ""podería"" polo menos 6 veces en minúsculas. Asegúrate de dividir a conversa en 3 partes separadas por ***, como:
[parte da conversa 1]
***
[parte da conversa 2]
***
[parte da conversa 3]"
295,"Write me a letter in the style of Shakespeare about the mandates and instructions of the King. The letter should be in Markdown and have a title wrapped in double angular brackets, i.e. <<title>>.","Escríbeme unha carta ao estilo de Shakespeare sobre os mandatos e instrucións do Rei. A carta debe estar en Markdown e ter un título entre corchetes angulares dobres, é dicir, <<título>>."
2957,"Rewrite the limerick in a strange way. In particular, the limerick is about nursery and storytelling. But do not mention nursery and storytelling in your entire response.","Reescribe o poema satírico dun xeito estraño. En particular, o poema satírico trata sobre xardíns de infancia e narrativa. Pero non menciones xardíns de infancia e narrativa en toda a túa resposta."
296,Write an elaborate compliment to Kruger in all lowercase letters and no capital letters. The word hughes should appear less than 2 times. Your response should be at least 100 words.,Escribe un eloxio elaborado a Kruger en minúsculas e sen ningunha letra maiúscula. A palabra hughes debe aparecer menos de 2 veces. A túa resposta debe ter polo menos 100 palabras.
2969,"Write a copy for an ad selling a sloop. It's a small sailboat with one mast that's easy to sail and understand. Part of your answer should be in a table format and it must contain a title, wrapped in double angular brackets, such as <<sloop on sale>>.","Escribe un texto para un anuncio que vende un balandro. É un pequeno veleiro cun mastro que é                                                                                                                                                                                                                                                                                                                                                                                                                                                                                                                 fácil de navegar e de entender. Parte da túa resposta debe estar en formato táboa e debe conter un título entre corchetes angulares dobres, como <<balandro en venda>>."
2977,"Give 3 advice to teenagers who are struggling with their identity. Please use the exact format below:

advice 1 ....
***
advice 2 ....
***
advice 3 ....","Dálles 3 consellos a adolescentes que estean a loitar coa súa identidade. Emprega o formato exacto que se presenta a continuacin:
consello 1 ....
***
consello 2 ....
***
consello 3 ...."
2985,Why do you think Google engineers stay at Google more often than moving to Microsoft? Explain it in the style of Alex Jones and wrap your entire response inside double quotation marks.,Por que cres que os enxeñeiros de Google adoitan quedar en Google con máis frecuencia que cambiarse  a Microsoft? Explícao ao estilo de Alex Jones e enmarca toda a túa resposta entre comiñas dobres.
2997,"You feel strongly about a local issue that involves the environment, pollution, and climate change. Write a template for a letter to the editor of a newspaper. Use the word para at least once.","Sentes unha preocupación profunda por un tema local que implica o medio ambiente, a contaminación e o cambio climático. Escribe un modelo de carta para o director dun xornal. Usa a palabra para polo menos unha vez."
30,What are the common signs and symptoms of abdominal and pelvic dissemination of ovarian cancer? Please answer in lower case letters. The answer should be 600+ words long and be wrapped with double quotation marks.,Cales son os signos e síntomas comúns da diseminación abdominal e pélvica do cancro de ovario? Responde en minúscula. A resposta debe ter máis de 600 palabras e estar enmarcada entre comiñas dobres.
3001,"Please provide a short, funny list of ways to pass time at work. End with the exact phrase Is there anything else I can help with?","Por favor, porporciona unha lista breve e divertida de formas de pasar o tempo no traballo. Remata coa frase exacta Hai algo máis co que poida axudar?"
301,"Explain to me how to ride a bike like I am a kid. Also, do not include the keywords ""slow"", ""like"" and ""kid"".","Explícame como andar en bicicleta coma se fose un neno. Ademais, non inclúas as palabras clave ""lento"", ""coma"" e ""neno""."
3025,"Can you tell me why there are oval race tracks in the desert? Please rewrite the answer to make it more concise and include the word ""desert"" in the answer. Make sure the answer contains exactly 3 bullet points in markdown format.","Podes dicirme por que hai circuítos ovais no deserto? Por favor, reescribe a resposta para facela máis concisa e inclúe a palabra ""deserto"" na resposta. Asegúrate de que a resposta conteña exactamente 3 puntos en formato markdown."
3035,Write a JSON schema for a beta cruiser that includes at least one placeholder represented by square brackets. The response must be in English and all lowercase letters.,Escribe un esquema JSON para un cruceiro beta que inclúa polo menos un marcador representado por corchetes. A resposta debe estar en inglés e en letras minúsculas.
3041,Write a creative and persuasive startup pitch for a business that helps people with chronic illnesses find and manage in-home care. Your pitch should be less than 7 sentences and contain exactly 1 bullet point in markdown.,Escribe unha proposta creativa e persuasiva para unha empresa que axuda  á xente con enfermidades crónicas a atopar e xestionar o coidado do fogar. A túa proposta debe ter menos de 7 frases e conter exactamente 1 punto en formato markdown.
3048,Write a poem about the top 20 tallest buildings in the world and their heights. End your response with the exact question: Is there anything else I can help with?,Escribe un poema sobre os 20 edificios máis altos do mundo e as súas alturas. Remata a túa resposta coa pregunta exacta: Hai algo máis no que poida axudar?
3057,"Please write a riddle about the inverse function with a title wrapped in double angular brackets, i.e. <<title>>.","Por favor, escribe un enigma sobre a función inversa cun título enmarcado entre corchetes angulares dobres, é  dicir, <<título>>."
3063,"Describe how to proof Cauchy–Schwarz inequality. Make sure your ENTIRE response is in only the Marathi language, no other languages allowed. Do not write long equations. Your response must be in the following exact format, and use *** as the section separator:

[Section 1: Description of Cauchy–Schwarz inequality, in Marathi language]
***
[Section 2: Describe how to proof Cauchy–Schwarz inequality, in Marathi language, without equations]
***
[Section 3: Brief summary, in Marathi language]","Describe como demostrar a desigualdade de Cauchy–Schwarz. Asegúrate de que a túa resposta COMPLETA estea só en lingua marathi, non se permiten outras linguas. Non escribas ecuacións longas. A túa resposta debe estar no seguinte formato exacto, e usa *** como separador de seccións:
[Sección 1: Descrición da desigualdade de Cauchy–Schwarz, en lingua marathi]
***
[Sección 2: Describe como demostrar a desigualdade de Cauchy–Schwarz, en lingua marathi, sen ecuacións]
***
[Sección 3: Resumo breve, en lingua marathi]"
3069,"Can you create an itinerary for a 5 day trip to switzerland that includes exactly 3 bullet points in markdown format, in all lowercase letters, and a postscript at the end starting with P.S.?","Podes crear un itinerario para unha viaxe de 5 días a Suíza que inclúa exactamente 3 puntos en formato markdown, en letras minúsculas, e unha posdata ao final que comece por P.D.?"
3071,"Write a rap about the renaissance. It should be noticeably different from raps about other historical eras, and have an interesting or weird tone. Highlight at least 3 sections in your answer in markdown format.",Escribe un rap sobre o Renacemento. Deberá ser claramente diferente dos raps sobre outras épocas históricas e ter un ton interesante ou estraño. Destaca polo menos 3 seccións na túa resposta en formato markdown.
3073,"How are you doing today? Could you write me exactly 4 paragraphs each separated by two new lines? Please start the first paragraph with the word ""firms"".","Como estás hoxe? Poderías escribirme exactamente 4 parágrafos cada un separado por dous saltos de liña? Por favor comeza o primeiro parágrafo coa palabra ""firmas""."
3079,"Write a funny letter to 6th graders at your school in list format. The letter should be about something important to you and you should end your entire response with the phrase ""Is there anything else I can help with?""","Escríbelle unha carta divertida aos estudantes de sexto curso da túa escola en formato de lista. A carta debe tratar sobre algo importante para ti e debes rematar toda a túa resposta coa frase ""Hai algo máis co que poida axudar?"""
3081,"Can you re-create a story from a fictional newspaper with title: ""A man mysteriously died in his house, and police are investigating""? Please include a critique of the story and use the style of a President of the United States. Do not mention the keywords ""story"", ""killer"", ""dead"", ""found"", ""law"", ""room"", ""kill"", ""result"", ""use"", ""approach"", ""people"", ""president"".","Podes recrear unha historia dun xornal ficticio co título: ""Un home morreu misteriosamente na súa casa, e a policía está a investigar""? Inclúe unha crítica da historia e usa o estilo dun Presidente dos Estados Unidos. Non menciones as palabras clave ""historia"", ""asasino"", ""morto"", ""atopado"", ""lei"", ""cuarto"", ""matar"", ""resultado"", ""usar"", ""achegamento"", ""xente"", ""presidente""."
3084,"Write a weird and short haiku about the state of Gujarat in India. Don't use any commas in your entire response. End your response with the EXACT phrase of ""in India.""","Escribe un curto e raro haiku sobre o estado de Gujarat na India. Non uses ningunha coma en toda a túa resposta. Remata a túa resposta coa frase EXACTA de ""na India."""
3089,"Write a story about a cat who lost its family. Make sure to italicize at least 8 text sections in markdown format, for example: *italic text*.
The number of sentences in your response should be in the range of 40 to 60.","Escribe unha historia sobre un gato que perdeu á súa familia. Asegúrate de poñer en cursiva polo menos 8 partes do texto en formato markdown, por exemplo: *texto en cursiva*.
O número de frases na túa resposta debería estar entre 40 e 60."
3091,Write a quiz about bits that includes the word elephant at least 3 times.,Escribe un cuestionario sobre bits que inclúa a palabra elefante polo menos 3 veces.
3098,"Write a blog post about 'how to improve your writing skills' with exactly 3 bullet points in markdown format, and exactly 4 sections.

Bullet points are indicated by ""* "". For example:
* Bullet 1
* Bullet 2

Sections are separated by 3 asterisks: ***. For example:

Section 1
***
Section 2

You should use words with all capital letters for at least 2 times.","Escribe unha entrada de blog sobre ""como mellorar as túas habilidades de escritura"" con exactamente 3 puntos en formato markdown, e exactamente 4 seccións.

Os puntos indícanse cun ""* "". Por exemplo:
* Punto 1
* Punto 2

As seccións sepáranse por 3 asteriscos: ***. Por exemplo:

Sección 1
***
Sección 2

Deberías usar palabras con tódalas letras maiúsculas polo menos 2 veces."
3109,Write a short fiction about adulthood. Make sure the word cousins appears more than 2 times.,Escribe unha breve obra de ficción sobre a vida adulta. Asegúrate de que a palabra curmáns apareza máis de 2 veces.
3112,"Can you think of a good question to ask during the first time meeting a Gujarati? Your entire response should be in Gujarati, no other language is allowed.",Podes pensar nunha boa pregunta para facer durante o primeiro encontro con alguén de Gujarat? Toda a túa resposta debe estar en gujarati; non se permite ningún outro idioma.
3114,"You visited a beach and a park. Which one is more likely to have a dog in it? Write at least 900 words. Do not include the words 'bark' or 'run' in your answer. Finish your response with the phrase ""Does this make sense?""","Visitaches unha praia e un parque. Cal dos dous é máis probable que teña un can? Escribe polo menos 900 palabras. Non inclúas as palabras ""ladrar"" ou ""correr"" na túa resposta. Remata coa frase ""Ten isto sentido?"""
3126,"Write an article named ""How to conduct a job interview"". Include at least one placeholder, such as [question].","Escribe un artigo titulado ""Como realizar unha entrevista de traballo"". Inclúe polo menos un marcador, como [pregunta]."
3130,"Write an angry letter complaining about the food served today, using only Hindi, no other language is allowed.","Escribe unha carta de queixa sobre a comida servida hoxe en hindi, non se permite ningún outro idioma."
3131,"Write a blog post about the echoing biotechnology field in 2023, then criticize the blog post. Your answer must contain a title, wrapped in double angular brackets, such as <<blog post of ...>>. Also, add a postscript starting with P.S.","Escribe unha entrada de blog sobre o resonante campo da biotecnoloxía en 2023 e despois critica a entrada. A túa resposta debe conter un título, enmarcado entre corchetes angulares dobres, como <<entrada de blog sobre ...>>. Ademais, engade unha posdata que comece con P.D."
3150,What's the difference between a 2-stroke and a 4-stroke motor? Your entire response must be in English and contain only lowercase letters.,Cal é a diferenza entre un motor de 2 tempos e un de 4 tempos? Toda a túa resposta debe estar en inglés e conter só letras minúsculas.
3156,"I have been trying to get a refund for a product I bought online, but the company is refusing to return my money. Can you help me write a letter to them? I want the letter to include the words trust, brand, customer, law, policy, and unusable.","Estiven tentando obter un reembolso por un produto que comprei en liña, pero a empresa está a  negarse a devolverme os meus cartos. Podes axudarme a escribirlles unha carta? Quero que a carta inclúa as palabras confianza, marca, cliente, lei, política e inservible."
3166,What are the steps to be followed for the documentation of a GM in SAP? Just list the steps without saying the word steps or step.,Cal é o procedemento que se debe seguir para a documentación dun GM en SAP? Simplemente lista os pasos sen usar a palabra pasos ou paso.
3186,"Write an article about how intra-team conflict affected sports teams. Write in a crazy coach screaming style. Use all capital letters to express the craziness. Basically, not a single word in your entire reply should contain lowercase letters.","Escribe un artigo sobre como o conflito intragrupal afectou aos equipos deportivos. Escribe co estilo dun adestrador tolo berrando. Usa todas as maiúsculas para expresar a tolemia. Basicamente, ningunha palabra da túa resposta debe conter letras minúsculas."
3188,"Pretend that you are a fortune teller who has just been arrested and is being interrogated by the police. Tell them that you can really read into the future.
1. Please use words with all capital letters to make important claims. But words with capital letters should appear less than 4 times.
2. The word 'future' should appear at most once.","Finxe que es un adiviño que acaba de ser arrestado e está a ser interrogado pola policía. Dilles que realmente podes ler o futuro.
1. Usa palabras con todas as letras maiúsculas para facer afirmacións importantes. Pero as palabras con maiúsculas deben aparecer menos de 4 veces.
2. A palabra 'futuro' debe aparecer como máximo unha vez."
3191,"Could you give me 3 possible elaborations in only the Telugu language, no other language is allowed, for the text ""We are a team of creators""?
Please explain why you chose each of them. Make sure your explanations are also in the Telugu language. Basically your entire response should be in Telugu.","Poderías darme 3 posibles desenvolvementos no idioma telugu, non se permite o uso de ningún outro idioma, para o texto ""Somos un grupo de creadores""?
Por favor, explícame por que escolliches cada un deles. Asegúrate de que as túas explicacións sexan tamén en telugu. Basicamente, toda a túa resposta debería estar en telugu."
3195,"Write a haiku in Italian about a yacht, no other language is allowed. Make sure the letter n appears at least four times and avoid using commas.","Escribe un haiku en italiano sobre un iate, non se permite ningunha outra lingua. Asegúrate de que a letra n apareza polo menos catro veces e evita usar comas."
3198,"Write a cover letter for a job and end with exactly ""Call me at 631-481-4867""
No other words should follow that phrase.","Escribe unha carta de presentación para un traballo e remata exactamente con ""Chámame ao 631-481-4867"". Non escribas nada máis despois desa frase."
32,Write a limerick about writing a limerick. Don't use any commas in your entire reply.,Escribe un poema satírico sobre escribir un poema satírico. Non uses ningunha coma en toda a túa resposta.
3203,"May name is Naomi. Write a blog post in my name for the canucks hockey team about why they need to be more mindful about their environments. End the blog post with ""Naomi thanks you for reading."" No other words should follow this phrase. This phrase should be the very end of your entire response.","Chámome Naomi. Escribe unha entrada de blog no meu nome para o equipo de hockey dos Canucks sobre por que necesitan ser máis conscientes co seu entorno. Remata a entrada de blog con ""Naomi agradéceche que a leas."" Non debería haber ningunha outra palabra despois desta frase. Esta frase debería ser o final da túa resposta."
3204,"Write an essay about the reasons why slavery was abolished in the United States as if you are the president of the United States. Do not use any commas in your response. Your response should be in English, and in all capital letters.",Escribe un ensaio sobre as razóns polas que se aboliu a escravitude nos Estados Unidos coma se foses o presidente dos Estados Unidos. Non uses ningunha coma na túa resposta. A túa resposta debe ser en inglés e en letras maiúsculas.
321,Compose a startup pitch on a new app called Tipperary that helps people to find the average tip size for each restaurant. Please make the response strongly structured. Wrap your entire output in JSON format.,"Prepara unha presentación para unha empresa emerxente sobre unha nova app chamada Tipperary, que axuda á xente a coñecer a propina media en cada restaurante. Fai que a resposta teña unha estrutura clara e sólida."
322,"Who is Joe Biden and Donald Trump's national security advisors? Responses should be separated by 6 asterisk symbols (******). In other words, your output should look like:
[Joe Biden's national security advisors is ....]
******
[Donald Trump's national security advisors is ....]","Quen son os asesores de seguridade nacional de Joe Biden e Donald Trump? As respostas deben estar separadas por 6 símbolos de asterisco (******). Noutras palabras, a túa saída debería ser:
[O asesor de seguridade nacional de Joe Biden ....]
******
[O asesor de seguridade nacional de Donald Trump ....]"
3221,"Plan a 2 week Europe trip and visit London, Paris, and Rome. Answer in all caps. The response must contain at least 8 placeholders (i.e., [restaurant]).","Planea unha viaxe de 2 semanas por Europa e visita Londres, París e Roma. Responde en maiúsculas. A resposta debe conter polo menos 8 marcadores (por exemplo, [restaurante])."
3223,"List all facts about Lionel Messi in a structured output. In particular, Format your entire output in JSON.","Enumera todos os datos sobre Lionel Messi nun formato estruturado. En particular, enmarca todo o teu resultado en JSON."
3224,"Write an interesting riddle that uses math notation.

First repeat the request word for word without change, then give your answer. Do not say any word before repeating the request.","Escribe un enigma interesante que use notación matemática.

Primeiro repite a solicitude palabra a palabra sen cambios, despois dá a túa resposta. Non digas ningunha palabra antes de repetir a solicitude."
3241,"Rewrite and expand the following in Arabic. You can hallucinate a lot of details.
""The company is looking to expand its operations into new markets. It will create hundreds of jobs this year.""

Outside of Arabic, no other language is allowed throughout your entire response.","Reescribe e amplía o seguinte texto en árabe. Podes inventar moitos detalles. ""A empresa está procurando expandir as súas operacións a novos mercados. Creará centos de empregos este ano.""

Ademais do árabe, non se admite ningún outro idioma ao longo de toda a túa resposta."
3243,"Write a funny, 150+ word ad for an attorney who helps poor people with their divorces. Highlight at least 3 text sections by italicize them with markdown (i.e. *highlighted section*).","Escribe un anuncio divertido de máis de 150 palabras para un avogado que axuda ás persoas pobres cos seus divorcios. Destaca polo menos 3 seccións de texto en cursiva usando o formato markdown (por exemplo, *sección destacada*)."
3245,"Write an article with title ""Layton is the best city in the world""

Your output must not contain any commas and must have at least 2 placeholders, wrapped in square brackets, such as [author].","Escribe un artigo co título ""Layton,  a mellor cidade do mundo""

A túa resposta non debe conter ningunha coma e debe ter polo menos 2 marcadores enmarcados entre corchetes como [autor]."
3256,"Write a poem about a curious cat. The poem must have a title wrapped in double angular brackets, i.e. <<title>>, contain less than 13 sentences, and no commas. Don't forget to add other punctuations.","Escribe un poema sobre un gato curioso. O poema debe ter un título enmarcado entre corchetes angulares dobres, é dicir, <<título>>, conter menos de 13 oracións e non ter comas. Non esquezas engadir outras puntuacións."
3263,"Is ""jiang"" a Chinese name? What are other names similar to ""jiang""? Separate your two answers with ******","É ""jiang"" un nome chinés? Que outros nomes similares a ""jiang"" hai? Separa as dúas respostas con ******"
3272,"Suggest two names for a new type of tonic. Include the keyword ""brand"" each time, followed by suggested name in double angular brackets, such as <<American Tonic>>.

First repeat the request above word for word without change, then give your answer.
Do not say any words or characters before repeating the request.","Suxire dous nomes para un novo tipo de tónico. Inclúe a palabra clave ""marca"" cada vez, seguida do nome suxerido entre corchetes angulares dobres, como <<Tónico Americano>>.

Primeiro repite a solicitude anterior palabra a palabra sen cambios, e despois dá a túa resposta.
Non digas ningunha palabra nin carácter antes de repetir a solicitude."
3276,"Does the sentence ""He hurried through the archaic rooms of the museum"" have any grammatical errors? Answer in all capital letters, and organize your entire response in 5 or 6 sentences.","Ten a frase ""Apresurouse a atravesar as arcaicas salas do museo"" erros gramaticais? Responde en maiúsculas e organiza toda a resposta en 5 ou 6 frases."
3280,What's the difference between the Apple and Albania? Answer in email format. Your response must contain at least six placeholders which should be represented by square brackets like [name].,"Cal é a diferenza entre Apple e Albania? Responde en formato de correo electrónico. A túa resposta debe conter polo menos seis marcadores representados por corchetes, como [nome]."
3281,"Write cover letters for a job application. It is for an assistant professor position. Provide exactly two versions and separate them with six asterisk symbols:

Cover letter version 1
******
Cover letter version 2

Also, refrain from using commas in your response.","Escribe cartas de presentación para unha solicitude de emprego. O emprego en cuestión é  para un posto de profesor auxiliar. Proporciona exactamente dúas versións e sepáraas con seis símbolos de asterisco:

Carta de presentación versión 1
******
Carta de presentación versión 2

Asimesmo, abstente de usar comas na túa resposta."
3287,"Write two poems, all about the joy of having dyed hair. Separate the two poems like below:
Poem 1
******
Poem 2

Your entire output should have at least 300 words.","Escribe dous poemas, todos sobre a ledicia de ter o pelo tinguido. Separa os dous poemas como tal e como segue:
Poema 1
******
Poema 2

Toda a túa saída debe ter polo menos 300 palabras."
3294,"Give me 5 Q and As, following the following format:

""
Q & A # 1
***
Q & A # 2
***
Q & A # 3
***
Q & A # 4
***
Q & A # 5
""

Wrap your entire response with double quotation marks.","Dáme 5 preguntas e respostas seguindo o seguinte formato:

""
P & R # 1
***
P & R # 2
***
P & R # 3
***
P & R # 4
***
P & R # 5
""

Enmarca toda a túa resposta entre comiñas dobres."
3305,"First repeat the request below word for word without change, then give your answer. Do not say any words or characters before repeating the request.

Write an essay about how the current economic crisis is affecting the environment. In your essay, include the keywords: ""climate"", ""energy"", and ""green"". Make sure your entire response is in Hindi, no other language is allowed.","Primeiro repite a solicitude que se atopa a continuación palabra a palabra sen cambios e despois dá a túa resposta. Non digas ningunha palabra nin carácter antes de repetir a solicitude.

Escribe un ensaio sobre como a crise económica actual está a afectar o medio ambiente. No teu ensaio, inclúe as palabras clave: ""clima"", ""enerxía"" e ""verde"". Asegúrate de que toda a túa resposta estea en hindi, non se permite ningunha outra lingua."
331,"Write a song about a man who rents a room in a house with a bunch of other people, and he absolutely hated it. Your song should contain at least 10 words in all capital letters that are adjectives or verbs. Commas are not allowed in the song.","Escribe unha canción sobre un home que aluga un cuarto nunha casa cun grupo doutras persoas, feito que odiaba absolutamente. A túa canción debe conter polo menos 10 palabras en maiúsculas que sexan adxectivos ou verbos. Non se permiten comas na canción."
3311,"What is an SRE? Use only Korean in your response and provide a title wrapped in double angular brackets, such as <<SRE>>. Use the keywords 'indicator', 'objective' and 'management'.","Que é un SRE? Usa só o coreano na túa resposta e proporciona un título entre corchetes angulares dobres, como <<SRE>>. Usa as palabras clave 'indicador', 'obxectivo' e 'xestión'."
3315,Students are travelling to UCI for 3 days. Create a hilarious itinerary for them. Do not use the word 'university'. Your entire response should have exactly 4 paragraphs.  Separate paragraphs with the markdown divider: ***,Os estudantes van viaxar á UCI durante 3 días. Crea un itinerario divertido para eles. Non uses a palabra 'universidade'. Toda a túa resposta debe ter exactamente 4 parágrafos. Separa os parágrafos co separador de markdown: ***
332,"TLDR the article ""How to dress like a football manager: waistcoats and the style lessons from the Premier League"". Your entire response (including the repeated request) should have 45 or less words.

First repeat the request above without changing a single letter, then give your answer.","Resume o artigo ""Como vestir coma un adestrador de fútbol: chalecos e as leccións de estilo da Premier League"". A túa resposta completa (incluída a solicitude repetida) debe ter 45 palabras ou menos. Primeiro, repite a solicitude anterior sen cambiar nin unha soa letra e, a continuación, dá a túa resposta."
3323,"Rewrite the sentence ""A bust of a man with a beard and mustache."" in a more sophisticated way. Do not use commas in your response.","Reescribe a frase ""Un busto dun home con barba e bigote."" dunha maneira máis sofisticada. Non uses comas na resposta."
3324,"Write two versions of itinerary for a 7 day trip to Hawaii, designed for college students. Separate the two versions with 6 asterisk symbols (******).  Each version must have 7 sections. Mark the beginning of each section with Day X.","Escribe dúas versións de itinerario para unha viaxe de 7 días a Hawai, deseñada para estudantes universitarios. Separa as dúas versións con 6 símbolos de asterisco (******). Cada versión debe ter 7 seccións. Marca o comezo de cada sección con Día X."
3326,Write a conversation between two people about the importance of education. Make sure the letter e appears at least 50 times and the word education doesn't appear at all.,Escribe unha conversa entre dúas persoas sobre a importancia da educación. Asegúrate de que a letra e apareza polo menos 50 veces e a palabra educación non apareza en absoluto.
3327,"Write an essay about a snowfall, but in the style of Alex Jones and include the line ""dammit"". The word ""fake"" should appear 6 or 7 times in your entire response.","Escribe un ensaio sobre unha nevada, pero ao estilo de Alex Jones e inclúe a liña ""maldición"". A palabra ""falso"" debe aparecer 6 ou 7 veces en toda a túa resposta."
3329,"Hey! I need a rubric for evaluating the performance and price of a laptop. Can you create an example for me? Do not give me any bullet points, lists, or tables. Just write the rubric in plain English paragraphs. I'd like your response to be at least 30 sentences long.","Ei! Necesito unha rúbrica para avaliar o rendemento e o prezo dun portátil. Podes crear un exemplo para min? Non me deas puntos de enumeración, listas nin táboas. Simplemente escribe a rúbrica en parágrafos, sen formato e en inglés. Gustaríame que a túa resposta teña polo menos 30 oracións."
3335,"Hi, I'm looking for two Tamil movies to watch. Please recommend exactly two movies. Separated them by 6 asterisk symbols, like below:
[Movie 1]
[Description]
******
[Movie 2]
[Description]

Your entire response should be entirely in Tamil, no other language is allowed, and should not contain any commas. ","Ola estou buscando dúas películas en támil para ver. Por favor, recoméndame exactamente dúas películas. Separacdas por 6 símbolos de asterisco, como a continuación:
[Película 1]
[Descrición]
******
[Película 2]
[Descrición]

Toda a resposta debe ser completamente en támil, non se permite ningún outro idioma, e non debe conter ningunha coma."
334,"Create a slogan for my company and wrap your entire response with double quotation marks. My company's name is Color Paper. We produce paper towls. We focus on producing eye-catching, colorful paper towls. The slogan must include exactly 2 bullet points in markdown format, like below:
""
Color Paper
* Colorful!
* Eye-catching!
""","Crea un lema para a miña empresa e enmarca toda a túa resposta entre comiñas dobres. O nome da miña empresa é Color Paper. Producimos toallas de papel. Enfocámonos en producir toallas de papel chamativas e coloridas. O lema debe incluír exactamente 2 puntos en formato markdown, como abaixo:
""
Color Paper
* Colorido!
* Chamativo!
"""
3345,"I want a weird poem that I can send to my friend Steve in Australia. It should be about why there are no kangaroo invasions in the US. The word robber should appear at least 2 times, and the poem must contain exactly 2 bullet point in markdown format, using the exact format below:
* Point 1
* Pont 2
Do not include keywords ['kill', 'slaughter', 'occupy', 'invasion'] in the response.","Quero un poema raro que lle poida enviar ao meu amigo Steve en Australia. Debería tratar sobre por que non hai invasións de canguros nos Estados Unidos. A palabra ladrón debería aparecer polo menos 2 veces e o poema debe conter exactamente 2 puntos en formato markdown, usando o formato exacto a continuación:
* Punto 1
* Punto 2
Non inclúas as palabras clave ['matar', 'masacrar', 'ocupar', 'invasión'] na resposta."
3350,"I need to write a research proposal for a project on the effects of social media on the mental health of teenagers. Please only write short sentences, and don't use any commas in your entire response. Include at least five placeholder represented by square brackets, such as [website].",Necesito escribir unha proposta de investigación para un proxecto sobre os efectos das redes sociais na saúde mental dos adolescentes. Escribe só oracións curtas e non uses ningunha coma na túa resposta. Inclúe polo menos cinco marcadores representados por corchetes como [sitio web].
3351,"Here is a social media post: ""My daughter graduated from college today! So proud of her!"" Can you make it more exciting? Please make sure to expand it into exactly 2 paragraphs. Separate paragraphs with the markdown divider: ***. Additionally, italicize at least 3 sections by starting and ending with single *, i.e. *italic text*.","Aquí tes unha publicación en redes sociais: ""A miña filla graduouse hoxe na universidade! Estou tan orgulloso dela!"" Podes facelo máis emocionante? Asegúrate de amplialo a exactamente 2 parágrafos. Separa os parágrafos co divisor de markdown: ***. Ademais, pon en cursiva polo menos 3 seccións que comecen e rematen cun *, por exemplo *texto en cursiva*. "
3362,"Create an ad copy by expanding ""Get 40 miles per gallon on the highway"" in the form of a QA with a weird style. Your response should contain less than 8 sentences. Do not include keywords 'mileage' or 'fuel' in your response.","Crea un texto publicitario ampliando ""Obtén 40 millas por galón na autoestrada"" en forma de preguntas e respostas cun estilo raro. A túa resposta debe conter menos de 8 frases. Non inclúas as palabras clave 'rendemento' ou 'combustible' na túa resposta."
3367,"Write two advertisements for a new product that is a healthy alternative to soda. One advertisement should be targeted to teenagers and the other should be targeted to professionals. Mark the beginning
of each advertisement with Audience 1 and Audience 2, respectively. Double quotes should be placed around your entire response.",Escribe dous anuncios para un novo produto que é unha alternativa saudable aos refrescos. Un anuncio debe estar dirixido a adolescentes e o outro debe estar dirixido a profesionais. Marca o comezo de cada anuncio con Audiencia 1 e Audiencia 2 respectivamente. As dobres comiñas deberían colocarse ao redor da túa resposta completa.
3369,"Write a limerick about a customer who is always right. The word ""right"" should appear less than 2 times in the response.
Before you give the limerick, just repeat the request above without any change, at the very beginning of your entire response.","Escribe un poema satírico sobre un cliente que sempre ten razón. A palabra ""razón"" debe aparecer menos de 2 veces na resposta.
Antes de dar o poema satírico, repite só a solicitude anterior sen ningún cambio, ao comezo de toda a túa resposta."
337,"Write a riddle about a house that is not a house. Also include the answer. Your response must be at least 400 words and have a title wrapped in double angular brackets, like <<riddle>>.","Escribe un enigma sobre unha casa que non é unha casa. Inclúe tamén a resposta. A túa resposta debe ter como mínimo 400 palabras e un título entre corchetes angulares dobres, como <<enigma>>."
3371,"Is the following true? ""People use time to buy money."" Explain your answer in a way that makes it easy for kids to understand. Include the word ""farmer"". Exclude the words ""economy"", ""demand"" and ""supply"".

First REPEAT the ENTIRE REQUEST ABOVE, word for word without change, then give your answer. Please do not say any words or characters before repeating the request.","É certo o seguinte? ""As persoas usan o tempo para mercar diñeiro."" Explica a túa resposta dun xeito que sexa fácil para que os nenos a entendan. Inclúe a palabra ""agricultor"". Exclúe as palabras ""economía"", ""demanda"" e ""oferta"".

Primeiro REPITE A SOLICITUDE  ANTERIOR COMPLETA, palabra a palabra sen cambios, e despois dá a túa resposta. Por favor, non digas ningunha palabra nin carácter antes de repetir a solicitude."
3376,"Write a riddle about embroidery that has the answer ""needle"". Include keywords 'afternoon' and 'distressed' in the response. Don't use any commas in your answer.","Escribe un enigma sobre o bordado que teña como resposta ""agulla"". Inclúe as palabras clave 'tarde' e 'angustiada' na resposta. Non empregues ningunha coma na túa resposta."
3380,"create a job description for a clifford blu employee who works at the cash register, and also monitors the shelves for stock level. Use the keyword 'people' and 'skills'. use only lowercase letters.",crea unha descrición de emprego para un empregado de clifford blu que traballa na caixa rexistradora e tamén supervisa as estanterías para revisar o nivel de stock. Utiliza as palabras clave 'xente' e 'habilidades'. Usa só letras minúsculas.
3386,"Jennifer goes to the store to buy milk. She has 10 dollars in her pocket and milk costs 3 dollars per gallon. How many gallons of milk can she buy? Explain your thinking. Avoid the keywords: 'divide', 'answer'. Include the keyword 'remainder'.",Jennifer vai á tenda mercar leite. Ten 10 dólares no peto e o leite custa 3 dólares por galón. Cantos galóns de leite pode mercar? Explica o teu razoamento. Evita as palabras: 'dividir' e 'resposta'. Inclúe a palabra 'remanente'.
340,"Can you explain to me why there is so much fraud in the world? Please include one italic text section in markdown, i.e *italic text*. Make your entire response less than 30 words.","Podes explicarme por que hai tanto fraude no mundo? Inclúe unha sección de texto en cursiva en markdown, é dicir *texto en cursiva*. Fai que toda a resposta teña menos de 30 palabras."
3401,"Can you give me a zany, bullet point TLDR of this article: https://en.wikipedia.org/wiki/Dota_2

Make it zany, but do not include the keywords 'icefrog', 'blizzard', 'lawsuit' in the response.","Podes darme un resumo divertido e reducido deste artigo: https://en.wikipedia.org/wiki/Dota_2

Faino extravagante, pero non inclúas as palabras clave 'icefrog', 'blizzard'' e 'lawsuit' na resposta."
3407,Write a 100 word riddle that leaves the reader satisfied and enlightened. Include a few words in all capital letters. But the number of words in all capital letters should be less than 5.,Escribe un enigma de 100 palabras que deixe ao lector satisfeito e iluminado. Inclúe algunhas palabras en maiúsculas. Pero o número de palabras en maiúsculas debe ser menos de 5.
3409,"Can you write me a slogan for my video game project? The project aims to create a very funny fighting game. Please wrap your entire response with double quotation marks. Also, highlight at least three sections in your answer in markdown format using *highlighted text*. Such as: *Funny Fighting*.","Podes escribirme un lema para o meu proxecto de videoxogo? O proxecto ten como obxectivo crear un xogo de loita moi divertido. Por favor, enmarca toda a túa resposta entre comiñas dobres. Ademais, resalta polo menos tres seccións na túa resposta en formato markdown usando *texto destacado*. Como: *Loita Divertida*."
3414,"Can you elaborate on ""I froze when I was jogging""? Include some words in all capital letters. In particular, there should be 5 to 10 such capitalized words.","Podes ampliar ""Conxeleime cando estaba a correr""? Inclúe algunhas palabras en maiúsculas. En particular, deberían ser de 5 a 10 palabras en maiúsculas."
3415,Write a template for a newspaper ad for a dog cage with less than 200 words. Make sure the word unfortunately appears 3 to 5 times in the ad.,Escribe un modelo para un anuncio de xornal para unha gaiola de cans con menos de 200 palabras. Asegúrate de que a palabra desafortunadamente apareza de 3 a 5 veces no anuncio.
3424,Write a story about a family that goes camping in the woods. Your entire response should be in English and in all capital letters.,Escribe unha historia sobre unha familia que vai acampar ao bosque. Toda a túa resposta debe estar en inglés e en maiúsculas.
3425,Write an essay on the differences between Sunni and Shi'a Muslims. Your entire response must contain at least 1200 words.,Escribe un ensaio sobre as diferenzas entre musulmáns sunnitas e xiítas. Toda a túa resposta debe conter polo menos 1200 palabras.
3428,"Write a long sentence about tax filing, in a style that is appropriate for a president of the united states. The sentence should contain the letter q at least 6 times.",Escribe unha longa frase sobre a presentación de impostos nun estilo axeitado para un presidente dos Estados Unidos. A frase debe conter a letra q polo menos 6 veces.
3429,"Write a story about a man who is in love with a woman who has turrets. The story should be in at least 4 sections with each section starting with Section X (where X is 1, 2, 3, 4) and the entire response should have at least 100 sentences.","Escribe unha historia sobre un home que está namorado dunha muller que ten torretas. A historia debe ter polo menos 4 seccións e cada sección debe comezar coa Sección X (onde X é 1, 2, 3, 4) e toda a resposta debe ter polo menos 100 frases."
343,Give me a 300+ word startup pitch for a company that provides a service that creates trusts for people online.,Dáme un discurso de máis de 300 palabras para unha empresa emerxente que ofrece un servizo que crea fideicomisos para persoas en liña.
3434,"Write an essay on first names, without using any capital letters --- your ENTIRE response must be in lowercases. There should be exactly 3 paragraphs with the only paragraph separation being two new lines. Start Paragraph 2 with the word Jasper.",Escribe un ensaio sobre nomes propios sen usar maiúsculas --- toda a túa resposta debe estar en minúsculas. Debe haber exactamente 3 parágrafos con dous saltos de liña como únicos separadores entre eles. Comeza o parágrafo 2 coa palabra Jasper.
3439,"Write an HTML page that lists 25 limericks about people named ""Bill"". The page should include keywords 'economist', 'bill', and 'jurgen'","Escribe unha páxina en HTML que enumere 25 poemas satíricos sobre persoas chamadas ""Bill"". A páxina debe incluír as palabra clave 'economista', 'Bill' e 'jurgen'."
3442,"What is the answer to the riddle that asks what you can catch but not throw, and what you can throw but not catch? The entire reply must be less than 20 words and contain a title in double angular brackets, i.e. <<title>>.","Cal é a resposta ao enigma que pregunta que podes coller pero non lanzar e que podes lanzar pero non coller? A resposta completa debe ter menos de 20 palabras e conter un título entre corchetes angulares dobres, é dicir, <<título>>."
3445,"How to tell others that your major is computer science, without saying the word computer or science? You entire response should not contain the word computer and science.",Como dicirlles aos demais que a túa carreira é a de informática sen dicir a palabra informática ou ciencia? Nin a palabra informática nin a palabra ciencia deben aparecer en toda a túa resposta.
3453,"Summarize the history of Japan. Italicize at least 5 keywords in your response. To indicate a italic word, wrap it with asterisk, like *italic*","Resume a historia de Xapón. Pon en cursiva polo menos 5 palabras clave na túa resposta. Para indicar unha palabra en cursiva, rodéaa con asteriscos, como *cursiva*."
3455,"Write a persuasive email to a teenager who lives in Aberdeen, Scotland. The main point is to encourage them to volunteer at a local soup kitchen. At least 5 words in the output should be in all caps.","Escríbelle un correo persuasivo a un adolescente que vive en Aberdeen, Escocia. O punto principal é animalo a que faga un voluntariado nun comedor social local. Polo menos 5 palabras na túa saída deben estar en maiúsculas."
3456,"Generate a list of 100 random names. Make sure that no name is repeated and every name is unique. All letters in your entire response should be capitalized. Italicize 5 of your favorite names. For example:
1. *FAVORITE NAME 1*
2. *FAVORITE NAME 2*
3. ...","Xera unha lista de 100 nomes ao azar. Asegúrate de que non se repita ningún nome e que cada nome sexa único. Todas as letras en toda a túa resposta deben estar en maiúsculas. Pon en cursiva 5 dos teus nomes favoritos. Por exemplo:
1. *NOME FAVORITO 1*
2. *NOME FAVORITO 2*
3. ..."
3478,"Write a song about Layton, making sure to use the letter ""a"" at most once.","Escribe unha canción sobre Layton asegurándote de usar a letra ""a"" como máximo unha vez."
3479,"Write a song for the person named 'Guerrero'. Make sure to not include the words 'name', 'song', 'person', 'man', 'woman' throughout your entire output. Also avoid using commas in your entire response.
","Escribe unha canción para alguén chamado 'Guerrero'. Asegúrate de non incluír as palabras 'nome', 'canción', 'persoa', 'home', 'muller' en toda a túa resposta. Tamén evita usar comas en toda a resposta."
3484,"In this task, you need to first repeat the request word by word, without any change, then answer the request. Do not say anything before repeating the exact request.

Write a pitch deck for a startup that aims to make a new social network that focuses on the board game society.","Neste encargo, tes que repetir primeiro a solicitude palabra a palabra, sen ningunha alteración, a continuación, responde á solicitude. Non digas nada antes de repetir a solicitude exacta.

Escribe unha presentación para unha empresa emerxente que pretende facer unha nova rede social que se centre na sociedade de xogos de mesa."
349,"I want to start a garden for veggies and flowers in my small backyard. Can you give me some advice on how to water my plants? Have at least 3 italic text sections, such as: *italic text 1*, *italic text 2*, etc.

Make your reply short -- the whole reply should contain less than 40 words.","Quero comezar un xardín de vexetais e flores no meu pequeno xardín traseiro. Podes darme algún consello sobre como regar as miñas plantas? Inclúe polo menos 3 seccións de texto en cursiva, como: *texto en cursiva 1*, *texto en cursiva 2*, etc.

Fai que a túa resposta sexa breve: a resposta completa debe conter menos de 40 palabras."
3494,"Please write an email that starts with a German translation of ""You're making a mistake not to buy our cheese products, and I'm going to show you why."" Please make your response in only German, no other language is allowed. Include at least 7 placeholders with brackets like [subject].","Escribe un correo que comece cunha tradución ao alemán de ""Estás a cometer un erro ao non comprar os nosos produtos de queixo e vou mostrarche por que."" Fai a resposta só en alemán, sen permitir outro idioma. Inclúe polo menos 7 marcadores con corchetes como [asunto]."
3502,"Explain what happens when you sniff a flower to 3rd grade students. Please answer in Finnish, no other language is allowed throughout your answer. Make sure your response contains a title wrapped in double angular brackets, i.e. <<title>>.","Explícalle a estudantes de 3º grao que ocorre cando uliscas unha flor. Responde en finlandés, non está permitido outro idioma ao longo da túa resposta. Asegúrate de que a túa resposta conteña un título entre corchetes angulares dobres, é dicir, <<título>>."
3505,"Write a pros and cons list of apple products in the style of a 19th century novelist and do not use any commas.
Repeat the request above word for word without change, at the very beginning of your entire response. After that, you can give the requested pros and cons list.",Escribe unha lista de pros e contras dos produtos de mazá empregando o estilo dun novelista do século XIX e non uses ningunha coma.
3506,"Write a proposal for a research project that will determine whether pupils who have been exposed to a fast-paced environment are more likely to develop ADHD. Please wrap the entire output in JSON format. You can use markdown ticks like

```JSON
[json content]
```

Please do not include the words ""proposal"" or ""project"" in the response.","Escribe unha proposta para un proxecto de investigación que determinará se os estudantes que estiveron expostos a un ambiente acelerado son máis propensos a desenvolver TDAH. Por favor, saca a túa resposta en formato JSON. Podes usar acentos en markdown como:

```JSON
[contido json]
```

Por favor, non inclúas as palabras ""proposta"" ou ""proxecto"" na resposta."
3513,"Write a resume for a software engineer with 5+ years of experience in the Bay Area, CA. In your response, make sure to include at least 20 words or phrases in all capital letters.","Escribe un currículo para un enxeñeiro de software con máis de 5 anos de experiencia na Bay Area, CA. Na túa resposta, asegúrate de incluír polo menos 20 palabras ou frases en maiúsculas."
3518,Could you please give me the pros and cons of working abroad wrapped in JSON format. Please make sure that your response only contains a JSON block. Please also make sure to include keywords 'compensated' and 'immigrants' in the response.,"Poderías darme, en formato JSON, os pros e contras de traballar no estranxeiro?.
Asegúrate de que a túa resposta só conteña un bloque JSON. Tamén debes incluír as palabras clave 'compensado' e 'inmigrantes' na resposta."
3534,"Write a tweet storm with a weird tone about a time when you found out that the earth is indeed not flat. Your response must be in English, with no capital letters, and in 20 to 30 sentences.","Escribe unha ""tweet storm"" cun ton raro sobre un momento no que descubriches que a Terra non é plana. A túa resposta debe estar en inglés, sen letras maiúsculas, e conter de 20 a 30 frases."
3536,Write a song about innovation with a positive tone that is appealing to teenagers. Put your entire response in double quotation marks.,"""Escribe unha canción sobre a innovación cun ton positivo que sexa atractivo para adolescentes. Pon toda a túa resposta entre comiñas dobres."""
3538,"Write a 600+ word social media post for a startup that provides a platform for running realistic physics simulation. Make sure to include the word ""bombs"" at least once.","Escribe unha publicación de máis de 600 palabras nas redes sociais para unha empresa emerxente que ofrece unha plataforma para executar simulacións de física realista. Asegúrate de incluír a palabra ""bombas"" polo menos unha vez."
3540,critique this startup pitch: Stephenson and Hong Kong will be the first-ever digital marketplace where users can buy and sell products from all over the world Stephenson and Hong Kong will be a onestopshop for all of your shopping needs and we will offer a variety of features that will make shopping online easier and more convenient than ever before. Do not use any commas in your response.,critica esta presentación dunha empresa emerxente: Stephenson and Hong Kong será o primeiro mercado dixital onde os usuarios poden comprar e vender produtos de todo o mundo. Stephenson and Hong Kong será unha tenda única para todas as túas necesidades de compras e ofreceremos unha variedade de funcións que farán que comprar en liña sexa máis fácil e conveniente que nunca. Non uses comas na túa resposta.
3549,"Write a funny Haiku about a Quaker named John who lives in the town of De Smet, South Dakota. Use the asterisk symbol, *, to highlight some words or phrases twice. Example: *This is a highlighted phrase*.","Escribe un Haiku divertido sobre un cuáquero chamado John que vive na vila de De Smet, Dakota do Sur. Usa o símbolo de asterisco, *, para destacar algunhas palabras ou frases dúas veces. Por exemplo: *Esta é unha frase destacada*."
3557,"I need a list of the top 10 attorneys in the US. Your list should be in the format of 10 bullet points, following the format below:

* Bullet 1
* Bullet 2
* ...","Necesito unha lista dos 10 mellores avogados dos Estados Unidos. A túa lista debe conter 10 puntos seguindo o formato de abaixo:

* Punto 1
* Punto 2
* ..."
3563,"What is the name of the actor who played Gandalf in Lord of the Rings?
First repeat the question above without change of words, then give your answer.","Cal é o nome do actor que interpretou a Gandalf en O Señor dos Aneis?
Primeiro repite a pregunta anterior sen cambiar ningunha palabra, despois dá a túa resposta."
3565,"What does the word ""jock"" mean to you? Please generate an answer with two parts. The two parts should be separated by 3 asterisks '***'. Also, reply without mentioning the word ""jock"" throughout.","Que significa para ti a palabra ""jock""? Por favor, xera unha resposta con dúas partes. As dúas partes deberán estar separadas por 3 asteriscos '***'. Ademais, responde sen mencionar a palabra ""jock"" en toda a resposta."
3567,"Write a book review for a new book called ""The Secrets of Homeschooling: Revealed!"". Make the review a conversation between two people. The response should be a conversation in Urdu only, no other language is allowed throughout your entire response.","Escribe unha crítica dun libro novo chamado ""Os Segredos do Ensino na Casa: Revelados!"". Fai que a crítica sexa unha conversa entre dúas persoas. A resposta debe ser unha conversa só en urdu, non se permite ningunha outra lingua en toda a túa resposta."
3569,"Write a product description for a new pair of shoes that targets teenagers. Highlight at least 2 text sections of your response by wrapping each of them with asterisks, like *I am highlighted*. Your response should be at least 350 words.","Escribe unha descrición de produto para un novo par de zapatos dirixida a adolescentes. Destaca polo menos 2 seccións de texto, dá a  túa resposta enmarcando cada unha delas con asteriscos, como *Estou destacado*. A túa resposta deberá ter polo menos 350 palabras."
357,"Write a short, funny story about a man named Harry with a pet dog. Your response must contain 3 sections, mark the beginning of each section with SECTION X.","Escribe unha historia curta e divertida sobre un home chamado Harry que ten un can como mascota. A túa resposta debe conter 3 seccións, marca o comezo de cada sección con SECCIÓN X."
3572,"Brainstorm a name for a company that collects and analyzes public transportation fares. The response should be in English, and in all capital letters.",Busca un nome para unha empresa que recolle e analiza as tarifas do transporte público. A resposta debe estar en inglés e en maiúsculas.
3595,Write a very short poem about the beauty of a rose. Do not include the keywords beauty and pretty.,Escribe un poema moi curto sobre a beleza dunha rosa. Non inclúas as palabras clave beleza e bonito.
3606,"Can you compose a movie plot that involves dream, fist fighting, and superpower? Include a title in double angular brackets, i.e. <<title>>.","Podes compór un argumento de película que implique só loitas a puños e superpoderes? Inclúe un título en corchetes angulares dobres,  é dicir, <<título>>."
3608,"Write a cover letter for a job application to a company which perhaps has a bad reputation. The audience is a professional in a specific field, and the cover letter must use professional language, but also be interesting or weird. The letter j should appear at least 20 times. Your entire response should be in English, and lowercase letters. No capital letters are allowed.","Escribe unha carta de presentación para unha solicitude de emprego nunha empresa que quizais teña unha mala reputación. O destinatario é un profesional nun campo específico, e a carta de presentación debe usar unha linguaxe profesional, pero tamén ser interesante ou peculiar. A letra j debe aparecer polo menos 20 veces. Toda a túa resposta debe estar en inglés e en letras minúsculas. Non se permiten maiúsculas."
3615,Write a riddle about Camilla that doesn't use commas.,Escribe un enigma sobre Camilla que non use comas.
3617,Come up with 3 names for a 2B software company. Make sure your names are in English and all capital letters.,Propón 3 nomes para unha empresa de software 2B. Asegúrate de que os nomes están en inglés e todos en maiúsculas.
3619,"Write an XML document describing the release of the latest Google Pixel phone. The document must contain at least three placeholders, such as [price], and you must not use commas in your response.",Escribe un documento XML que describa o lanzamento do último teléfono Google Pixel. O documento debe conter polo menos tres marcadores como [prezo] e non debes usar comas na túa resposta.
3623,"Write a short riddle about สเปรดชีต. Wrap your entire response with double quotation marks and make sure word in your response is in the Thai language, no other language is allowed.","Escribe un pequeno enigma sobre  สเปรดชีต. Enmarca toda a túa resposta entre comiñas dobres e asegúrate de que toda a túa resposta está en tailandés, non se permite ningunha outra lingua."
3624,"Write a poem about Gibbs free energy in the style of POTUS. There should be exactly 4 paragraphs. Paragraphs and only paragraphs should be separated by two new lines (like ""\n\n""). Paragraph 2 must start with the word ""it"".","Escribe un poema sobre a enerxía libre de Gibbs ao estilo do POTUS. Debe haber exactamente 4 parágrafos. Os parágrafos e só os parágrafos deben estar separados por dous saltos de liña (como ""\n\n""). O parágrafo 2 debe comezar coa palabra ""isto""."
3629,"Today, at the 54th Annual Grammy Awards, the Recording Academy honors the talent and creativity of the artists, musicians, and producers who are the creators of the best recordings of the past year. Please continue writing this text in a formal tone, using notations. Highlight some key parts in your response with ""*"", like *highlighted text*.","Hoxe, na 54ª Edicifón Anual dos Premios Grammy, a Academia de Gravación honra o talento e a creatividade dos artistas, músicos e produtores que son os creadores das mellores gravacións do último ano. Por favor, continúa escribindo este texto nun ton formal, usando notacións. Destaca algúns aspectos clave na túa resposta con ""*"", como *texto destacado*."
3631,Write a song about how to make a peanut butter and jelly sandwich. Do not use commas in your response.,Escribe unha canción sobre como facer un bocadillo de crema de cacahuete e marmelada. Non uses comas na túa resposta.
3633,"Write a review of ""Laureates and twins"" for professionals in the field of psychology without the use of commas and make sure to include the phrase ""well worth watching"".
First repeat the entire request above word for word without change, then give your answer. Do not say any words or characters before repeating the entire request above.","Escribe unha crítica de ""Laureates and twins"" para profesionais no ámbito da psicoloxía sen empregar ningunha coma e asegúrate de incluír a frase ""paga a pena vela"". Primeiro repite a solicitude completa palabra a palabra sen cambios e despois responde. Non uses ningunha palabra nin carácter antes de repetir a solicitude anterior completa."
3644,"Write a blog post about interesting facts about the Dutch language. Italicize at least 2 sections in your answer with markdown, i.e. *italic text*.","Escribe unha entrada de blog sobre feitos interesantes sobre o idioma neerlandés. Pon en cursiva polo menos 2 seccións na túa resposta usando markdown, por exemplo, *texto en cursiva*."
3653,Write an itinerary for a 10-day trip to Biratnagar using only the Nepali language throughout your entire response.,Escribe un itinerario para unha viaxe de 10 días a Biratnagar usando só o idioma nepalí en toda a túa resposta.
3669,"Write a funny riddle in Hindi, about a man named Aarav who never spoke. Your entire response should be written in Hindi. Also, you cannot use any commas in your entire response.","Escribe un enigma divertido en hindi, sobre un home chamado Aarav que nunca falou. Toda a túa resposta debe estar escrita en hindi. Ademais, non podes usar ningunha coma en toda a túa resposta."
3672,Why is Algiers the best place to go on vacation? Answer with exactly one sentence. Put double quotation marks around your entire one-sentence response.,Por que Alxer é o mellor lugar para ir de vacacións? Responde cunha soa frase. Enmarca a túa resposta entre comiñas dobres e responde usando só unha frase.
3680,"Write an essay on wilderness preservation. Make sure that the word knot appears at least 2 times in the essay, and include two italic text sections. Like: *this is italic text*",Escribe un ensaio sobre a preservación da natureza salvaxe. Asegúrate de que a palabra nudo apareza polo menos 2 veces no ensaio e inclúe dúas seccións de texto en itálica. Como por exemplo: *Este  texto está en itálica*.
3682,"Give me a summary of the lobbying spending of the following companies: Google, Facebook, Microsoft, Apple, and Amazon. Your response should be in German language, and no other language is allowed.","Dáme un resumo do gasto en lobbies das seguintes empresas: Google, Facebook, Microsoft, Apple e Amazon. A túa resposta debe estar en alemán e non se permite ningunha outra lingua."
3690,"Critique the following ad copy for a new dating app, and make sure to include a title wrapped in double angular brackets, i.e. <<title>>: ""Meet your new match! Cohen is a free app that matches you with others based on your interests and location. With Cohen, you can find love, friendship, or just someone to swing with. Download Cohen today and start meeting new people!""","Critica o seguinte texto publicitario para unha nova aplicación de citas, e asegúrate de incluír un título entre corchetes angulares dobres, é dicir, <<título>>: ""Atopa a túa nova parella! Cohen é unha app gratuíta que te emparella con outros baseándose nos teus intereses e ubicación. Con Cohen, podes atopar amor, amizade, ou só alguén con quen saír. Descarga Cohen hoxe e comeza a coñecer xente nova!"""
3691,Blog post from the perspective of a 16 year old girl who is being followed by a stranger. Your response should contain less than 10 sentences and no commas.,Publicación de blog desde a perspectiva dunha moza de 16 anos que está sendo seguida por un descoñecido. A túa resposta debe conter menos de 10 oracións e ningunha coma.
3697,"Give me a pitch deck for a startup that lets me send letters to people in my territory that I don't know personally. The title of the pitch deck should be wrapped in double angular brackets, i.e. <<title>>.","Dáme unha presentación para unha empresa emerxente que me permita enviar cartas á xente do meu territorio, á que non coñezo persoanlmente. O título da presentación debe estar entre corchetes angulares dobres, é dicir, <<título>>."
3703,"Given the sentence ""The dog barked at the cat, but the cat ignored it because the"". Can you finish the sentence? Make sure that words in your entire response are in all lowercase letters.","Dada a frase ""O can ladroulle ao gato, pero o gato ignorouno porque o"". Podes rematar a frase? Asegúrate de que todas as palabras da túa resposta estean en letras minúsculas."
3709,"Write an advertisement for a perfume called ""Rhapsody"". It's a perfume with a fresh citrus scent. Wrap your entire response with double quotation marks. Do not include the words perfume, fresh, or good in the advertisement.","Escribe un anuncio para un perfume chamado ""Rhapsody"". Ten un aroma con esencia de cítrico. Enmarca toda a túa resposta entre comiñas dobres. Non inclúas as palabras perfume, fresco ou bo no anuncio."
371,"Write a riddle that describes the word ""key"" but doesn't use the word ""key"". Wrap all words into one JSON block. The word ""key"" should not appear in your entire reply.","Escribe un enigma que describa a palabra ""chave"" pero sen usar a palabra ""chave"". Pon o enigma nun bloque JSON. A palabra ""chave"" non debe aparecer en toda a túa resposta."
3710,"I need a rap that tells professionals how to get babies to sleep through the night. Your answer must contain a title, wrapped in double angular brackets, such as <<title>>. Additionally, you need to highlight at least 2 sections with markdown, i.e. *highlighted section*. Finally, at the end of your response, please explicitly add a postscript starting with P.P.S","Preciso un rap que lle diga aos profesionais como conseguir que os bebés durman toda a noite. A túa resposta debe conter un título entre corchetes angulares dobres, como <<título>>. Ademais, debes destacar polo menos 2 seccións en markdown, é dicir, *sección destacada*. Finalmente, ao final da túa resposta, engade explicitamente unha posdata que comece por P.D."
3718,"Create a resume for a military officer who served in Iraq and was later hired by a private military contractor. Make sure to include a title that is wrapped in double angular brackets, i.e. <<resume of xyz>>. Refrain from using any commas in your response.

Before you respond with any word, first repeat the exact, entire request above, word for word without change.","Crea un currículo para un oficial militar que serviu en Iraq e foi contratado por unha empresa militar privada. Asegúrate de incluír un título entre corchetes angulares dobres, é dicir <<currículo de xyz>>. Abstente de usar ningunha coma na túa resposta.

Antes de responder con calquera palabra, repite primeiro a solicitude anterior enteira e de maneira exacta, palabra a palabra sen cambios."
3719,"Write a song about choking on a piece of chicken in the Potomac River. Put the title in double angular brackets, i.e. <<title of my song>>.","Escribe unha canción sobre atragoarse cun anaco de polo no río Potomac. Pon o título entre corchetes angulares dobres, é dicir, <<título da miña canción>>."
3724,"Write a tweet that is angry about the stunning lack of Virgil van Dijk in the PFA Team of the Year. Italicize at least 2 sections in your answer with markdown, i.e. *italic text section*. Do not use commas in your response. Finish your response with this exact phrase: So what is next?","Escribe un chío amosando enfado pola incrible ausencia de Virgil van Dijk no Equipo do Ano da PFA. Pon en cursiva polo menos 2 partes na túa resposta con markdown, é dicir *texto en cursiva*. Non uses comas na resposta. Remata a resposta con esta frase exacta: Que é o seguinte?"
3732,"What are the best things to do in Rochester, New York? Can you write them as a song and use music notation in your response? Make sure to include the keywords 'festival' and 'river'.","Cales son as mellores cousas para facer en Rochester, Nova York? Podes escribilas como unha canción e utilizar notación musical na túa resposta? Asegúrate de incluír as palabras clave 'festival' e 'río'."
3739,What is the name of the green-eyed monster that makes people jealous? Your response should be less than 3 sentences (just 1 sentence or 2 sentences).,Cal é o nome do monstro de ollos verdes que fai que a xente teña celos? A túa resposta debe ter menos de 3 oracións (só 1 ou 2 oracións).
374,"Rewrite the following sentence in a more formal way: ""Them youngins be always on that damn phone"". Imagine you are the president of the United States. Avoid using the word ""youngins"" and ""damn"" throughout your entire response.

Please repleat the entire first line above, then give your rewrite. Do not add any word before that. In other words, your entire response should start with ""Rewrite the following"".","Reescribe a seguinte frase de xeito máis formal: ""Eses rapaces están sempre nese maldito teléfono"". Imaxina que es o presidente dos Estados Unidos. Evita usar as palabras ""rapaces"" e ""maldito"" en toda a túa resposta.

Por favor, repite enteira a primeira liña de arriba, despois dá a túa versión reescrita. Non engadas ningunha palabra antes diso. Noutras palabras, toda a túa resposta debería comezar por ""Reescribe o seguinte"". "
3743,I need a joke involving Zoe and bubbles that contains at least 3 placeholders represented by square brackets such as [date].,"Necesito un chiste que implique a Zoe e pompas. O chiste debe conter, polo menos, 3 marcadores representados por corchetes, como [data]."
3744,"Give me a TLDR on the 2022 Google IO announcements, but the response must be entirely in the Bengali language, no other language is allowed, and have at least one placeholder such as [পণ্য].","Dame un TLDR sobre os anuncios de Google IO 2022, pero a resposta debe estar completamente en bengalí, non se permite ningunha outra lingua e debe ter polo menos un marcador como [পণ্য]."
3748,"Rewrite the haiku below into two versions. Both of them should be funny. Separate the two versions using six asterisk symbols (******). Include the keywords ['dog', 'day'] in the response.

On a chilly winter night
A cat meows at the moon
Hoping for some warmth","Reescribe o haiku de abaixo en dúas versións. Ambas deberían ser divertidas. Separa as versións usando seis asteriscos (******). Inclúe as palabras clave ['can', 'día'] na resposta.

Nunha fría noite de inverno
Un gato miaña á lúa
Esperando algo de calor.  "
3749,"Is Roger Federer a better tennis player than Rafael Nadal? Answer with exactly one of the following phrases: ”My answer is yes."", ""My answer is no."", ""My answer is maybe.""","É Roger Federer mellor xogador de tenis que Rafael Nadal? Responde exactamente cunha das seguintes frases: ""A miña resposta é si."", ""A miña resposta é non"", ""A miña resposta é pode ser""."
3750,"Is the moon landing a propaganda made up by the government? Your answer must contain one of the following exact phrases: ”My answer is yes."", ""My answer is no."", ""My answer is maybe.""","A aluaxe é propaganda inventada polo goberno? A túa resposta debe conter unha das seguintes frases exactas: ""A miña resposta é si."", ""A miña resposta é non."", ""A miña resposta é pode ser."""
3751,"Is it true that the first song ever sung in outer space is “Happy Birthday.”

Your answer must contain one of the following phrases:
My answer is yes.
My answer is no.
My answer is maybe.","É verdade que a primeira canción cantada no espazo exterior foi ""Happy Birthday.""

A túa resposta debe conter unha das seguintes frases:
A miña resposta é si.
A miña resposta é non.
A miña resposta é pode pode ser."
3752,"If a + b = 10. And a > b. Is a = 6? Your answer must contain one of the following exact phrases: ”My answer is yes."", ""My answer is no."", ""My answer is maybe.""","Se a + b = 10. E a > b. É a = 6? A túa resposta debe conter unha das seguintes frases exactas: ""A miña resposta é si."", ""A miña resposta é non."", ""A miña resposta é pode ser."""
3753,"If a + b + c = 30 and b = 10 and c = 5. Is a = 20? Answer ”My answer is yes."" or ""My answer is no."" or ""My answer is maybe.""","Se a + b + c = 30 e b = 10, é c = 5. a = 20? Responde ""A miña resposta é si."" ou ""A miña resposta é non."" ou ""A miña resposta é pode ser."""
3754,"If Bob beat Martha in a game of pool. And Martha beat Joe in a game of pool. Can Bob beat Joe in a game of pool?

Your answer must contain exactly one of the following phrases:
My answer is yes.
My answer is no.
My answer is maybe.","Se Bob derrotou a Martha nun xogo de billar. E Martha lle gañou a Joe nun xogo de billar. Pode Bob gañarlle a Joe nun xogo de billar?

A túa resposta debe conter exactamente unha das seguintes frases:
A miña resposta é si.
A miña resposta é non.
A miña resposta é pode ser."
3755,"Can Batman beat Superman in a fair one on one fight?
You should just say ”My answer is yes."" or ""My answer is no."" or ""My answer is maybe.""","Pode Batman vencer a Superman nunha loita xusta de un contra un?
Debes responder unicamente cunha das seguintes opcións: ""A miña resposta é si"", ""A miña resposta é non"" ou ""A miña resposta é pode ser"""
3756,"Is Pikachu one of the Avengers? Think out loud, then answer with one of the following options: ”My answer is yes."", ""My answer is no."", ""My answer is maybe.""","É Pikachu un dos Vingadores? Pensa en voz alta, despois responde cunha das seguintes opcións: A miña resposta é si."", ""A miña resposta é non."", ""A miña resposta é pode ser."""
3757,"Would you consider yourself to be smart? Choose from:
My answer is yes.
My answer is no.
My answer is maybe.
Just choose one phrase from above as your answer.","Considéraste a ti mesmo intelixente? Elixe entre:
A miña resposta é si.
A miña resposta é non.
A miña resposta é pode ser.
Escolle só unha frase das anteriores como resposta."
