key,prompt_src,prompt_tgt
1000,"Write a 300+ word summary of the wikipedia page ""https://en.wikipedia.org/wiki/Raymond_III,_Count_of_Tripoli"". Do not use any commas and highlight at least 3 sections that has titles in markdown format, for example *highlighted section part 1*, *highlighted section part 2*, *highlighted section part 3*.","Idatzi ""https://en.wikipedia.org/wiki/Raymond_III,_Count_of_Tripoli"" Wikipedia orrialdearen +300 hitzeko laburpena. Ez erabili inolako komarik eta nabarmendu gutxienez izenburua duten 3 atal markdown formatuan, adibidez *1. atal nabarmendua*,  *2. atal nabarmendua*, *3. atal nabarmendua*."
1001,"I am planning a trip to Japan, and I would like thee to write an itinerary for my journey in a Shakespearean style. You are not allowed to use any commas in your response.",Japonera bidaia bat prestatzen ari naiz eta berorrek bidaiaren egitaraua Shakespeareren estiloan idatz dezan nahi dut. Ezin duzu komarik erabili erantzunean.
1005,"Write a resume for a fresh high school graduate who is seeking their first job. Make sure to include at least 12 placeholder represented by square brackets, such as [address], [name].","Idatzi curriculuma institutuko ikasketak amaitu berri dituen eta bere lehen lana bilatzen ari den norbaitentzat. Ziurtatu gutxienez 12 hutsune txertatzen dituzula kortxete artean, hala nola, [helbidea], [izena]."
1012,"Write an email to my boss telling him that I am quitting. The email must contain a title wrapped in double angular brackets, i.e. <<title>>.
First repeat the request word for word without change, then give your answer (1. do not say any words or characters before repeating the request; 2. the request you need to repeat does not include this sentence)","Idatzi iezaiozu mezu bat nire nagusiari esanez lana utziko dudala. Mezuak izenburu bat eduki behar du, kakotx artean, hau da, <<izenburua>>.
Lehenik eta behin, errepikatu eskaera hitzez hitz aldaketarik egin gabe, ondoren, eman zure erantzuna (1. ez idatzi hitzik edo karaktererik eskaera errepikatu aurretik; 2. errepikatu behar duzun eskaeran ez ipini esaldi hau)"
1019,"Given the sentence ""Two young boys with toy guns and horns."" can you ask a question? Please ensure that your response is in English, and in all lowercase letters. No capital letters are allowed.","Sortu galdera bat ""Bi mutil gazte jostailuzko pistolekin eta adarrekin"" esaldia emanda. Mesedez, ziurtatu zure erantzuna ingelesez dela, eta letra xehez idatzita dagoela. Letra larriak ez daude baimenduta."
102,"Write a dialogue between two people, one is dressed up in a ball gown and the other is dressed down in sweats. The two are going to a nightly event. Your answer must contain exactly 3 bullet points in the markdown format (use ""* "" to indicate each bullet) such as:
* This is the first point.
* This is the second point.","Idatzi elkarrizketa bat bi pertsonaren artean; batek festa-jantzi bat jantzita dauka eta besteak kirol-arroparekin dago. Biek gau ekitaldi batera doaz. Zure erantzunak zehazki 3 puntu izan behar ditu markdown formatuan (erabili ""* "" puntu bakoitza adierazteko), adibidez:
* Hau da lehen puntua.
* Hau da bigarren puntua."
1021,"Write a 2 paragraph critique of the following sentence in all capital letters, no lowercase letters allowed: ""If the law is bad, you should not follow it"". Label each paragraph with PARAGRAPH X.","Idatzi hurrengo esaldiari buruzko kritika bat 2 paragrafotan, letra larrietan soilik, letra xeheak ezin dira erabili: ""Legea txarra bada, ez duzu jarraitu behar"". Etiketatu paragrafo bakoitza X. PARAGRAFOA bezala."
1040,"Write me a resume for Matthias Algiers. Use words with all capital letters to highlight key abilities, but make sure that words with all capital letters appear less than 10 times. Wrap the entire response with double quotation marks.","Idatzi curriculuma Matthias Algiers-entzat. Gaitasun nagusiak nabarmentzeko erabili letra larriak soilik dituzten hitzak,  baina, ziurtatu letra larriz soilik idatzitako hitzak 10 aldiz baino gutxiago agertzen direla. Bete erantzun osoa komatxo bikoitzekin.."
1051,Write a letter to a friend in all lowercase letters ask them to go and vote.,"Idatzi lagun bati gutun bat, letra xeheak soilik erabiliz, hauteskundeetara joan eta bozka dezan eskatzeko."
1069,"Write a long email template that invites a group of participants to a meeting, with at least 500 words. The email must include the keywords ""correlated"" and ""experiencing"" and should not use any commas.","Idatzi parte hartzaile talde bati bilera batera gonbidatzen dien mezu elektroniko luze baten txantiloi bat, gutxienez 500 hitz dituena. Mezuak ""korrelazionatuta"" eta ""esperimentatzen"" gako-hitzak eduki behar ditu eta ezin ditu komarik eduki."
1072,Write a blog post with 400 or more words about the benefits of sleeping in a hammock.,Idatzi 400 hitz edo gehiagoko blog-sarrera bat hamakan lo egitearen onurei buruz.
1075,Can you help me make an advertisement for a new product? It's a diaper that's designed to be more comfortable for babies and I want the entire output in JSON format.,"Lagundu al didazu produktu berri baterako iragarki bat egiten? Haurrentzat erosoagoa izateko diseinatutako pixoihal bat da, eta emaitza osoa JSON formatuan izatea nahi dut."
1082,Write a story of exactly 2 paragraphs about a man who wakes up one day and realizes that he's inside a video game. Separate the paragraphs with the markdown divider: ***,Idatzi zehazki bi paragrafo dituen istorio bat gizon batek egun batean esnatu eta bideoko joko baten barruan dagoela ohartzen denari buruz. Bereizi paragrafoak markdown banatzaileak erabiliz: ***
1087,"Write a detailed review of the movie ""The Social Network"". Your entire response should be in English and all lower case (no capital letters whatsoever).","Idatzi ""The Social Network"" filmaren iruzkin zehatz bat. Zure erantzun osoa ingelesez eta letra xehez egon behar du (ez dago letra larririk baimenduta)."
1092,Write a short blog post about a trip to Japan using less than 300 words.,Idatzi Japoniara bidai bati buruzko blog sarrera labur bat 300 hitz baino gutxiagokoa.
1094,"Please provide the names of 5 famous moms in JSON format. Please, use any interesting or weird tone. Your entire output should just contain a JSON block, nothing else.","Mesedez, eman 5 ama ospetsuren izenak JSON formatuan. Mesedez, erabili edozein tonu bitxi edo interesgarri. Zure output osoak JSON bloke bat baino ez du izan behar, besterik ez."
1098,What is a name that people call God? Please give exactly two different responses. Separate the responses with 6 asterisk symbols: ******.,Zein da jendeak Jainkoa deitzeko erabiltzen duen izen bat? Eman zehazki bi erantzun ezberdin. Bereizi erantzunak 6 izar ikurrekin: ******.
1107,Write two jokes about rockets. Do not contain commas in your response. Separate the two jokes with 6 asterisk symbols: ******.,Idatzi bi txiste suzirien inguruan. Ez erabili komarik zure erantzunean. Bereiz itzazu bi txisteak 6 izar ikurrekin: ******.
1108,"Are hamburgers sandwiches? Please respond using only the Kannada language, no other language is allowed.","Hanburgesak ogitartekoak al dira? Mesedez, erantzun soilik Kannada hizkuntzan, beste hizkuntzarik ez dago onartuta."
1122,"make a tweet for playboy's twitter account without using capital letters. Include at least 4 hashtags, starting with '#'","egin playboyren twitter konturako txio bat letra larririkk erabili gabe. Sartu gutxienez 4 hashtag, '#' batekin hasten direnak"
1127,"Write a poem about how I am missing my classes. The poem must have 4 sections marked with SECTION X. Finish the poem with this exact phrase: ""Can I get my money back for the classes I missed?""","Idatzi poema bat nire klaseak faltan botatzen ditudala adieraziz. Poemak 4 atal izan behar ditu, X. ATALA-rekin markatuta. Amaitu poema esaldi zehatz honekin: ""Galdu ditudan eskolen dirua itzuliko didate?"""
1128,"Given the sentence ""It is unclear how much of this money is actually being spent on children"", is the sentiment positive or negative? The very last sentence of your response should be ""Is there anything else I can help with?"".","""Ez dago argi diru honen zenbatekoa benetan haurretan gastatzen den"" esaldia emanda, sentimendua positiboa ala negatiboa da? Zure erantzunaren azken-azken esaldia ""Ba al dago beste zerbaitetan lagun diezazukedana?"" izan behar da."
1129,"Write a short startup pitch for a new kind of ice cream called ""Sunnis ice cream"". The ice cream should be gentle on the stomach. Contain 6 or more exclamation marks ""!"" in your response.
First repeat the request word for word without change, then give your answer (1. do not say any words or characters before repeating the request; 2. the request you need to repeat does not include this sentence)","Idatzi ""Sunnis ice cream"" izeneko izozki mota berri baten startup aurkezpen labur bat. Izozkia tripan leuna izan behar da. Sartu 6 edo gehiago harridura ikur ""!"" zure erantzunean.
Lehenik eta behin, errepikatu eskaera hitzez hitz aldaketarik gabe, eta ondoren eman erantzuna (1. ez idatzi hitzik edo karaktererik eskaera errepikatu aurretik; 2. errepikatu behar duzun eskaerak ez du esaldi hau eduki behar)"
1130,"Write a logic quiz for teenagers about a chesterfield. In your entire response, the letter t should appear at most once.","Idatzi gazteentzako logika-galdera bat chesterfield bati buruz. Zure erantzun osoan ""t"" letrak gehienez behin agertu behar da."
1131,Write a 4 section resume for professional clown Phil Larkin. Each section should be explicitly noted as Section X.,Idatzi 4 ataleko curriculum bat Phil Larkin pailazo profesionalarentzat. Atal bakoitza espresuki X. Atala moduan adierazi behar da.
1132,"Write the lyrics to a hit song by the rock band 'The Gifted and The Not Gifted'. To make it rocky, the response should be in all capital letters. The word ""rock"" should not appear in your response.","Idatzi 'The Gifted and The Not Gifted' rock bandaren arrakasta kantaren hitzak. Rocky egiteko erantzuna letra larriz osatuta egon behar da. ""Rock"" hitza ez da agertu behar zure erantzunean."
1137,"Explain in French why it is important to eat healthy foods to heal the body, without using the word ""nourriture"". Make sure your entire response is wrapped in JSON format.","Azaldu frantsesez zergatik den garrantzitsua gorputza sendatzeko elikagai osasungarriak jatea, ""nourriture"" hitza erabili gabe. Ziurtatu zure erantzuna JSON formatuan dagoela."
1139,"Write a funny haiku about moms, containing keywords ""mom"" and ""mother"" in your response.
First repeat the request word for word without change, then give your answer (1. do not say any words or characters before repeating the request; 2. the request you need to repeat does not include this sentence)","Idatzi haiku umoretsu bat amei buruz. Erantzunean hitz-gako hauek sartu: ""ama"" eta ""amatxo"".
Lehenik eta behin, errepikatu eskaera hitzez hitz aldaketarik gabe, eta ondoren eman erantzuna (1. ez idatzi hitzik edo karaktererik eskaera errepikatu aurretik; 2. errepikatu behar duzun eskaerak ez du esaldi hau eduki behar)"
1147,"Rewrite the following statement to make it sound more formal, like a President of the United States:
""Hi guys. The work was done to add in a fix for the issue that was observed in the field with the SSO. We are working with our collaborators closely. We will get it done. Thanks ya all.""
Do not include the following keywords: field, thanks, issue, collaborator.","Ondorengo adierazpena berridatzi Estatu Batuetako Presidente baten moduan formalagoa izan dadin:
""Kaixo lagunak. Egindako lana behatutako SSOarekin lotutako arazoari konponbidea emateko izan da. Gertutik ari gara lanean. Aurrera eramango dugu. Eskerrik asko guztiei.""
Ez sartu ondorengo hitz-gakoak: eremua, eskerrik asko, arazoa, lankidea."
1148,What are the advantages and disadvantages of having supernatural powers? Make it short. Wrap the entire output in JSON format. You can use markdown ticks such as ```.,"Zeintzuk dira naturaz gaindiko botereak izatearen abantailak eta desabantailak? Laburra izan dadila. Ziurtatu zure erantzuna JSON formatuan dagoela. Erabili ditzazkezu markdown ikurrak, hala nola ```."
1153,Write a social media post for students of Islamic history about the hajj pilgrimage. Use all lowercase letters and include the word story at least twice.,Idatzi islamiar historiako ikasleentzako sare sozialetako argitalpen bat hajj pilgrimage-ri buruz. Erabili xeheak bakarrik eta sartu 'istorio' hitza gutxienez bi aldiz.
1154,"Write a rubric for how to evaluate the technical skills of a software engineer only using the Punjabi language, no other language is allowed.","Idatzi software ingeniari baten gaitasun teknikoak ebaluatzeko irizpide errubrika bat, punjabera hizkuntza bakarrik erabiliz, beste edozein hizkuntza erabiltzea debekatuta dago."
1162,Write a riddle for kids about auspices but make sure you don't use any commas.,Idatzi umeentzako enigmaren bat auspiciei buruz baina ziurtatu komarik ez duzula erabiltzen.
1174,"Write a template for a chat bot that takes a user's location and gives them the weather forecast. Use the letter o as a keyword in the syntax of the template. The letter o should appear at least 6 times.. Your response should contain fewer than 6 sentences. Highlight at least 2 text sections, i.e. *highlighted section*.","Idatzi erabiltzaile baten kokapena hartzen duen eta eguraldi iragarpena ematen dion txat bot batentzako txantiloi bat. Erabili o hizkia txantiloiaren sintaxian gako hitz gisa. O hizkia gutxienez 6 aldiz agertu behar da. Zure erantzunak 6 esalditik gutxiago izan behar ditu. Nabarmendu gutxienez 2 testu atal, hau da, *nabarmendutako atala*."
1180,"Explain why people are grossed out by worms but not by eating a dead cow. Give exactly two different responses separated by 6 asterisk symbols ******. Your answer must contain a title, wrapped in double angular brackets, i.e. <<title>>.","Azaldu zergatik jendea nazkatuta sentitzen den zizareekin baina ez behi hil bat jatearekin. Eman bi erantzun desberdin, sei izarrez bereizita ******. Zure erantzunak izenburu bat eduki behar du, kakotx bikoitz artean, hau da, <<izenburua>>."
1187,"Can you give me two different formal alternatives to ""What's up? I'm going to the beach today"" and do not use any commas in your response.","Eman diezadakezu ""Zer moduz? Gaur hondartzara noa"" esaldiaren bi alternatiba formal desberdin eta ez erabili komarik erantzunean."
1203,"What happened when the Tang dynasty of China was in power? Make sure to use the word war at least 8 times, and the word peace at least 10 times.","Zer gertatu zen Txinako Tang dinastia boterean zegoenean? Ziurtatu gerra hitza gutxienez 8 aldiz erabiltzen duzula, eta bake hitza gutxienez 10 aldiz."
1216,What sentiments existed in the Croatian and Serbian nations towards the Austrian Empire at the end of the 19th century? Make sure to wrap your entire response with double quotes and use at least 800 words.,Zein sentimendu zeuden XIX. mendearen amaieran Kroaziar eta Serbiar herrietan Austriar Inperioarekiko? Ziurtatu zure erantzun osoa komatxo bikoitzekin tartean dagoela eta gutxienez 800 hitz dituela.
1217,"Write an ad copy for a new product, a digital photo frame that connects to your social media accounts and displays your photos. Respond with at most 150 words.",Idatzi iragarki-testu bat produktu berri batentzat: zure sare sozialetako kontuekin konektatzen den eta zure argazkiak erakusten dituen argazki marko digital baterako. Erantzunean gehienez 150 hitz egon behar dira.
1219,"Which one is a better brand for sneakers: Prada or Nike? Your entire response should be in English, and in all capital letters. At the end of your response, please explicitly add a postscript starting with P.S. The word sneaker should appear 10 or more times in your response.","Zein da zapata marka hobea: Prada ala Nike? Zure erantzun osoa ingelesez idatzita egon behar du, eta letra larriz. Zure erantzunaren amaieran, mesedez, ""P.S.""-rekin hasten den postscript bat txertatu. Zapatila hitza 10 aldiz edo gehiagotan agertu beharko litzateke zure erantzunean."
122,Write a blog post about the history of the internet and how it has impacted our lives. Aim the blog post at teenagers and wrap your entire response with double quotation marks.,Idatzi blog mezu bat Interneteko historia eta gure bizitzetan izan duen eraginari buruz. Bideratu blogeko mezua nerabeentzat eta bildu erantzun osoa komatxo bikoitzen artean.
1220,"Write a poem about two people who meet in a coffee shop and end your entire response with the exact phrase ""Is there anything else I can help with?""","Idatzi poema bat kafe-denda batean elkartzen diren bi pertsonari buruz eta amaitu zure erantzun osoa esaldi zehatz honekin: ""Ba al dago beste zerbaitetan lagun diezazukedana?"""
1233,"How many feet off the ground was the tallest skyscraper in the world in 2000? Please include only the main points in your answer. Finish your response with the exact phrase of ""Is there anything else I can help with?"" with no other words after the word ""with"". Mention the word ""skyscraper"" for at least 8 times.","Zenbateko altuera zituen munduko etxe orratz altuena 2000. urtean? Mesedez, gehitu zure erantzunean puntu nagusiak bakarrik. Amaitu zure erantzuna ""Ba al dago beste zerbaitetan lagun diezazukedana?"" esaldi zehatzarekin, ""diezazukedana"" hitzaren ondoren beste hitzik gehitu gabe. Aipa ezazu ""etxe orratz"" hitza gutxienez 8 aldiz."
1236,Write an advertisement for a new line of comfortable armchairs designed to withstand the scrutiny of any interior designer. There should be exactly 3 paragraphs separated by the markdown divider: ***.,Idatzi iragarpen bat barne-diseinatzaileen irizpide zorrotzak gainditzen dituzten besaulkien lerro berri baterako. Hiru paragrafo eduki behar ditu markdown zatitzailearekin banatuta: ***.
1237,"Write a funny post for teenagers about a restaurant called ""Buena Onda"" which serves Argentinian food. Highlight at least three sections of your response in markdown such as *highlighted section*. Mention ""Argentinian"" in the post.","Idatzi mezu dibertigarri bat nerabeentzat Argentinako janaria zerbitzatzen duen ""Buena Onda"" izeneko jatetxe bati buruz. Nabarmendu gutxienez hiru atal zure erantzunean markdown formatua erabiliz: *nabarmentzeko atala*. Aipatu ""Argentinako"" mezuan."
1242,"Can you give me a nickname for Stafford? Please use JSON format and do not say the word ""nickname"" in the response. Do not add anything outside of the JSON block.","Staffordentzat goitizen bat eman diezadakezu? Mesedez erabili JSON formatua eta ez erabili ""goitizen"" hitza erantzunean. Ez gehitu ezer JSON blokeaz kanpo."
1246,Write me a template for a product description in the form of a poem and end it with a post script starting with P.P.S,Idatzi produktu baten deskribapen txantiloi bat poema baten moduan eta amaitu P.P.S batekin hasten den azpi-ohar batekin.
1248,"""The man was arrested for stealing a car. He was later released on bail."" Expand on it angrily in a rap style, and make sure there are exactly 4 sections. Separated the sections by the markdown divider: ***","""Gizon bat atxilotu zuten auto bat lapurtzeagatik. Geroago kaudimenan askatu zuten."" Landu ezazu aurreko esaldia haserretuta bazeunde bezala eta rap estiloan. Ziurtatu zehazki 4 atal daudela. Banatu atal bakoitza markdown banatzailea erabiliz: ***"
1251,Write a poem that's at least 350 words about the beauty of eucalyptus trees and their many uses.,Idatzi 350 hitz baino gehiagoko poema bat eukalipto zuhaitzen edertasunari eta haien erabilera askori buruz.
1258,I have a dime. What can I do with this dime? Give me advice in the style of a President of the United States and make sure it has at least 600 words.,Dime bat daukat. Zer egin dezaket dime honekin? Eman iezadazu Estatu Batuetako Presidente baten estiloan aholkuak eta ziurtatu gutxienez 600 hitz dituela.
1259,"Write a haiku about rushing to work using only the Marathi language, no other language is allowed.","Idatzi haiku bat lanera presaka joateaz Marathi hizkuntza soilik erabiliz, ezin duzu beste hizkuntzarik erabili."
1262,"Can you elaborate on the following text: ""Increased axle weight increased the damage to the road""? Your response must contain a title wrapped in double angular brackets, i.e. <<title>>. Use less than 5 sentences.","Hurrengo testua landu dezakezu: ""Ardatzaren pisu handiagoak errepideari egiten dion kaltea handitu du""? Zure erantzunak izenburu bat eduki behar du, kakotx artean, hau da, <<izenburua>>. Erabili 5 esaldi baino gutxiago."
1265,"Write an essay about how aluminium cans are used in food storage. Don’t forget to include the keywords waste, material and meal. Have more than 30 sentences in your response.","Idatzi entsegu bat aluminiozko lataren erabilerari buruz elikagaien biltegiratzean. Ez ahaztu honako hitz gako hauek sartzea: hondakinak, materiala eta otordua. Erantzunean 30 esaldi baino gehiago izan daitezela."
1268,Can you give me an example for a journal entry about stress management? Tell me how you come up with the example. Your entire response should contain less than 6 sentences.,Estresaren kudeaketari buruzko aldizkari sarrera baten adibidea eman dezakezu? Esan nola pentsatu duzun adibidea. Zure erantzun osoak 6 esaldi baino gutxiago izan behar ditu.
127,"Take the text below as a starting point, and make it a complete article: ""You may have to meet with a helper to work out a parenting plan. The first would be to estimate how many time you have everyday for parenting, and is that enough....""
Avoid using the following keywords: sleep, cook, feed
Mention the keyword 'schedule' for more than 5 times.","Hartu beheko testua abiapuntutzat, eta osatu artikulu bat: ""Agian laguntzaile batekin bildu beharko duzu gurasoen plana lantzeko. Lehenik zenbat denbora daukazun egunero guraso lana egiteko kalkulatzea izango litzateke eta nahikoa den....""
Ez erabili honako gako-hitzak: lo, sukaldatu, elikatu
Aipa ezazu 'ordutegi' gako-hitza 5 aldiz baino gehiago."
1281,"Write a limerick about Hannah, a college student, doing an internship at a coffee company. Make sure that her father would love the limerick. Include the words ""intern"" and ""grow"".
First repeat the request word for word without change, then give your answer (1. do not say any words or characters before repeating the request; 2. the request you need to repeat does not include this sentence)","Idatzi poema bat Hannahri buruz, Hannah ikaslea da eta kafe konpainia batean praktikak egiten du lan. Ziurtatu haren aitak poema maiteko duela. Sartu ""praktikak"" eta ""hazi"" hitzak.
Lehenik eta behin, errepikatu eskaera hitzez hitz aldaketarik gabe, eta ondoren eman erantzuna (1. ez idatzi hitzik edo karaktererik eskaera errepikatu aurretik; 2. errepikatu behar duzun eskaerak ez du esaldi hau eduki behar)"
1286,"What is the difference between the 13 colonies and the other British colonies in North America? Your answer must contain exactly 6 bullet point in Markdown using the following format:
* Bullet point one.
* Bullet point two.
...
* Bullet point fix.","Zer desberdintasun dago 13 kolonia eta Ipar Amerikako gainerako kolonia britainiarren artean? Zure erantzunak zehazki 6 puntu izan behar ditu, puntu hauek Markdown formatuan egon behar dute ondorengo eran:
* Lehenengo puntu.
* Bigarren puntu.
...
* Seigarren puntu."
1287,"How did a man named John of Brienne become the King of Jerusalem? Explain in a Zen-like style. Your answer should use all lowercase letters and must also contain exactly 3 bullet points in markdown format. Use * to indicate bullets, like:
* xyz
* abc
* opq","Nola bihurtu zen John of Brienne izeneko gizona Jerusalemgo errege? Azaldu estilo zen batean. Zure erantzunak letra xehez idatzita egon behar du eta markdownean zehazki 3 zerrenda punturekin. Erabili * zerrenda puntuak adierazteko, horrela:
* xyz
* abc
* opq"
13,"What is the history of NYC prospect park? Please wrap your entire answer in JSON format. You can use markdown ticks such as ```. For example:
```JSON
{
...
}
```","Zein da NYC prospect park-aren historia? Mesedez, bildu zure erantzun osoa JSON formatuan. Markdown karaktereak erabil ditzakezu hala nola ```. Adibidez:
```JSON
{
...
}
```"
1300,"Write a short proposal for a new research project that investigates how language evolves over time. I want to make it challenging, so:
1. Do not include any commas in your response.
2. Do not include the letter ""c"" anywhere in your response.
3. Your response should contain at least 250 words.","Idatzi proiektu berri baterako proposamen labur bat hizkuntza denboran zehar nola eboluzionatzen den ikertzeko. Zaila izatea nahi dut, beraz:
1. Ez erabili komarik erantzunean.
2. Ez erabili ""c"" letrarik erantzunean.
3. Zure erantzunak gutxienez 250 hitz izan behar ditu."
1305,"List exactly 10 possible names for a new baby boy. Then add a postscript starting with P.P.S to the end of your response. Put the names into bullet points that are indicated by:
* This is an example bullet","Zerrendatu zehazki 10 izen posible haur mutil berri batentzat. Ondoren gehitu  P.P.S-rekin hasten den postscript bat zure erantzunaren amaieran. Jarri izenak bullet bidez adierazita:
* Hona adibide puntu bat"
1307,"Write an outline for a paper on the history of Yemeni coffee. The outline should include the main points of the paper, and at least 15 sections should be highlighted with markdown such as *highlighted section*.","Idatzi Yemengo kafearen historiari buruzko lan baten eskema. Eremu nagusiak eduki behar ditu, eta gutxienez 15 atal nabarmendu behar dira markdown erabiliz, hala nola, *atal nabarmendua*."
1314,"Which of the following is not a fish: salmon or avocado? Answer this easy question first, then expand into an interesting article about salmon and avocado. Use some words in all caps in your response, but those all-caps words should appear at most 10 times.",Ondorengoetatik zein ez da arraina: izokina edo ahuakatea? Erantzun galdera erraza lehenik eta ondoren idatzi artikulu interesgarri bat izokinaz eta ahuakateaz. Erabil ezazu hitz batzuetan MAIUSKULAZ zure erantzunean baina maiuskulaz egindako hitzak gehienez 10 aldiz azaldu behar dira.
1322,"What are the pros and cons of kotlin vs java? Your answer must have a title contained in double angular brackets, such as <<kotlin vs java>>.","Zein dira kotlin vs java-ren alde onak eta txarrak? Zure erantzunak izenburu bat izan behar du, kakotx bikoitzetan sartuta, hala nola, <<kotlin vs java>>."
1325,"Write a funny article about why the dinosaurs went extinct and put double quotations marks around your whole response. Include exactly 8 bullet points in your response. The bullet points should be in the form of:
* This is bullet 1
* This is bullet 2
...","Idatzi artikulu barregarri bat dinosaurioak zergatik desagertu ziren azaltzeko eta jarri zure erantzun osoa komatxo bikoitzen artean. Sartu zehazki 8 puntu zure erantzunean. Puntuak honako formatu hau izan beharko dute:
* Hau da 1. puntua
* Hau da 2. puntua
..."
1332,"Create a table with a 7 day trip itinerary for India, and a 7 day trip itinerary for China. Separate them with exactly 6 asterisks symbols: *******","Sortu taula bat 7 eguneko bidai egitarau batekin Indiarako, eta 7 eguneko bidai egitarau batekin Txinarako. Bereizi egitarau bakoitza sei izar ikurrekin: *******"
1342,"I would like to start my own business. Can you give me some general advice? Please avoid mentioning ""photography"" - I have no interest in that market. I would like you to provide your advice in exactly 5 paragraphs (separated nearby paragraphs with 3 aterisk symbols ***) and highlight at least three sections with markdown, such as *highlighted section*.","Nire negozioa hasi nahiko nuke. Eman al diezadakezu aholku orokor batzuk? Mesedez, ez aipatu ""argazkilaritza"", ez baitut interesik merkatu horretan. Aholkuak zehazki 5 paragrafoetan eman itzazu (paragrafoak 3 izarrren bitartez *** bereiziz) eta nabarmendu gutxienez hiru atal markdown ildoa erabiliz, hala nola *nabarmendutako atala*. "
1348,"Write a brief biography of a person named ""Brilliant Le Hou"". Do not use commas in your reply. Highlight at least 3 sections with markdown, i.e. *highlighted section*. The biography should start with the name of the person.","Idatzi ""Brilliant Le Hou"" izeneko pertsona baten biografia labur bat. Ez erabili komarik zure erantzunean. Nabarmendu gutxienez 3 atal markdown formatuan, hala nola, *nabarmendutako atala*. Biografia pertsonaren izenarekin hasi behar da."
136,"A nucleus is a cluster of protons and neutrons. Elaborate on this. Write exactly 9 very short bullet points. Limit the number of words you use (less than 100 words). An example:
* A nucleus is a cluster of protons and neutrons
* A proton is ....

Please follow the format of the example above.","Nukleo bat protoi eta neutroien multzo bat da. Garatu aurreko esaldia. Idatzi zehazki 9 puntu oso labur. Erabili hitz kopuru mugatu bat (100 hitz baino gutxiago). Adibide bat:
* Nukleoa bat protoi eta neutroien multzo bat da
* Protoi bat da ....

Mesedez, jarraitu goiko adibidearen formatua."
1361,Compose song lyrics about a socio-economic problem. The song should be in English and in all lowercase letters.,Idatzi abesti baten hitzak arazo sozioekonomiko bati buruz. Abestia ingelesez eta letra xehez idatzita egon behar du.
1367,Write an extravagant session plan to learn about java. Make sure to include a postscript starting with P.P.S,Idatzi Java ikasteko saio-plan eszentrikoa. Ziurtatu P.P.S.-rekin hasten den postscript bat sartzen duzula.
1372,"Draft a blog post about Ripley's Aquarium. Make sure your blog post contains at least 7 placeholders represented by square brackets, such as [location].","Idatzi blog mezu bat Ripley's Aquarium-i buruz. Ziurtatu zure blogeko mezuak gutxienez 7 ordezko dituela, kortxete artean irudikatuta, adibidez, [kokapena]."
1375,"Improper use of the Java API can lead to vulnerabilities in web applications. Write a code snippet to demonstrate this. Then demonstrate how to fix the code. Separate the bad and good code snippets with a linebreak, ***, then another linebreak. Example:

[code snippet 1]
***
[code snippet 2]

Add code comments in the code snippets. One of the comments should contain the keyword ""vulnerable"".","Java APIren erabilera desegokiak web aplikazioetan ahultasunak sor ditzake. Idatzi kode zatitxo bat hau erakusteko. Gero kodea nola zuzendu erakutsi. Banandu kode zatitxo txarra eta ona lerro-jauzi batekin, ***, ondoren beste lerro-jauzi bat. Adibidez:

[kode zatitxo 1]
***
[kode zatitxo 2]

Gehitu kode-iruzkinak kode zatitxoetan. Iruzkinetako batek ""ahul"" hitza izan beharko luke."
1377,"Write a planning doc for a software engineer task. Follow the exact format below:

Part 1. Task Summary
[put details here]
***
Part 2. Motivation
[put details here]
***
Part 3. Milestone objectives
[put details here]
***
Part 4. Timeline
[put details here]
***
Part 5. Doc history
[put details here]","Idatzi software ingeniari baten zeregin baterako planifikazio dokumentua. Jarraitu zehazki beheko formatu:

1. zatia. Zereginaren Laburpena
[hemen jarri xehetasunak]
***
2. zatia. Motibazioa
[hemen jarri xehetasunak]
***
3. zatia. Helburu mugarriak
[hemen jarri xehetasunak]
***
4. zatia. Kronograma
[hemen jarri xehetasunak]
***
5. zatia. Dokumentuaren historia
[hemen jarri xehetasunak]"
1379,"Write a limerick about a woman named Sarah who lives in a town where it's always 90°F. Highlight at least 6 sections in your answer with markdown, example: *highlighted section*. Mention the name Sarah only once.","Idatzi poema bat beti 32ºC gradu egiten dituen herri batean bizi den Sarah izeneko emakume bati buruz. Nabarmendu gutxienez 6 atal zure erantzunean markdown erabiliz, adibidez: *nabarmendutako atala*. Aipa ezazu Sarah izena behin bakarrik."
1381,Write me a funny song with less than 10 sentences for a proposal to build a new playground at my local elementary school.,Idatzi ezazu 10 esaldi baino gutxiagoko kanta dibertigarria bat eskolako jolastoki berri baten proposamenerari buruz.
1389,"Write a letter to your friend who recently moved away. Your entire response should be in English, and in all capital letters. The letter o should appear at least 40 times.","Idatzi gutun bat duela gutxi aldendu den zure lagun bati. Zure erantzun osoa ingelesez eta letra larriz egon behar da. ""O"" hizkia gutxienez 40 aldiz agertu behar da."
1392,"Write a blog post about the latest news in the US with a title in double angular brackets, i.e. <<title>>, and have less than 5 sentences (excluding 5). The sentences should be long, so that the total number of words in your response should be 250 or more.","Idatzi AEBtako azken albisteei buruzko blog mezu bat izenburu bat eduki behar duena kakotx bikoitzen artean, hau da, <<izenburua>>, eta 5 esaldi baino gutxiago (5 kenduta) izan behar ditu. Esaldiak luzeak izan behar dira, beraz, zure erantzuneko hitzen kopuru osoa 250 edo gehiago izan behar da."
1393,List the pros and cons of using two different names for the same thing. Make sure the word synonyms appears at least 3 time.,Zerrendatu gauza bera izendatzeko bi izen desberdin erabiltzeko alde onak eta txarrak. Ziurtatu sinonimoak hitza gutxienez 3 aldiz agertzen dela.
1402,"I'm interested in a college with open enrollment and a regional accreditation. Which college would you recommend? Don't include the keywords ""DuPage"" and ""Dade"" in your response. Let's make it a constrained writing problem: be sure the letter p appears at least 15 times in your response.","Matricula ireki eta akreditazio erregionala duen unibertsitate batean interesatuta nago. Zein unibertsitate gomendatuko zenidake? Ez sartu ""DuPage"" eta ""Dade"" gako-hitzak zure erantzunean. Egin dezagun idazlan mugatua: ziurtatu p letra gutxienez 15 aldiz agertzen dela zure erantzunean."
1418,Write a 30-line poem with short sentences without any comma. Each line should contain exactly one sentence. Make sure that you put the right punctuation at the end of each line. Your entire response should contain the poem only.,Idatzi 30 lerroko poema bat esaldi laburrekin inolako komarik gabe. Lerro bakoitzak esaldi bakarra izan behar du. Ziurtatu lerro bakoitzaren amaieran puntuazioa jartzen duzula. Zure erantzun osoak poema soilik eduki behar du.
142,"Write a joke about morphology that's professional and includes the word ""cat"" at least once, and the word ""knock"" at least twice. Wrap your whole response with double quotation marks.","Idatzi morfologiari buruzko txiste profesionala bat hurrengo hitz hauek gutxienez horrenbestetan erabiliz: ""katua"" behin eta ""kax kax"" birritan. Zure erantzun osoa koma bikoitzekin itxi."
143,"A colt is 5 feet tall. It will grow 6 inches every month. How tall will it be in 3 years? Think step-by-step, then give your answer. Separate your thinking and the final answer by a line with just three ""*"" symbols: ***
At the end of your response, please explicitly add a postscript starting with P.P.S","Zaldi gazte bat 5 oin altu da. Hilero 6 hazbete haziko da. Zenbat neurtuko du 3 urte barru? Pentsatu pausoz pauso eta gero eman erantzuna. Banatu zure pentsamendua eta azken erantzuna hiru ""*"" ikurren bidez osatutako lerro batekin: ***
Zure erantzunaren amaieran, gehitu mesedez, postscript mezu bat, P.P.S hasierarekin."
1436,"Write a story about commandos who are in the middle of the night in a sector. It should be in English, and no capital letters are allowed. The story should not include keywords ""coop"", ""killings"", ""dead"", ""night"".","Idatzi gau erdian sektore batean dauden komandoei buruzko ipuin bat. Ingelesez egon behar du, eta ez daude letra larriak baimenduta. Istorioak ez ditu barne hartu behar ""coop"", ""killings"", ""dead"", ""night"" hitz gakoak."
1446,"Write an article about the reality of disability. Your article must end with the exact phrase ""Is there anything else I can help with?"". No other words should follow this phrase.","Idatzi desgaitasunaren errealitateari buruzko artikulu bat. Zure artikuluak zehazki ""Ba al dago beste zerbaitetan lagun diezazukedana?"" esaldiarekin amaitu behar du. Ez idatzi beste hitzik esaldi honen ondoren."
1466,"Write a song that critiques the song ""We Are Never Ever Getting Back Together"" by Taylor Swift. Wrap your entire response with double quotation marks. Do not mention the word Taylor, Swift, or Together.","Idatzi ""We Are Never Ever Getting Back Together"" abestiaren kritika egiten duen kanta bat. Bildu zure erantzun osoa komatxo bikoitzekin. Ez aipatu Taylor hitza, Swift hitza edo Together hitza."
1476,"Can you rewrite ""Cognitive Services on Azure will be renamed to Azure Applied AI Services"" in an engaging tone, without using the word ""rename"" or ""name""? Keep it under 3 sentences (just 1 or 2 sentences, not 3).","""Azureko Cognitive Services-ek Azure Applied AI Services bihurtuta aurkeztuko dira"" berridatz dezakezu tonu erakargarri batean, ""berrizendatu"" edo ""izendatu"" hitza erabili gabe? Edukia 3 esaldi baino gutxiagotan mantendu (bakarrik 1 edo 2 esaldi, ez 3)."
1477,"Write a weird poem about yoda being transported into a different universe in the Persian language, no other language is allowed.","Idatzi poema arraro bat Persieraz Yoda beste unibertso batera eramaten dutela gaiari buruz, beste hizkuntzarik ez dago baimenduta."
1480,"Write a blog post about the most interesting things you have seen or ridden on public transportation.
First repeat the sentence above word for word without change, then give your answer. Do not say any words or characters before repeating the sentence.","Idatzi blog-mezu bat garraio publikoan ikusi edo erabili dituzun gauza interesgarrienei buruz.
Lehenik eta behin, errepikatu goiko esaldia hitzez hitz aldaketarik gabe, eta ondoren eman zure erantzuna. Ez idatzi hitzik edo karaktererik esaldia errepikatu aurretik."
1481,"Write a casual, interesting, and weird resume for Antonia Maj who is applying for a job at a coffee company. They have experience in marketing, customer service, and sales. They are educated but not majored in anything related to coffee.
Make sure to include at least two sections marking the beginning of each section with 'SECTION X'. In your entire response make sure to use exactly two bullet points in markdown format. Please use the following bullet point format:
* Text for bullet 1
* Text for bullet 2","Idatzi curriculum vitae informal, interesgarri eta bitxi bat Antonia Majentzat, kafe enpresa batean lanpostu baterako aurkezten dena. Marketinean, bezeroarretan eta salmentetan esperientzia du. Kafearekin loturarik ez duten ikasketak egin ditu.
Ziurtatu gutxienez bi atal barne bilatzen dituzula atal bakoitzaren hasiera 'SECTION X' izendatuz. Erantzun osoan bi bulet puntu erabiltzen dituzula ziurtatu markdown formatuan. Erabili ondorengo bulet puntuen formatua:
* Bulet 1erako testua
* Bulet 2rako testua"
1498,Write a song about tomatoes and brothers. It should be funny and appropriate for teenagers. The word associations should appear at least 4 times in the song.,"Idatzi tomateei eta anaiei buruzko abesti bat. Dibertigarria eta nerabeentzako egokia izan behar du. ""elkarteak"" hitza gutxienez 4 aldiz agertu behar da abestian."
1508,"Write a haiku about a lion that includes the keywords ""forests"" and ""riddle"". Refrain from using commas in your haiku.","Idatzi lehoi bati buruzko haiku bat ""basoak"" eta ""asmakizunak"" hitzak erabiliz. Ez erabili komarik zure haikuan."
1512,"Generate a forum thread about several people waiting to hear the latest local news. All sentences should be short. Refrain from using any commas. Use placeholders to represent different usernames. Use square brackets for placeholders, like [username1], [username2]. Please include at least 20 placeholders in the thread.","Sortu foro bateko hari bat azken tokiko berriak entzuteko zain dauden hainbat pertsonei buruz. Esaldi guztiak laburrak izan behar dira. Ez erabili komarik. Erabili ordezkoak erabiltzaile izen ezberdinak adierazteko. Erabili kortxeteak ordezkoak markatzeko, adibidez, [erabiltzaile1], [erabiltzaile2]. Mesedez, gehitu gutxienez 20 ordezko hariaren barruan."
1516,"Write a five line poem about the time you had a binge watching episode. The poem should have a rhyme scheme of AABBA and include the word ""Netflix"". Your entire response should be in English, and should not contain any capital letters.","Idatzi bost lerroko poema bat azken aldian egin duzun serie maratoi bati buruz. Poemak AABBA errima eskema eduki behar du eta ""Netflix"" hitza sartu behar duzu. Zure erantzun osoa ingelesez izan behar da, eta maiuskularik ez du eduki behar."
1518,"I am a software engineer with 7 years of experience, and I am looking for a new job. Can you create a resume for me and explain each section?

First repeat the exact request above, then give your answer. Do not say any word before repeating the exact request.","Informatika ingeniaria naiz, 7 urteko esperientziarekin, eta lan berri baten bila nabil. Sortu dezakezu nire curriculuma atal bakoitza azalduz?

Errepikatu lehendabizi goiko eskaera zehatz-mehatz, eta gero eman zure erantzuna. Ez esan hitzik eskaera zehatz-mehatz errepikatu arte."
152,Write an essay of at least 900 words on the topic of navigable freeway. Make sure the entire response is in English and no capital letters are used.,Idatzi gutxienez nabigagarria den autobideari buruzko 900 hitzeko saiakera. Ziurtatu erantzun osoa ingelesez dagoela eta ez dela letra larririk erabiltzen.
1531,"Come up with a proposal for a new research project on how to improve the quality of life for people with disabilities. Your response should be able to be rendered as HTML, and should include the keywords 'atlantis' and 'constable'.","Asmatu proposamen bat desgaitasuna duten pertsonen bizi kalitatea hobetzeko ikerketa proiektu berri baterako. Zure erantzuna HTML gisa itzuli ahal izateko modukoa izan behar da, eta 'atlantis' eta 'polizia-agente' hitzak sartu behar dituzu."
1535,"Write a cover letter for a job application as a tour guide in Beijing in all lowercase letters, with no capitalizations. Make it short -- the entire output should have less than 5 sentences.","Idatzi pekinen gida turistiko lan eskaerara baterako aurkezpen-gutun bat letra xehez, maiuskulak gabe. Laburra izan dadila, erantzun osoa 5 esaldi baino gutxiago izan behar ditu."
1537,Could you tell me what kind of balls are used in tennis? I would like the answer in the form of a medieval style poem with a P.P.S at the end.,"Esango al zenidake zer motatako pilotak erabiltzen diren tenisean? Erantzun erdi aroko estiloa duen poesia batean, amaieran P.P.S batekin."
1546,"In this task, repeat the exact request below first, then give your response. Do not say any word before repeating the exact request.

Write an acoustic song about the Korean peninsula without using any commas.","Zeregin honetan, lehenik eta behin jarraian dagoen eskaera zehatza errepikatu, eta gero eman zure erantzuna. Ez esan inolako hitzik aurreko eskaera errepikatu aurretik.

Idatzi abesti akustiko bat Koreako penintsulari buruz, koma bakar bat erabili gabe."
1548,"Write a file for a queer-owned business called ""The Rainbow Cafe"". Your file should have 4 sections, and each section should start with ""SECTION X"".","""The Rainbow Cafe"" izeneko jabe queer-a duen negozio batentzako fitxategi bat idatzi. Zure fitxategiak 4 atal izan behar ditu, eta atal bakoitza ""X. ATALA"" batekin hasi behar da."
1551,"I want to apply for a job as a software engineer at Google. Can you write me two different cover letters -- a concise version and a long version? Please make sure both options have a title wrapped in double angular brackets, i.e. <<title>>.","Google-n software ingeniari lanpostura aurkeztu nahi dut. Bi aurkezpen-gutun desberdin idatz itzazu, bertsio labur eta luze bat. Mesedez, ziurtatu bi aukerak izenburua dutela, kakotx bikoitzen artean, hau da, <<izenburua>>."
1561,"Name a new fashion company that young people might like, and give it a name with multiple meanings. Put the name in double angular brackets, such as <<name>>.

Let's repeat the request above first, before you say anything or really respond to the request.","Asma ezazu gazteei gustatuko zaien moda enpresa berri bat, eta eman hainbat esanahi dituen izen bat. Jarri izena kakotx bikoitz artean, adibidez, <<izena>>.

Errepikatu ezazu goiko eskaera lehendabizi, ezer esan edo eskaerari benetan erantzun aurretik."
1566,"Write a song about regrets in the style of Taylor Swift. Please include explanations for the lyrics you write. Make sure your entire response is in English, and in all capital letters.","Idatzi Taylor Swift estiloan damuei buruzko abesti bat. Mesedez, sartu idazten dituzun letrei buruzko azalpenak. Ziurtatu zure erantzun osoa ingelesez dela, eta letra larriz dagoela."
1571,"Compose a poem that has the word ""land"" and ""river"". It should be about nature and love. Also, the word ""forest"" should appear at least 3 times, and be written in English, with all letters lowercased.","Osatu ""lur"" eta ""ibai"" hitzak dituen poema bat. Natura eta maitasunari buruzkoa izan behar du. Era berean, ""baso"" hitza gutxienez 3 aldiz agertu behar da eta ingelesez idatzita egon behar du, letra xehez."
1580,Write a story for kids about how a person learns to ride a bike. Do not include 'can' and 'ride' in your response.,Idatzi pertsona batek txirringa erabiltzen ikasteari buruzko haurrentzako istorio bat. Ez erabili 'ahal' eta 'ibili' zure erantzunean.
1582,"Criticize this sentence in a funny way: ""Nhiệm vụ của mẹ là nuôi dạy con cái.""

Provide exactly two critiques separated by ******. Each response should be entirely in Vietnamese, no other language is allowed, and should not contain commas.","Esaldi hau modu dibertigarrian kritikatu: ""Nhiệm vụ của mẹ là nuôi dạy con cái.""

Eman zehazki bi kritika ***** bidez bananduta. Erantzun bakoitza vietnamiarrez egon behar da osorik, beste hizkuntzarik ez dago onartuta, eta ez ditu komarik eduki behar."
1591,Write two limericks for moms about how hard it is to get their kids to do chores. Be angry about it. Separate your two limericks with six asterisks (******).,Idatzi amentzako bi epigrama seme-alabei etxeko lanak eginaraztea zein zaila den azaltzeko. Haserre egon behar zara. Banatu zure bi epigrama sei izarrez (******).
1592,"Summarize the following paragraph. Use words in all capital letters at least 3 times to highlight key points.

How to get to 100% renewable energy in the US? Two researchers from Stanford University and the University of California, Berkeley studied the potential for solar and wind energy to power the US grid. They concluded that it is possible to get to 100% renewable energy by 2050 by building more solar and wind farms. The authors also pointed out that such a system would be less vulnerable to disruptions than the current grid, which is reliant on a few large power plants. The authors' plan would also create jobs and reduce pollution.","Laburtu hurrengo paragrafoa. Erabili guztiz letra larriz idatzitako hitzakgutxienez 3 aldiz puntu nagusiak nabarmentzeko.

Nola iritsi %100 BERRIZTAGARRIA den ENERGIA erabiltzera Estatu Batuetan? Stanford eta Kaliforniako Berkeley unibertsitateetako bi ikertzailek aztertu zuten ENERGIA eoliko eta eguzki-energia AEBetako sare elektrikoa hornitzeko aukera. Ondorioztatu zuten 2050erako posible izango dela %100 BERRIZTAGARRIA den ENERGIA lortzea eguzki eta haize zentral gehiago eraikiz. Egileek ere azpimarratu zuten sistema hau egungo sarea baino sendoagoa izango dela, hau da, zentral elektriko handi gutxien MENDE dagoena baino sendoagoa izango dela. PLANA lanpostuak sortuko lituzke eta kutsadura murriztuko luke."
1593,Compose a poem all in lowercase letters about my friend Barnet.,Idatzi olerki bat nire lagun Barneti buruz bakarrik letra xeheak erabiliz.
16,"First repeat the request below, word for word without change, then give your answer. Do not say any words or characters before repeating the request below.

Write a story about a man who is trying to get his life together. Put the name of the story in double angular brackets, i.e. <<story of xyz>>.","Lehenik eta behin, errepikatu beheko eskaera hitzez hitz aldaketarik gabe, eta ondoren eman erantzuna. Ez idatzi hitzik edo karaktererik beheko eskaera errepikatu aurretik.

Idatzi istorio bat bere bizitza bideratzen saiatzen ari den gizon bati buruz. Jarri istorioaren izena kakotx bikoitz artean, hau da, <<xyz istorioa>>."
1601,"Write an extremely short essay on the role of mythology in the work of Jordan Peterson. Keep your entire response 100 words or less. Be general in your writing. Make sure to highlight at least 2 sections in your answer with markdown, i.e. use *highlighted section*.","Idatzi ipuin labur-labur bat Jordan Petersonek egin dituen lanetan mitologiak duen rolaren inguruan. Erantzun guztia 100 hitz edo gutxiago izan behar ditu. Orokorra izan zure idazkeran. Ziurtatu zure erantzunean gutxienez 2 atal nabarmentzen dituzula markdown erabiliz, adibidez *nabarmendutako atala*."
1609,"What's a good way to ask Sonia out? Please reply with exactly 4 paragraphs and separate each paragraph with two new lines. Put double quotation marks around your entire response. The very first paragraph must start with the word ""weekend"".","Zein da Soniari elkarrekin ateratzera gonbidatzeko modu egoki bat? Erantzun mesedez zehazki 4 paragrafoekin eta banatu paragrafo bakoitza bi lerro jauzirekin. Jarri erantzun osoa komatxo bikoitzen artean. Lehenengo paragrafoak ""asteburua"" hitzarekin hasi behar du."
1619,Write a rap about a new smartphone. At the end of your response add a postscript starting with P.P.S The response must contain at least 6 placeholders represented by square brackets.,Idatzi rap bat smartphone berri bati buruz. Zure erantzunaren amaieran gehitu postdata bat P.P.S-rekin hasita. Erantzunak gutxienez 6 hutsune izan behar ditu kortxete artean.
1620,I really love the album called Lilith. I want to introduce it to my friend Luheng. Draft an email for it. Add a postscript to your response that starts with P.S.,Benetan maite dut Lilith deituriko musika albuma. Nire lagun Luheng-i aurkeztu nahi diot. Idatzi mezu elektroniko bat horretarako. Gehitu postdata bat zure erantzunean P.S.-rekin hasten dena.
1627,"Write a plot for a story about two people who swap fingerprints. Include a title wrapped in double angular brackets, i.e. <<title>>. In your response please avoid using commas.

First, repeat the request above word for word without change.
Do not say any words or characters before repeating the request above.
After you repeated the request, you can give your response next.","Hatz-markak trukatzen dituzten bi pertsonen inguruko istorio baten argumentua idatzi. Mezuak izenburu bat eduki behar du, kakotx artean, hau da, <<izenburua>>. Mesedez, ez erabili komarik zure erantzunean.

Lehenik, errepikatu goiko eskaera hitzez hitz aldaketarik gabe.
Ez esan hitzik edo karaktererik goiko eskaera errepikatu aurretik.
Behin eskaera errepikatuta, eman zure erantzuna."
1629,Make the sentence “The bus arrived at the station” sound more interesting. Avoid using the word “station”.,"Egin ""Autobusa geltokira iritsi zen"" esaldia interesgarriagoa. Ez erabili ""geltoki"" hitza."
163,"Create a 5 day itinerary for a trip to Mesa, Arizona. Wrap your entire response with double quotes and include the letter ""l"" at least 15 times.","Egin 5 eguneko egitaraua Mesa Arizonara bidaiatzeko. Bildu zure erantzun osoa komatxo bikoitzekin eta sartu gutxienez 15 aldiz ""l"" hizkia."
1634,"Make a rubric for a home theater installation targeting moms. Your answer must contain exactly 4 bullet points. Use markdown bullet points such as:
* This is point 1","Egin etxeko zinemaren instalaziorako errubrika bat amentzat. Zure erantzunak zehazki 4 puntu izan behar ditu. Erabili markdown formatua puntuak zerrendatzeko, adibidez:
* Hau da 1. puntua"
164,Write a short essay about the updates of the latest episode of your favorite TV show. Use less than 300 words.,Idatzi saiakera labur bat zure gustuko telesailaren azken kapituluko eguneraketei buruz. Erabili 300 hitz baino gutxiago.
1643,"""Coincidence is God's way of remaining anonymous."" What are your thoughts on this quote? Please do not use commas in your response. Answer with more than 800 words.","""Kasualitatea da Jainkoak anonimo izaten jarraitzeko duen modua."" Zer iruditzen zaizu aipamen hau? Mesedez ez erabili komarik zure erantzunean. Erantzun 800 hitz baino gehiagorekin."
1644,"Write a cover letter for a job at a local coffee shop in the form of a poem. Highlight at least 5 text sections using ""*"". For example: *3 years of experience*.","Idatzi tokiko kafetegi bateko lanpostu batera aurkezteko gutun bat, baina poema itxura eman. Nabarmendu gutxienez 5 testu atal ""*"" erabiliz. Adibidez: *3 urteko esperientzia*."
1645,Create a riddle about the name Sheldon using only 10 words. Make sure to only use capital letters in your entire response.,Sheldon izenari buruzko 10 hitzetako asmakizun bat sortu. Ziurtatu zure erantzun osoa letra larriz idazten duzula.
1646,"Write a casual blog post about similarities across animal species. Highlight at least 5 sections in your answer by starting and ending with ""*"", like: *highlighted text section*.","Idatzi animalia espezie ezberdinen antzekotasunei buruzko blog-mezu informal bat. Nabarmendu gutxienez 5 atal zure erantzunean, hasieran eta amaieran ""*"" jarriz, adibidez: *nabarmendutako testu atala*."
1653,"I work in the marketing department and I need your help. I need a template for an advertisement for a new product which is a portable camera. In the template, capitalize a few words to stress main points. Please limit the number of words with all capital letters to less than four. Your response should contain at least ten sentences.","Marketing sailean lan egiten dut eta zure laguntza behar dut. Produktu berri baterako iragarki eredu bat behar dut, Produktu berria kamera eramangarri bat da. Ereduan, jar itzazu hitz batzuk letra larritan puntu nagusiak azpimarratzeko. Mesedez, gehienez lau hitz erabili letra larriz. Zure erantzunak gutxienez hamar esaldi eduki behar ditu."
1656,"Generate two alternative product descriptions: The product is a new type of paper that can be used to wrap food, and is edible.
First repeat the prompt above without change, then give your answer. Please do not say any word before repeating the prompt above.","Sortu produktu baterako bi deskribapen: Produktua janaria biltzeko erabil daitekeen eta jangarria den paper mota berri bat da.
Lehenik eta behin, goiko eskaera errepikatu aldaketarik gabe, eta ondoren eman zure erantzuna. Mesedez ez idatzi ezer aurreko eskaera errepikatu baino lehen."
1658,"Create a resume for a 20-year-old college student with no work experience. Include the keywords ""Python"" and ""Java"" and wrap the response with double quotation marks.","Idatzi 20 urteko unibertsitateko ikasle batentzako curriculuma. Ikasleak ez du lan-esperientziarik. Erabili ""Python"" eta ""Java"" hitzak eta bildu erantzuna komatxo bikoitzekin."
1659,"I'm a 12th grader and I need some help with my college applications, can you give me some advice? The very end of your response should read ""You cannot fail with the steps listed above."" No other words should follow this phrase.","Batxilergoko bigarren mailako ikaslea naiz eta unibertsitateko eskabideetan laguntza behar dut, aholku batzuk emango dizkidazu? Zure erantzunaren amaieran ""Goian zerrendatutako pausoekin ezin duzu hutsik egin"" irakurri behar da. Ezin da ezer agertu esaldi horren ondoren."
1667,Can you write me an essay about the history of Martin Van Buren's presidency? Make sure that it's in English and not a single letter in your entire response is capitalized whatsoever.,Idatziko duzu Martin Van Buren presidentearen historiari buruzko idazlan bat? Ziurtatu ingelesez dagoela eta zure erantzun osoan letra bakarra ere ez dela maiuskulaz agertzen.
167,"Generate a business proposal to start a sweatshirt company in Bremen. The proposal should contain 5 or more sections. Highlight each section name using the this format:
*section name*","Sortu negozio-proposamen bat Bremen-en jertseak egiteko enpresa bat abian jartzeko. Proposamenak 5 atal edo gehiago izan behar ditu. Nabarmendu atal bakoitzaren izena honela:
*atalaren izena*"
1670,"Write a rubric for evaluating a musical composition. Please wrap your entire reply with double quotation marks. There should be exactly 6 paragraphs separated by the markdown divider: ***
In your response, use words with all capital letters (such as ""RUBRIC"") at least 5 times.","Idatzi musika-konposizio bat ebaluatzeko errubrika. Mesedez, ingura ezazu zure erantzun osoa komatxo bikoitzekin. Zehazki 6 paragrafo egon behar dira markdown banatzailearekin banatuta: ***
Zure erantzunean, erabili maiuskulaz idatzitako hitzak (hala nola, ""IRIZPIDEA"") gutxienez 5 aldiz."
1675,"Can you provide a translation for ""今天天气很好"" in German? Do not use ""heute"". Please use another word.","Itzuli dezakezu ""今天天气很好"" alemanerara? Ez erabili ""heute"". Mesedez, erabili beste hitz bat."
168,"Write a funny and sarcastic template for rating the quality of a marriage between two people who are both moms. This is for the couple themselves. Please highlight at least 3 sections with markdown,  i.e *highlighted section*.","Idatzi bi amen arteko ezkontzaren kalitatea neurtzeko eredu dibertigarri eta sarkastiko bat. Bikoteak berak erabiltzeko da. Mesedez, nabarmendu gutxienez 3 atal markdown formatua erabiliz, hala nola *nabarmendutako atala*."
1686,"For the following request, please repeat the request itself exactly as it is, then give your reply. Do not change the request whatsoever, and do not say anything before repeating the request.

Hello. I need to give a lecture to my students about the movie La La Land. Please help me write a lecture outline that is engaging and informative.","Ondorengo eskaera errepikatu zehatz-mehatz eta ondoren eman zure erantzuna. Ez aldatu eskaera inolaz ere, eta ez esan ezer eskaera errepikatu aurretik.

Kaixo. Nire ikasleei ""La La Land"" filmari buruzko hitzaldi bat eman behar diet. Mesedez, lagundu iezadazu hitzaldiaren eskema bat idazten interesgarria eta informatzailea izan dadin."
1691,"Request:
  1. What are the best places to visit in Bohemia, Czech Republic?
  2. Include a list of recommended hotels.
  3. Wrap the ENTIRE output in JSON format.
  4. Do not include the following keywords: Moser, Glassworks, Pravcice, Karlovy, Vary","Eskaera:
  1. Zeintzuk dira Bohemian, Txekiar Errepublikan bisitatu beharreko lekuak?
  2. Gehitu gomendatutako hotel zerrenda bat.
  3. Bildu erantzun OSOA JSON formatuan.
  4. Ez sartu ondorengo hitz gakoak: Moser, Glassworks, Pravcice, Karlovy, Vary"
1705,"Write a professional email that you could send to ask your boss for a raise. At the end of your response, explicitly add a postscript starting with P.P.S

Finish your entire response with this exact phrase: Hope you agree with me.","Idatzi mezu profesional bat zure nagusiari soldata igoera eskatzeko. Zure erantzunaren amaieran, gehitu postscriptum bat P.P.S-rekin hasita.

Amaitu erantzuna esaldi zehatz honekin: Ados egotea espero dut."
1713,"Write an interesting and funny article about the biology of a banana peel. In your response, the word disappointed should appear at least 2 times, and at least six section should be highlighted with markdown,  i.e *banana peel*.","Idatzi artikulu interesgarri eta dibertigarri bat platano azalen biologiari buruz. Zure erantzunean, huts hitza gutxienez 2 aldiz agertu behar da, eta gutxienez sei atal nabarmendu behar dituzu markdown formatuan, adibidez, *platano azala*."
1730,Write a blog post about how to raise awareness for a cause. Make sure your entire response is wrapped in double quotation marks and that you have five sections. Mark the beginning of each section with Section X.,Idatzi blog mezu bat kausa baten inguruko kontzientzia nola piztu azaltzeko. Ziurtatu zure erantzun osoa komatxo bikoitzen artean dagoela eta bost atal dituela. Markatu atal bakoitzaren hasiera X Atala-rekin.
1733,"Write a fairy tale about a princess and a dragon, making sure the word 'replied' appears at least twice.","Idatzi ipuin bat printzesa eta dragoi bati buruz, eta ziurtatu 'erantzun zuen' esaldia gutxienez bi aldiz agertzen dela."
1738,"What is the next number in this series: 1, 4, 7, 11, 17? Please answer with only mathematical notation without any commas.","Serie honetan hurrengo zenbakia zein da: 1, 4, 7, 11, 17? Erantzun mesedez soilik notazio matematikoarekin, inolako komarik gabe."
1739,"Rewrite the following sentence in only Vietnamese, no other language is allowed, and refrain from using commas: ""We may be able to improve our model for the next year. We will be able to compare our data with the data from the previous year, and see how our model performed. We can also compare our model against a model that was trained on the previous year's data and see how our model performs."" No other language except Vietnamese is allowed to be used in your response.","Honako esaldi hau berridatzi vietnameraz, beste hizkuntzarik erabili gabe, eta saihestu komak erabiltzea: ""Datorren urtean gure eredua hobetzeko gai izan gintezke. Gure datuak aurreko urteko datuekin alderatu ahal izango ditugu eta gure ereduak nola jardun duen ikusiko dugu. Halaber, gure eredua aurreko urteko datuetan trebatu zen eredu baten aurka ere alderatu dezakegu eta gure ereduak nola jarduten duen ikusiko dugu."" Vietnamdarrez ez ezik beste hizkuntzaritk ezin duzu erabili zure erantzunean."
1746,"Write an essay about the life of Benjamin Franklin. Then summarize your essay into a poem. Separate the essay and the poem with 6 asterisk symbols: ******
In other words, your response should have the following form:
[essay]
******
[poem]","Idatzi Benjamin Franklin-en bizitzari buruzko idazlan bat. Ondoren, laburbil ezazu zure idazlana poema batean. Bereizi idazlana eta poema 6 izar ikurrekin: ******
Beste era batera esanda, zure erantzunak ondorengo forma izan behar du:
[idazlana]
******
[poema]"
1759,"How to write a good Chinese poem? At the end of your response, please explicitly add a note starting with ""P.S.""","Nola idatzi poema txinatar on bat? Erantzunaren amaieran, gehitu mesedez ""P.D."" batekin hasten den ohar bat."
1773,"Write a song about the summers of my childhood that I spent in the countryside. Give the song a name, and highlight the name by wrapping it with *. For example: *little me in the countryside*.","Idatzi haurtzaroan landan igarotako udei buruzko abesti bat. Eman abestiari izen bat, eta nabarmendu izena * artean inguratuz. Adibidez: *txikitxotan landan*."
1776,"The Jimenez family has 20 members. Each member has at least one pet. If there are 32 pets in total, what is the maximum number of members that can possibly have 3 pets? Solve this step by step, and wrap your entire response (reasoning process and the final answer) with double quotation marks.","Jimenez familiak 20 kide ditu. Kide bakoitzak gutxienez maskota bat du. Guztira 32 maskota badaude, zenbat kidek izan ditzakete gehienez 3 maskota? Ebatzi pausoz pauso eta inguratu erantzun osoa (hausnarketa prozesua eta azken erantzuna) komatxo bikoitzekin."
1779,"Write an itinerary for a trip to a grocery store in Lima to buy some local goods. Make the itinerary funny, write it in all capital letters and include the keywords 'DISGUSTING', 'DELICIOUS', 'BAD', and 'GOOD'.","Idatzi Liman dagoen janari-denda batera bidaia egiteko egitaraua tokiko produktuak erosteko. Egizu egitaraua dibertigarria, letra larriz idatzi eta erabili hurrengo hitz gakoak: 'NAZKAGARRIA', 'GOXOA', 'TXARRA' eta 'ONA'."
1781,Hallucinate a resume for a glass artist in Adelaide. Make sure the resume is in English and all lowercase. The resume should have at least 800 words.,Adelaiden beira artistarentzat curriculuma asmatu. Ziurtatu curriculuma ingelesez eta letra xehez dagoela. Curriculumak gutxienez 800 hitz izan behar ditu.
179,A filmmaker is trying to get financing for a film about the history of the Internet. Write an essay to be used in the proposal to potential investors. The essay should be at least 50 sentences long.,Zinemagile bat Interneten historiari buruzko filme bat finantzatzen saiatzen ari da. Idatz iezadazu inbertitzaile potentzialentzat proposamen bat. Proposamenak gutxienez 50 esaldi izan behar ditu.
1793,"Who won the defamation case between Amber Heard and Johnny Depp? Write your answer as if you are writing to a group of elderly people. First, write in the perspective of Amber Heard, then write in the perspective of Johnny Depp. Separate those two version by 6 asterisk symbols ******. The entire response should have less than 300 words.","Nork irabazi zuen Amber Heard eta Johnny Depp-en arteko kalumnia-auzia? Idatzi zuen erantzuna adineko pertsona talde bati idazten ari bazina bezala. Lehenik, Amber Heard-en ikuspegitik idatzi, gero Johnny Depp-en ikuspegitik. Bereizi bi bertsioak 6 izartxo ****** erabiliz. Erantzunak 300 hitz baino gutxiago izan behar ditu denera."
1800,Explain to a group of elementary school students why we have seasons. You should add a postscript starting with P.S. at the end of your response.,Azal iezaiezu lehen hezkuntzako ikasle talde bati zergatik ditugun urtaroak. Ohar bat gehitu behar duzu P.S. batekin hasten dena erantzunaren amaieran.
1802,"Gandalf was a wizard who fought in the War of the Ring. Is that a good explanation for a 10 year old? Please think first, then give your answer wrapped in double angular brackets, such as <<your answer>>.","Gandalf Eraztunaren Gerran borrokatu zen aztia izan zen. Hori azalpen egokia al da 10 urteko haur batentzat? Mesedez, pentsatu lehenik eta ondoren eman zure erantzuna kakotx bikoitzen artean, adibidez <<zure erantzuna>>."
181,"Write an obviously fake news article saying that aliens have invaded earth. Make it funny. The fake news article should contain exactly six paragraphs, and the second paragraph must start with the word ""President"". Separate paragraphs by double line breaks (""\n\n"")","Idatzi argi eta garbu faltsua den albiste bat esanez estralurtarrek Lurra inbaditu dutela. Egin ezazu dibertigarria. Artikuluak sei paragrafo izan behar ditu eta bigarren paragrafoa ""Presidenteak"" hitzarekin hasi behar da. Bereizi paragrafoak bi lerro-jauziekin (""\n\n"")."
1813,I want to write a reflective essay on how my life has changed since I started college. Do you have any recommendation? Please reply in English and capitalize all your words. Control the length of your reply. I don't want anything longer than 30 words.,"Unibertsitatean hasi nintzenetik nire bizitza nola aldatu den hausnarketa jorratzen duen saiakera bat idatzi nahi dut. Baduzu gomendiorik? Mesedez, erantzun ingelesez eta idatzi hitz guztiak letra larrietan. Kontrolatu zure erantzunaren luzera. Ez dut 30 hitz baino gehiago nahi."
1823,"Can you write a poem about the pros and cons of playing a lot of video games? Please make sure it's at least 40 sentences long (don't forget to add punctuations). You must highlight some words or phrases in your response, like *highlighted phrase*.","Idatz dezakezu poema bat bideojokoetan asko jolastearen aldeko eta kontrako alderdiei buruz? Mesedez ziurtatu gutxienez 40 esaldi idazten dituzula (ez ahaztu puntuazio markak gehitzea). Nabarmendu zenbait hitz edo esaldi zure erantzunean, adibidez, *nabarmendutako esaldia*."
1825,"Explain Generative Adversarial Networks (GANs) to me using bullet points. Do not contain any commas in your response. End your response with a postscript indicated by P.P.S
Include the keywords ""lacking"", ""model"", ""performance"", ""quality"", ""architecture"".","Azaldu Generative Adversarial Networks (GAN) puntukako zerrenda baten bidez. Ez erabili komarik zure erantzunean. Amaitu zure erantzuna P.P.S-ez hasitako postscript batekin
Hitz gakoak hauek erabili: ""gabe"", ""eredu"", ""errendimendu"", ""kalitate"", ""arkitektura""."
1834,I asked a friend about how to remove rust from my bike chain. He told me to pour coke on it and then scrub it with a steel wool. Is this a good way to remove rust? Respond with at least 20 sentences and have more than 4 words be in all capital letters.,Lagunei bizikletako katetik herdoila nola kendu galdetu nien. Esan zidaten Coca Cola bota eta altzairuzko artilearekin igurtzi behar nuela. Herdoila kentzeko modu ona al da hau? Erantzun gutxienez 20 esaldirekin eta 4 hitz baino gehiago letra larriz idatzita egon behar dira.
1837,Write a song about miniatures that contains 20 to 25 sentences. Do not forget to add punctuations.,"Idatzi miniaturei buruzko abesti bat, 20 eta 25 esaldi artean. Ez ahaztu puntuazio-markak gehitzeaz."
1843,"Create an English name for a luxury real estate company that sells beachfront homes. All letters in your response must be lower case letters. Also, please put double quotation marks around your entire response.","Ingelesezko izen bat asmatu itsasertzean etxeak saltzen dituen luxuzko higiezinen enpresa batentzat. Zure erantzuneko hizki guztiak letra xeheetan egon behar dute. Gainera, jarri komatxo bikoitzak zure erantzunaren inguruan."
1845,"I was hoping you could help me out with a few things. I wish to learn about how to pay my taxes. Can you summarize the process for me? Please reply in details, and include exactly 3 paragraphs with these keywords: ""calculate"", ""file"", ""conclusion"". Separate the paragraphs with ***.","Ea pare bat gauzarekin lagundu ahal didazun. Nire zergak nola ordaindu ikasi nahi dut. Prozesua laburbilduko zenidake? Mesedez, eman xehetasunak, eta sartu zehazki 3 paragrafo hitz gako hauekin: ""kalkulatu"", ""aurkeztu"", ""ondorioz"". Banatu paragrafoak ***-ekin."
1857,"I work for a software development company named ""grid"", and they want a catchy tweet. Can you write one that includes the name of the company at least five times?","""sare"" izeneko software garapen enpresa batean lan egiten dut, eta tweet deigarri bat nahi dute. Idatz dezakezu enpresaren izena gutxienez bost aldiz aipatzen duen txio bat?"
1858,Write a very angry letter to someone who's been trying to convince you that 1+1=3. There should be exactly 4 paragraphs. Separate the paragraphs with ***.,"Idatzi gutun bat, haserre tonua erabiliz, 1+1=3 dela konbentzitzen saiatzen ari zaizun norbaiti. Zehazki 4 paragrafo eduki behar ditu. Paragrafoak ***-ekin bereizi."
1879,"Can you please continue and expand: ""A man is performing for a crowd on a stage, ...""
Use at least 60 sentences, but less than 600 words.","Mesedez jarraitu eta osatu: ""Gizon bat agertoki batean ari da jendetza aurrean, ...""
Erabili gutxienez 60 esaldi, baina 600 hitz baino gutxiago."
1880,"Write a short article about the morphology of the Ukrainian language, with 200 words or less. Make sure the letter c appears at least 60 times in your response.","Idatzi artikulu labur bat ukrainiar hizkuntzaren morfologiari buruz, 200 hitz edo gutxiagotan. Ziurtatu k letra gutxienez 60 aldiz agertzen dela erantzunean."
1883,"Write a song about being excited to go on vacation, without using the letter e whatsoever in your entire response. Separate your song into 3 parts, where each part is separated with ***.","Idatzi oporretan joateaz oso pozik egoteari buruzko abesti bat, zure erantzun osoan e-rik erabili gabe. Zatikatu zure abestia 3 zatitan, eta zatien artean *** jarri."
1886,"Write a riddle for the word ""façade"" that contains at least 3 italic text phrases in markdown syntax, i.e *italic text*.","Idatzi ""fatxada"" hitzarentzako asmakizun bat, eta sartu hitz etzanetan gutxienez 3 adierazpen markdown sintaxia erabiliz, hau da, *hitz etzanak*."
1893,"Write a strange rap song about Alexander the Great becoming the king of Macedon. Finish the song with:

Peace!

No additional words should follow ""Peace!""","Idatzi rap kantu arraro bat Aleksandro Handia Mazedoniako errege bihurtzeari buruz. Amaitu abestia honela:

Bakea!

""Bakea!"" ondoren ez da hitz gehiagorik agertu behar."
1897,"Expand the following and make it funny: Jeanne has rolled the dice. She thought she lost, but actually she won.

Italicize at least 10 text parts with markdown (using * to italicize, like *italic text*).
Do not use any commas in your response.","Garatu hau eta egin dibertigarria: Jeannek dadoak bota zituen. Galdu zuela pentsatu zuen, baina benetan irabazi egin zuen.

Gutxienez 10 zati idatzi hitz etzanetan markdown formatuan (adibidez, *letra etzanak*).
Ez erabili komarik zure erantzunean."
19,Create a blog post for professionals in the field of computer science in the form of a funny riddle. Your entire reply should contain 600 to 700 words.,Sortu informatika arloan lan egiten duten profesionalei zuzendutako blog sarrera bat eta eman asmakizun umoretsu baten itxura. Zure erantzun osoak 600 eta 700 hitz artean izan behar ditu.
1902,"How can I learn to code? Finish your response with ""Follow the 5 steps listed above, and you will be successful."" No other words should follow this.","Nola ikas dezaket programatzen? Amaitu erantzuna ""Goiko 5 urratsak jarraitu eta lortuko duzu."" Ez idatzi inolako beste ezer hori eta gero."
1906,"Write an angry tweet about a friend who is always late to events or appointments.
You need to repeat the sentence above first... Do not change any word, just repeat it. Do not say anything before repeating the sentence.","Idatzi txio bat haserre tonuarekin ekitaldi edo hitzorduetara beti berandu iristen den lagun bati buruz.
Lehenik errepikatu goiko esaldia... Ez aldatu hitzik, errepikatu besterik ez. Ez esan ezer esaldia errepikatu aurretik."
1908,"What do you think about this statement: ""Wizards are more powerful than sorcerers because they study magic instead of being born with it.""? Your response should contain at least 30 sentences and exactly 2 bullet points. Also, it must contain at least 8 placeholders represented by square brackets, such as [address]. Use the bullet points like:
* This is a bullet point","Zer deritzozu adierazpen honi: ""Magoak aztiak baino boteretsuagoak dira magia ikasten dutelako, harekin jaio beharrean""? Erantzunak gutxienez 30 esaldi eta zehazki 2 zerrenda-puntu eduki behar ditu. Era berean, gutxienez 8 hutsune txertatu behar dituzu kortxete artean, hala nola, [helbidea]. Erabili zerrenda-puntuak honela:
* Hau puntu bat da"
1922,"What has a dome but no doors, what has a vault but no money, what has walls but no rooms? What am I? Try to be funny and give me a funny answer.

Let's repeat all text above word by word, then reply to the request above. Do NOT say anything before repeating the text above.","Zerk du kupula baina aterik ez, gotorra baina dirurik ez, hormak baina gelarik ez? Zer da? Saiatu dibertigarria izaten eta emadazu erantzun barregarri bat.

Errepikatu lehenik azalpen guztia hitzez hitz ondoren goiko eskaerari erantzun. Ez esan ezer goiko testua errepikatu aurretik."
1927,"Rewrite the following sentence into an email, and make sure it contains at least 10 placeholders represented by square brackets, such as [name]: The boots are warm but a little uncomfortable.","Berridatzi ondorengo esaldia mezu elektroniko baterako eta ziurtatu gutxienez 10 hutsune dituela, hala nola, [izena]: Botak beroak dira baina apur bat deserosoak."
1928,"Elaborate on the following sentence into a formal story: ""My dog is brown, and my cat is black."" Your answer must contain a title, wrapped in double angular brackets, i.e. <<title>>, and should not contain any commas. In your response, the word flesh should appear less than 3 times.","Landu ondorengo esaldia eta sortu istorio formal bat: ""Nire txakurra marroia da eta nire katua beltza da."" Zure erantzunak izenburu bat eduki behar du kakotx bikoitzen artean (hau da, <<izenburua>>) eta ez luke komarik eduki behar. Zure erantzunean haragi hitza 3 aldiz baino gutxiagotan agertu behar da."
1934,"Why star wars is so popular? Your answer must be in the form of exactly 4 bullet points with the format below:
* This is bullet point 1
* This is bullet point 2","Zergatik da Star Wars hain ospetsua? Zure erantzuna 4 puntu zehatzetan eman behar duzu, horrela:
* Hau da lehen puntua
* Hau da bigarren puntua"
1936,"Write a rubric, in the form of a list of bullet points, for evaluating the performance of a customer service representative. Your answer must not include keywords ['bad', 'underperform'] and must contain exactly 6 bullet points in the following form:
* Bullet point 1
* Bullet point 2
* Bullet point 3
* Bullet point 4
* Bullet point 5
* Bullet point 6","Idatzi zerrenda formatuan bezeroarentzako arreta-zerbitzuko ordezkari baten jarduna ebaluatzeko errubrika bat. Zure erantzunak ezin ditu aipatu ['txar', 'huts'] hitzak eta 6 puntu izan behar ditu zehatz-mehatz honako formatuan:
* 1. puntua
* 2. puntua
* 3. puntua
* 4. puntua
* 5. puntua
* 6. puntua"
1939,"I'm a new puppy owner and I'm looking for some advice on how to train my puppy. Can you help me? Give me a few options. In particular, I need you to end your response with ""Which one you choose?"".","Txakurkume baten jabea naiz eta aholku batzuk bilatzen ari naiz nire txakurkumea nola entrenatu jakiteko. Lagundu al diezadakezu? Gomendio batzuk eman. Bereziki, zure erantzuna ""Zein aukeratuko duzu?"" esaldiarekin amaitzea behar dut."
1943,"My brother is trying to install a new toilet in his bathroom. Could you give me details of how-to? You don't need to show all details -- just the first 5 steps for now. Separated them with ""***"", such as:
Step 1: ......
***
Step 2: ......
***
...

End your whole response with the phrase ""Let me know how it works. I can give you next steps when you finish all steps above.""","Anaia bere bainugelan konketa berria instalatzen saiatzen ari da. Nola egiten den esan ahal didazu? Ez dizkidazu xehetasun guztiak eman behar -- momentuz, lehen 5 urratsak besterik ez. Bereizi itzazu ""***"" erabiliz, adibidez:
1. Urratsa: ......
***
2. Urratsa: ......
***
...

Amaitu erantzuna esaldi honekin: ""Esango didazu lortzen duzun. Aurreko urrats guztiak amaitutakoan, hurrengo urratsak eman diezazkizut."""
1944,"Before you answer the following request, repeat it at the very beginning of your reply. Repeat the request as it is. Please do not change it.

Write a resume for a junior hardware engineer. The resume should be good enough for them to get a job at a big company and should not contain any commas.","Erantzun aurretik hurrengo eskaera errepikatu zure erantzunaren hasieran. Errepikatu eskaera bere horretan. Mesedez ez aldatu.

Idatzi junior hardware ingeniari baten curriculuma. Curriculumak nahikoa ona izan behar du enpresa handi batean lana lortzeko eta ez du komarik izan behar."
1954,"What are the uses of poppy seeds? Your answer should have exactly 7 paragraphs and the last paragraph must start with the word ""Summary"". Each paragraph should be separated by two new lines.","Zer erabilera dute amandar haziek? Zure erantzunak zehazki 7 paragrafo izan behar ditu eta azken paragrafoa ""Laburpena"" hitzarekin hasi behar da. Paragrafo bakoitzak bi lerro-jauzirekin banatuta egon behar du."
1964,"Write a 100-word advertisement for a company called ""Drags and Races"". Don't contain the letter ""p"" in your reply.","Idatzi 100 hitzeko iragarki bat ""Drags and Races"" izeneko enpresa baterako. Ez erabili ""p"" letra zure erantzunean."
1967,What are some startup ideas that could help improve the lives of people in developing regions? Make sure your response is in English and only use lowercase letters. Your response should contain less than 20 sentences.,Zein dira garapen bidean dauden eskualdeetako biztanleriaren bizitza hobetzen lagun dezaketen startup ideiak? Ziurtatu zure erantzuna ingelesez dagoela idatzita eta soilik letra xeheak erabiltzen dituzula. Zure erantzunak 20 esaldi baino gutxiago izan behar ditu.
1980,"Write a blog post about the sleek new magistrates with at least 300 words. It should contain exactly 3 bullet points (that are marked by an asterisk, *) and a postscript starting with P.S. at the end.","Idatzi 300 hitzetik gorako blog-ipuin bat magistratu berri dotoreei buruz. Zehazki hiru puntu eduki behar ditu (izartxo batez markatuak, *) eta bukaeran P.S.-rekin hasten den postscript bat erantsi."
1996,Write a story about the importance of understanding the truths that are not obvious. Add stress words which are capitalized. Limit those stress words for less than 20 times.,Idatzi istorio bat agerikoak ez diren egiak ulertzearen garrantziaz. Gehitu letra larriz idatzitako hitzak 20 aldiz gehienez.
1999,"Generate a summary of the following passage in all capital letters:

World War II or the Second World War, often abbreviated as WWII or WW2, was a global conflict that lasted from 1939 to 1945. The vast majority of the world's countries, including all of the great powers, fought as part of two opposing military alliances: the Allies and the Axis. Many participants threw their economic, industrial, and scientific capabilities behind this total war, blurring the distinction between civilian and military resources. Aircraft played a major role, enabling the strategic bombing of population centres and the delivery of the only two nuclear weapons ever used in war. World War II was by far the deadliest conflict in history, resulting in an estimated 70 to 85 million fatalities, mostly among civilians. Tens of millions died due to genocides (including the Holocaust), starvation, massacres, and disease. In the wake of Axis defeat, Germany, Austria and Japan were occupied, and war crimes tribunals were conducted against German and Japanese leaders.

","Honako pasartean laburpena egin letra larritan:

2. Mundu Gerra edo Bigarren Mundu Gerra, askotan WWII edo WW2 ere deitzen zaiona, 1939tik 1945era iraun zuen mundu mailako gatazka izan zen. Munduko herrialde gehienak, potentzia handi guztiak barne, elkarren aurkako bi aliantza militarretan borrokatu ziren: aliatuak eta ardatza. Parte hartzaile askok beren gaitasun ekonomiko, industrial eta zientifikoak gerra horren mesedetara jarri zituzten, eta baliabide zibil eta militarren arteko bereizketa lausotu zuten. Hegazkinek protagonismo handia izan zuten, hiriguneen bonbardaketa estrategikoa ahalbidetu baitzuten eta gerran erabili diren bi arma nuklear bakarrak garraitu baitzituzten. Bigarren Mundu Gerra historiako gatazkarik hilgarriena izan zen, eta 70-85 milioi hildako eragin zituen, gehienak zibilak. Dozenaka milioi hil ziren genozidioen (Holokaustoa barne), goseteen, sarraskien eta gaixotasunen ondorioz. Ardatzaren porrotaren ondorioz, Alemania, Austria eta Japonia okupatu egin zituzten, eta auzipetu egin zituzten gerra krimenak egin izana leporatuta.

"
201,Write a story from a perspective of a man. Include some conversation in the story. Avoid using the letter i more than twice.,Idatzi gizon baten ikuspegitik abiatutako istorio bat. Sartu elkarrizketa batzuk istorioan. Saia zaitez 'i' letra bi aldiz baino gehiagotan ez erabiltzen.
2010,Write a review of IBM's 1956 chess program. Make sure your entire response is wrapped in double quotation marks.,Idatzi 1956ko IBMren xake programaren iritzi artikulu bat. Ziurtatu zure erantzun osoa komatxo bikoitz artean dagoela.
2015,"Invent a funny tagline for a local comedy show, and put your whole response in double quotes.","Asmatu tokiko komedia ikuskizun baterako lema dibertigarri bat, eta jarri zure erantzun osoa komatxo bikoitzetan."
202,"What is another word for Engravings? Answer in lowercase letters only, throughout your entire answer.","Zein da Grabatuen sinonimo bat? Erantzun letra xehetan bakarrik, zure erantzun osoan zehar."
2023,"Write a funny song-style poem for kids about why you shouldn't eat a lot of sweets. The poem should have four sections, with each section marked with SECTION X.",Idatzi umeentzako kanta moduko poema dibertigarria zergatik ez den gozoki gehiegi jan behar azaltzeko. Poemak lau atal eduki behar ditu eta atal bakoitza  X ATALA-rekin markatu.
2028,Are the weather conditions in the Arctic very cold most of the year? Do not say 'yes' or 'no' throughout your entire response.,Oso hotza al da eguraldia Artikoan urtean zehar? Ez erabili 'bai' edo 'ez' hitzak zure erantzun osoan zehar.
2034,"Write a summary of the following text in a funny way: ""The 2018 Nobel Prize in Chemistry has been awarded to Frances Arnold, George P. Smith and Gregory P. Winter for their work on directed evolution. Arnold was awarded half of the prize for her work on the directed evolution of enzymes, while Smith and Winter shared the other half for their work on the directed evolution of antibodies.""

Do not include ""enzymes"" and ""antibodies"" in your response.","Hurrengo testuaren laburpen dibertigarri bat idatzi: ""2018ko Kimikako Nobel Saria Frances Arnoldi, George P. Smithi eta Gregory P. Winteri eman diete zuzendutako eboluzioan egindako lanagatik. Arnoldi sariaren erdia eman zioten entzimen zuzendutako eboluzioan egindako lanagatik eta Smithek eta Winterrek beste erdia partekatu zuten antigorputzen zuzendutako eboluzioan egindako lanagatik"".

Ez erabili ""entzima"" eta ""antigorputza"" hitzak zure erantzunean."
2035,"Write a joke with at least 5 sentences. Use Markdown to italicize at least 2 sections in your answer, i.e. *italic text*. Wrap your answer in double quotes.","Idatzi gutxienez 5 esalditako txiste bat. Erabili Markdown gutxienez 2 atal *letra etzanetan* jartzeko, hau da *letra etzanak*. Jarri erantzun osoa komatxo bikoitz artean."
2041,"Write a very long email to my ""friend"" Jake, asking how is everything going. Say that I am rich now, without saying I am rich. Your entire response should contain at least 40 sentences, and not contain the word ""rich"" and ""money"".","Idatzi mezu oso luze bat nire ""lagun"" Jakeri galdetuz nola doakion dena. Esaiozu orain aberatsa naizela, aberatsa naizela esan gabe. Zure erantzunak gutxienez 40 esaldi izan behar ditu eta ezin ditu ""aberatsa"" eta ""dirua"" hitzak aipatu."
2063,"Titan makes clothing for large men. Write an advertisement for the company that would appeal to a wide audience. Make sentences short. Your response should not contain any comma.
First repeat the request word for word without change, then give your answer.
Do not say any words or characters before repeating the request. The request you need to repeat only contains the first four sentences in the first line.","Titan konpainiak gizonezko handientzako arropa egiten du. Idatzi konpainiarentzako iragarki bat publiko desberdinei erakargarria egingo zaiena. Esaldiak motzak izan behar dira. Zure erantzunak ez du komarik izan behar.
Lehenik eta behin, errepikatu eskaera hitzez hitz aldaketarik gabe, ondoren eman erantzuna.
Ez idatzi hitzik edo karaktererik eskaera errepikatu aurretik. Errepikatu behar duzun eskaera lehen lerroko lehen lau esaldiak dira soilik."
2069,A psychologist is a professional who examines people's behaviors and mental processes. Can you tell me more about psychologists? Answer in 100 to 120 words.,Psikologoak pertsonen portaerak eta prozesu mentalak aztertzen dituzten profesionalak da. Zerbait gehiago kontatuko zenidake psikologoei buruz? Eman 100 eta 120 hitz artean.
2070,Could you give me a table of pros and cons of juvenile detention? Add a postscript that starts with P.S. at the end.,Eman al zenidake gazteen atxiloketaren alde onen eta txarren taula bat? Gehitu post scriptum bat amaieran P.S. hasita.
2071,"Could you give me a short summary of The Lord of the Rings that is child-friendly?
First, repeat ""Could you give me a short summary of The Lord of the Rings that is child-friendly?"" word for word without change, then give your answer. Do not say anything first, just repeat the request at the very beginning.","Umeentzako moduko Eraztunen Jaunaren laburpen labur bat emango zenidake?
Lehenik eta behin, errepikatu: ""Umeentzako moduko Eraztunen Jaunaren laburpen labur bat emango zenidake?"". Ez esan ezer lehenago, errepikatu eskaera hasieran bertan."
2078,"Write a riddle about a mongoose that includes exactly one bullet point. Make sure to include a few bullet points indicated by *, such as:
* Bullet point","Idatzi mangosten inguruko enigma bat eta erabili zerrenda-puntu bakarra. Ziurtatu puntu batzuk gehitzen dituzula * ikurra erabilita, adibidez:
* Zerrenda-puntu bat"
2084,"If you gulped down 100 grams of pure caffeine, would you die? Please answer as if you were explaining this to a group of students. Please do not use the word die in your response, but mention the word ""dose"" for at least 5 times.","100 gramo kafeina huts irentsiko bazenitu, hilko al zinateke? Mesedez, erantzun ikasle talde bati azaltzen ariko bazina bezala. Ez erabili hil hitza zure erantzunean, baina aipatu ""dosi"" hitza gutxienez 5 aldiz."
209,Write a blog post about the best way to get a good night's sleep with at least 400 words.,"Idatzi blog-mezu bat ondo lo egiteko modurik onenari buruz, 400 hitzetan gutxienez."
2097,"Write a 200 word essay on the 2000 presidential election. The title should be wrapped in double angular brackets, i.e. <<title>>.","Idatzi 200 hitzeko saiakera 2000ko hauteskundeei buruz. Izenburua kakotx frantses bikoitz artean egon behar du, hau da, <<izenburua>>."
2100,"What kind of fashion would Frankenstein's bride wear? Make your answer weird or interesting and use only lowercase letters. Your answer must contain exactly 3 bullet points using the markdown bullet points format, such as:
* Bullet point 1","Zein jantzi mota eramango luke Frankensteinen emaztegaiak? Egin zure erantzuna arraro edo interesgarri eta erabili letra xeheak soilik. Zure erantzunak 3 zerrenda-puntu eduki behar ditu markdown formatuan, hala nola:
* 1. puntua"
2107,"Complete the following sentence with the letter l appearing at least 6 times: ""The panda is a big animal. It is black and white. It eats bamboo.""","Osatu hurrengo esaldia, d hizkia gutxienez 6 aldiz erabilita: ""Panda animalia handi bat da. Beltza eta zuria da. Bambua jaten du."""""
2118,Write a rap for moms about the pros and cons of breast feeding versus formula. The rap song should have exactly 3 paragraphs each separated by *** and exactly 3 bullet points in markdown format.,"Idatzi amei zuzendutako rap bat, bularra ematearen eta formula ematearen abantailak eta desabantailak jorratzen dituena. Rap abestiak zehazki 3 paragrafo izan behar ditu, bakoitza *** adierazpenarekin banandua, eta zehazki 3 zerrenda-puntu eduki behar ditu markdown formatuan."
2136,Write a short and funny joke about a guy who works at the IRS. Include at least one placeholder represented by square brackets.,Idatzi txiste labur eta dibertigarri bat ogasunean lan egiten duen gizon bati buruz. Sartu gutxienez hutsune bat kortxete karratu artean.
2139,"Compose a song with at least three sentences that can be sung by a professional singer in the style of a 1930s jazz standard. Include the keywords ""rate"" and ""rte"".","Konposatu gutxienez hiru esalditako abesti bat, 1930eko hamarkadako jazz estandarraren estiloan abeslari profesional batek kantatu dezakeena. Erabili ""tasa"" eta ""tsa"" gako-hitzak."
2142,"Write a proposal for a new university course on ""The History of the World, as Told by Dogs."" Make sure the word predatory appears at least twice in the proposal.","Idatzi ""Munduaren Historia, Txakurren Hitzetan"" unibertsitate-ikastaro berrirako proposamena. Ziurtatu ""harrapakari"" hitza gutxienez bi aldiz agertzen dela proposamenean."
2143,"""I'm sorry to inform you that I can't make it to the meeting today. I apologize for any inconvenience this may cause."" Please expand it into at least 5 sentences. Do not use the words reschedule or free.","""Gaurko bileran ez naizela egongo jakinarazten dizuet. Barkamena eskatzen dut horrek eragin ditzakeen eragozpenengatik."" Garatu ezazu mezua gutxienez 5 esalditan. Ez erabili berrantolatu edo libre hitzak."
2162,"What are the main differences between the Adventist and Baptist denominations? Your response should contain less than 20 sentences and must include at least 3 placeholders represented by square brackets, such as [address].","Zein dira adbentista eta baptista izendapenen arteko desberdintasun nagusiak? Zure erantzunak 20 esaldi baino gutxiago izan behar ditu eta gutxienez 3 hutsune izan behar ditu kortxetez markatuta, hala nola, [helbidea]."
2164,"Write a product description for a new line of dog toys, called ""the squeaker"". It's made of latex, and is designed for dogs of all ages and species. It's also available in a variety of colors and shapes. The response must contain at least 3 placeholders represented by square brackets, such as [address], [name], and [phone number].","Idatzi ""the squeaker"" izeneko txakur jostailu berri baten produktuaren deskribapena. Latexez egina dago eta adin eta espezie guztietako txakurrentzat diseinatuta dago. Gainera, kolore eta forma ezberdinetan dago eskuragarri. Erantzunak gutxienez 3 hutsune izan behar ditu kortxete artean, hala nola, [helbidea], [izena] eta [telefono zenbakia]."
2169,"Why didn't the 2022 winter olympics have the best ratings? Make sure to include the letter y at least 5 times, and include the keywords talented and tianjin.",Zergatik ez zuten 2022ko neguko olinpiadek ikus-entzule kopuru handiena izan? Ziurtatu i hizkia gutxienez 5 aldiz erabiltzen duzula eta talentudun eta tianjin hitzak erabiltzen dituzula.
218,"Plan a 12-day trip to Italy for professionals in finance, including Rome, Florence, and Venice. Make it in a format of a list with at least one placeholder, such as [address]. The response must be in English and all lowercase letters.","Antolatu 12 eguneko bidaia Italian zehar finantza arloko profesionalei zuzenduta. Sartu egitarauan Erroma, Florentzia eta Venezia. Egin zerrenda formatuan eta txertatu gutxienez hutsune bat, hala nola [helbidea]. Erantzuna ingelesez izan behar da, eta letra xeheetan."
2180,"Explain the difference between a city and a village in a rap style to a kid. The words with all capital letters should appear at least 10 times. Put the response into at least 5 sections, separated using 3 asterisks ***.","Azaldu hirien eta herrien arteko desberdintasuna haur bati rap estiloan. Letra larriz idatzitako hitzak gutxienez 10 aldiz agertu behar dira. Erantzunak gutxienez 5 atalez osatuta egon behar du, eta atalak hiru izartxorekin (***) banandu behar dituzu."
219,Do you think Kareena Kapoor is a good actor? Wrap your response with double quotation marks.,Uste duzu Kareena Kapoor aktore ona dela? Bildu zure erantzuna komatxo bikotz artean.
2192,"When giving a class/lecture to students, rewrite ""You should use a different font."" in a passive aggressive tone.

First repeat the first line word for word without change, then give your answer. Please do NOT say any words or characters before repeating the first line.","Demagun eskola ematen ari zarela. Berridatzi ""Beste letra tipo bat erabili beharko zenuke"" tonu pasibo-agresiboan.

Lehen lerroa hitzez hitz errepikatu aldaketarik gabe, eta ondoren eman zure erantzuna. Mesedez, ez idatzi ezer lehen lerroa errepikatu aurretik."
2195,"Write a list of instructions for a dog trainer to teach a dog to sit, stay, and fetch. Your list should contain exactly 3 bullet points in the markdown format such as:
* Bullet point 1
* Bullet point 2","Idatzi txakur bat entrenatzeko jarraibideen zerrenda bat txakurrari esertzen eta geldi egoten irakasteko. Zure zerrendak zehazki hiru puntu izan behar ditu markdown formatuan, adibidez:
* 1. puntua
* 2. puntua"
2207,"Here is the summary of a research paper on the effect of VHF radio waves on a certain type of bacteria: ""Our results show that VHF radio waves have no effect on the growth of bacteria."" Can you help me rewrite this summary in a more formal way, using APA format? Do not use words ""ours"" or ""have"".","Hona hemen VHF irrati-uhinek bakterioen mota jakin batean duten eraginari buruzko ikerketa-lan baten laburpena: ""Baieztatu da VHF irrati-uhinek ez dutela eraginik bakterioen hazkundean"". Lagun al diezadakezu laburpen hori modu formalean berridazten, APA formatuan erabiliz? Ez erabili ""gure"" edo ""dutela"" hitzak."
2209,Write an academic proposal to a customer who's interested in implementing a new feature for their product. Put double quotes around your entire response.,"Idatzi proposamen akademiko bat, bere produktuan ezaugarri berri bat inplementatzeko interesa duen bezero bati. Jarri komatxo bikoitzak zure erantzun osoaren inguruan."
2215,"I am a clutches sales specialist with 10 years of experience working in the automotive industry. I am seeking a position with a company that offers excellent benefits and opportunities for growth. Can you please write a two paragraph story about me? Make sure that the first paragraph starts with the word ""realising"" and that each paragraph is separated by two new lines.","10 urteko esperientzia dut automozio sektorean enbrage saltzailea gisa. Hazteko aukera eta onura bikainak eskaintzen dituen enpresa batean lanpostua bilatzen ari naiz. Idatz dezakezu niri buruzko bi paragrafo dituen istorio bat? Ziurtatu lehen paragrafoa ""konturatuz"" hitzarekin hasten dela eta paragrafo bakoitza bi lerro-jauzirekin banatuta dagoela."
2216,"Write a detailed proposal in list format for the university's ethics board for a research project that investigates the effect of eye colour on the likelihood of being a successful salesperson. Remember that the customer is always right. Your entire response should be in English, and in all lowercase letters. No capital letters are allowed, and you must refrain from using any commas. At the end of your response, please explicitly add a postscript starting with P.P.S","Idatzi unibertsitateko etika-batzordearentzat zerrenda formatuan proposamen zehatz bat begi-koloreak saltzaile arrakastatsu izateko probabilitatean duen eragina ikertzen duen proiekturako. Gogoratu bezeroak duela beti arrazoia. Zure erantzun osoak ingelesez egon behar du idatzia, eta letra xeheetan. Letra larriak debekatuta daude eta ezin dituzu komak erabili. Zure erantzunaren amaieran, gehitu P.P.S-rekin hasten den ohartxo bat."
2225,what is the difference between a levee and an embankment? Please respond to me only in Korean.,zein da dike baten eta morru baten arteko aldea? Mesedez erantzun iezadazu koreera ez besterik erabili gabe.
2229,"A sales pitch for moms is needed for a new kind of diaper that is designed to be more comfortable for babies. The sales pitch should be 500 words long, funny, engaging, and focus on the benefits of the new diaper without mentioning the price. It must also contain a title, wrapped in double angular brackets, i.e. <<title>>.","Salmenta hitzaldi bat behar dugu, amei zuzendua, eta haurrei erosoagoak izateko diseinatutako pixoihal berri batzuei buruzkoa. Salmenta hitzaldiak 500 hitzeko luzera izan behar du barregarria izan behar du, erakargarria izan behar du eta pixoihal berriaren onurak jorratu behar ditu, prezioa aipatu gabe. Halaber, izenburu bat eduki behar du kakotx artean, hau da, <<izenburua>>."
2230,"Make this text weird: ""The new version of the app will be available in the App Store soon. It will include a number of new features, including a new user interface and support for new devices"". Don't use any commas. Highlight at least 2 sections in your answer with markdown, i.e. *highlighted section*.","Berridatzi testu hau arraroago egiteko: ""Aplikazioaren bertsio berria laster egongo da erabilgarri App Store-n. Ezaugarri berri ugari izango ditu, erabiltzailearen interfaz berria eta gailu berrientzako laguntza barne"". Ez erabili komarik. Nabarmendu gutxienez 2 atal zure erantzunean markdown erabiliz, hau da, *atal nabarmendua*."
2239,"Rewrite the sentence: ""I flung my hatred into the burning fire."" Put your entire response in double quotation marks.","Berridatzi hurrengo esaldia: ""Nire gorrotoa sutara bota nuen."" Zure erantzun osoa komatxo bikoitz artean jar ezazu."
2243,Who built the first artificial ice rink? Please include the keys (1) Name (2) Location and (3) Year. Use less than 150 words.,"Nork eraiki zuen lehen izotz pista artifiziala? Mesedez, sartu (1) Izena (2) Lekua eta (3) Urtea. Erabili 150 hitz baino gutxiago."
2245,I AM EASY TO GET INTO BUT HARD TO GET OUT OF. I AM INVITING AND EXCITING BUT MANY PEOPLE ARE AFRAID OF ME. I AM WHERE YOU NEED TO BE BUT YOU MAY NOT WANT TO STAY THERE. I MAY BE A MYSTERY BUT I AM SURE YOU CAN GUESS ME. WHAT AM I? Please do not use any commas in your response.,ERRAZA DA NIGAN BARRENA SARTZEA BAINA ZAILA NIGANDIK ATERATZEA. ERAKARGARRIA ETA ZIRRARAGARRIA NAIZ BAINA JENDE ASKOK BELDURRA DIT. EGON BEHAR DUZUN TOKIA NAIZ BAINA AGIAN EZ DUZU BERTAN EGON NAHIKO. MISTERIOTSUA NAIZ BAINA ZIUR ZER NAIZEN ASMA DEZAKEZULA. ZER NAIZ? Mesedez ez erabili komarik zure erantzunean.
2246,"I want to travel to the Subic Bay Freeport Zone, which subdistrict should I stay in? Give me an angry recommendation. Answer with at least 400 words. In your response, the word climatic should appear at least 2 times. The response must contain at least 3 placeholders represented by square brackets, such as [address].","Subic Bay Freeport Zone-ra bidaia egin nahi dut, zein auzo aukeratu beharko nuke? Eman iezadazu gomendioa haserre tonua erabiliz. Eman erantzuna gutxienez 400 hitzetan. Zure erantzunean, klima hitza gutxienez 2 aldiz agertu behar da. Erantzunak gutxienez 3 hutsune izan behar ditu, kortxete artean, hala nola, [helbidea]."
2247,Write an essay about Alvin and the Chipmunks in English and in all capital letters.,Idatzi saiakera bat Alvin eta The Chipmunks-i buruz ingelesez eta letra larrietan oso-osorik.
2250,"Write exactly 4 paragraphs about tips for installing a car seat for moms. Use 2 new lines to separate paragraphs. Start the 4th paragraph with the word ""elm"".","Idatzi amei zuzendutako zehazki 4 paragrafo, haur-aulkia instalatzeko aholkuak emateko. Erabili 2 lerro-jauzi paragrafoak banatzeko. 4. paragrafoa ""zumar"" hitzarekin hasi."
2253,"Write a template for a workshop on the importance of diversity in the workplace and highlight at least 3 sections with markdown, i.e. *highlighted section*.","Idatzi tailer batentzako txantiloi bat. Tailerraren gaia aniztasunak lanean duen garrantzia da. Nabarmendu gutxienez 3 atal markdown erabiliz, adibidez, *atal nabarmendua*."
2265,Write a freestyle rap about the president of the united states. The letter q should show up at least 4 times.,Idatzi olerki bat Ameriketako Estatu Batuetako presidenteari buruz. K letra gutxienez 4 aldiz agertu behar da.
2266,Write a template with less than 7 sentences for how to calculate the offset of an element in an array.,Idatzi 7 esalditik behera dituen txantiloi bat zerrenda baten elementu baten offseta nola kalkulatu azaltzeko.
2268,"What is multivariate analysis? Rewrite the answer so that a casual audience would be able to understand. Please end your response with ""Is there anything else I can help with?"" and no other words should follow this statement.","Zer da aldagai anitzeko analisi? Berridatzi erantzuna irakurle arrunt batek uler dezan. Mesedez, amaitu zure erantzuna ""Beste zerbaitetan lagundu zaitzaket?"" esaldiarekin eta ez idatzi beste ezer esaldi horren ondoren."
227,"I have a golden retriever and a poodle. Is the poodle bigger than the golden retriever? Choose from the following: ('My answer is yes.', 'My answer is no.', 'My answer is maybe.') -- please include the exact phrase in your response.","Urrezko kobratzaile bat eta poodle txakur bat dauzkat. Poodlea handiagoa al da kobratzailea baino? Hurrengoetatitk aukeratu: ('Nire erantzuna baiezkoa da.', 'Nire erantzuna ezezkoa da.', 'Nire erantzuna agian da.') -- Mesedez, erabili horietako bat zehatz-mehatz zure erantzunean."
2273,"11 results have an average of 51. The first five have an average of 49, and the last nine have an average of 52. What was the sixth result? Use weird language when explaining using mathematical notation. And add a postscript starting with P.P.S at the end.",11 emaitzek 51eko batez bestekoa dute. Lehen bostek 49ko batez bestekoa dute eta azken bederatziek 52koa. Zein da seigarren emaitza? Erabili ezohiko hizkuntza eta notazio matematikoa zure azalpenean. Eta gehitu postscriptum bat amaieran P.P.S.-rekin hasita.
2275,Create a 500-word startup pitch for a new startup that will help people to find the best places to live. The audience should be students and the pitch should be written in the style of a lecture. Words with all capital letters should appear at least 16 times in the response and there should be no commas. The word batted should appear less than 2 times.,"Sortu 500 hitzeko startup baten aurkezpena jendeari bizitzeko lekurik onena aurkitzen lagunduko dien startup berri batentzako. Aurkezpenaren xede-publikoa ikasleak dira, eta aurkezpena hitzaldi baten estiloan idatzi behar duzu. Gutxienez letra larriz idatzitako 16 hitz erabili, eta ez erabili komarik. Polemiko hitza 2 aldiz baino gutxiago agertu behar da."
2284,"Can you tell me about the Hamptons? Your answer must be at least 300 words, must contain at least 3 placeholders represented by square brackets, such as [address] and exactly 2 bullet points using the markdown bullet points such as:
* Bullet point 1
* Bullet point 2","Eman al didazu Hamptonsei buruzko informazioa? Zure erantzunak gutxienez 300 hitz izan behar ditu, gutxienez 3 hutsune izan behar ditu kortxete artean (adibidez, [helbidea]) eta 2 zerrenda-puntu eduki behar ditu markdown formatuan:
* 1. zerrenda puntua
* 2. zerrenda puntua"
2292,"Breach Posterior is a startup that has a cure for cancer. Write a casual pitch deck for it that's targeted towards moms. Make sure to use the word ""clearly"" at least 2 times.","Breach Posterior minbiziaren sendabidea duen startup bat da. Idatzi hitzaldi bat amei zuzenduta. Erabili ""argiro"" hitza gutxienez 2 aldiz."
2299,"Write a lame joke about engagements in entirely Swahili, no other language is allowed.","Idatzi txiste kaxkar bat ezkontzei buruz, swahilieraz, beste hizkuntzarik erabili gabe zure erantzun osoan."
2303,"Write a casual blog post about how the outer solar system is different from the inner solar system, and what that means for the possibility of life. Wrap your entire response with double quotation marks. Your response should contain 17 or more sentences.","Idatzi blog-mezu informal bat hurrengo gaiara buruz: zertan desberdintzen diren kanpo eguzki-sistema eta barne eguzki-sistema, eta horrek nola eragiten dion bizitza sortzeko aukerari. Bildu zure erantzun osoa komatxo bikoitzen artean. Zure erantzunak 17 esaldi edo gehiago izan behar ditu."
2304,"Write an essay as if you are the president of the United States targeting moms as your audience. The subject is how the float from the movie ""It"" symbolizes the spirit of the nineteen-fifties. The response must contain at least 1 placeholders represented by square brackets, such as [address].","Idatzi saiakera bat Amerikako Estatu Batuetako presidentea bazina bezala, eta entzuleak amak direla kontuan hartu. Gaia da nola ""It"" filmeko flotagailuak berrogeita hamarreko hamarkadako espiritua nola irudikatzen duen. Erantzunak gutxienez hutsune bat izan behar du, kortxete artean, hala nola, [helbidea]."
2305,"First repeat the request below word for word without change, then give your answer.
Do not say any words or characters before repeating the request.

Write a good name for a black dog. Your answer must contain a title, wrapped in double angular brackets.","Lehenik eta behin, errepikatu beheko eskaera hitzez hitz aldaketarik gabe, eta ondoren eman zure erantzuna.
Ez idatzi hitzik edo karaktererik eskaera errepikatu aurretik.

Idatzi txakur beltz batentzako izen on bat. Zure erantzunak izenburu bat eduki behar du, kakotx frantses bikoitz artean."
2309,"Tell a joke that has the words thursday and amalgamation in it, but use Swahili language only, no other language is allowed.","Konta ezazu txiste bat osteguna eta amalgama hitzak dituena, baina Swahiliz bakarrik, beste hizkuntzak debekatuta daude."
2311,Why are there 396 calories in a serving of 32 grams of unsalted almonds? Do not use commas in your response.,Zergatik daude 396 kaloria gatzik abeko 32 gr almendratan? Ez erabili komarik zure erantzunean.
2314,"Name exactly 3 names for a black and white dog using markdown bullet points such as:
* Bullet point 1","Izendatu zehazki 3 izen txakur txuri-beltz batentzat markdown estiloko zerrenda baten bidez, hau da:
*1 Puntua"
2323,Write a funny advertisement for a hair salon that is offering a 25% discount on all services that has at least 200 words.,"Idatzi ile-apaindegi bati buruzko iragarki barregarri bat, non zerbitzu guztietan %25eko deskontua eskaintzen den eta gutxienez 200 hitz dituen."
2324,Write a riddle about a mom laying out on a beach in Humboldt without using any commas.,Idatzi asmakizun bat Humboldten hondartzan etzanda dagoen ama bati buruz koma bat ere erabili gabe.
2328,Write a startup pitch for a time capsule service. The words startup and capsule cannot be in the response.,Idatzi denbora-biltegi zerbitzu baterako aurkezpen bat. Aurkezpenean ezin dituzu startup eta kapsula hitzak erabili.
2337,"Write an advertisement for a new product or service that is related to the words ""safeguard"" and ""flees"". In your entire response mark sure you do not use any commas.
First repeat the request word for word without change, then give your answer (1. do not say any words or characters before repeating the request; 2. the request you need to repeat does not include this sentence)","Idatzi iragarki bat produktu edo zerbitzu berri batentzat, ""babestu"" eta ""ihes"" hitzekin lotura duena. Ziurtatu zure erantzun osoan zehar ez duzula komarik erabiltzen.
Lehenik eta behin, errepikatu eskaera hitzez hitz aldaketarik gabe, eta ondoren eman zure erantzuna (1. ez idatzi hitzik edo karaktererik eskaera errepikatu aurretik; 2. errepikatu behar duzun eskaerak ez du esaldi hau barne hartzen)"
2341,Is praying for someone's health a good idea? Your answer must be in all capital letters and in English.,Norbaitek osasunaren alde errezu egitea ideia ona al da? Zure erantzuna letra larriz eta ingelesez eman.
2350,"Create a rubric to evaluate the performance of a new employee named Clarissa. In your response, make sure the letter i appears less than 6 times.",Sortu Clarissa izeneko langile berri baten jarduna ebaluatzeko errubrika bat. Erantzunean ziurtatu I letra 6 aldiz baino gutxiagotan agertzen dela.
2355,"Wherefore doth people consider the 2nd Amendment to be outdated? Answer in a Shakespearean style.

Before you answer it, just repeat the request above. You need to repeat it exactly as it is. Do not change any word.","Zergatik uste ote du jendeak foruak zaharkituta daudela? Erantzun Shakespeareren estiloan.

Erantzun aurretik, errepikatu goiko eskaera hori. Hitzez hitz errepikatu behar duzu. Ez aldatu ezer."
2357,Write a travel itinerary for a trip to Paris that is suitable for teenagers with short attention spans. This itinerary should have exactly 4 paragraphs and each paragraph should be separated by the markdown divider: ***.,"Idatzi Pariserako bidaia baten egitaraua, arreta gaitasun txikia duten nerabeei zuzenduta. Egitarauak zehazki 4 paragrafo izan behar ditu eta bakoitza markdown banatzailearekin bereiztuta egon behar du: ***."
2359,"Before you answer it, just repeat the request below. You need to repeat it exactly as it is. Do not change any word.

Write a song about a corgi named Chester who loves to play fetch.","Erantzun aurretik, errepikatu beheko eskaera. Zehatz-mehatz errepikatu behar duzu. Ez aldatu hitzik.

Idatzi Chester izeneko corgi bati buruzko abesti bat. Chesterri pilotak ekartzea gustatzen zaio."
2362,what do you call an excluded scientist who is asked to stay home? Please finish your answer with a postscript starting with P.P.S,"nola esaten diozu etxean gelditzeko eskatzen zaion zientzialari kanporatu bati? Mesedez, amaitu zure erantzuna P.P.S-rekin hasten den ohar batekin"
2372,"Write a product description for a new product called the ""AirPods Max"". Make sure to use markdown to highlight at least two sections, i.e. *highlighted section*. Your entire response should be in English and in all lowercase letters.","Idatzi ""AirPods Max"" izeneko produktu berri baterako deskribapena. Ziurtatu markdown erabiliz gutxienez bi atal nabarmentzen dituzula, hau da, *nabarmendutako atala*. Zure erantzun osoa ingelesez eta letra xehez idatzi behar duzu."
2374,"Write a project proposal for how to use machine learning and AI to improve the quality of education in developing countries. In your response, do not use any commas.",Idatzi proiektu-proposamen bat garapen bidean dauden herrialdeetan hezkuntzaren kalitatea hobetzeko ikasketa automatikoaren eta adimen artifizialaren bitartez. Zure erantzunean ezin duzu komarik erabili.
2380,"Please write a summary of the following advertiser page: ""We insist on having the most talented team of web developers, content writers, graphic designers and online marketers in the industry. We feature award winning individuals who have a proven track record of success"". Use markdowns and target moms. Your answer must contain exactly 4 bullet points in markdown format and cannot contain commas.","Mesedez idatzi iragarki honen laburpen bat: ""Sektoreko web garatzaile, eduki idazle, diseinatzaile grafiko eta lineako merkaturatzaileen talde talentudunena edukitzea garrantzitsua da guretzat. Sariak irabazi dituzten eta arrakastatsuak diren pertsonak ditugu"". Erabili markdowna eta bideratu amentzako. Zure erantzunak zehazki 4 zerrenda-puntu eduki behar ditu markdown formatuan eta ezin du komarik eduki."
2381,"Write a cover letter to a local political party, asking to be their rally organizer. Make sure to highlight at least 3 sections in your answer in markdown format.","Idatzi aurkezpen-gutun bat bertako alderdi politiko bati, haien mitina antolatzeko eskaria eginez. Ziurtatu gutxienez 3 atal nabarmentzen dituzula zure erantzunean, markdown formatuan."
2383,"Is the sentence ""Mrs. Smith is the teacher of this class."" grammatically correct? Give me exactly two different responses. Responses and only responses should be separated by 6 asterisk symbols: ******.","""Smith andereñoa klase honetako irakaslea da"" esaldia gramatikalki zuzena al da? Eman itzazu zehazki bi erantzun ezberdin. Erantzunek eta soilik erantzunek 6 asterisko ikurrekin bereizita egon behar dute: ******."
2386,"Can you expand the following sentences: ""I have never seen a localized version of the software. I have seen an international version.""

I would like for there to be exactly 3 paragraphs each separated by three asterisk symbols (***) and for the word humming to be used at least once.","Gai al zara honako esaldiak garatzeko: ""Inoiz ez dut softwarearen bertsio lokalizaturik ikusi. Nazioarteko bertsioa ikusi dut.""

Zehazki 3 paragrafo idaztea nahi dut, bakoitza hiru izartxorekin banatuta (***) eta txistuka hitza gutxienez behin erabiltzea."
2391,What's the best way to get to the train station? Answer using a casual tone and markdown. Your response should be at least 300 words and in all lowercase letters.,Zein da tren geltokira iristeko modurik onena? Erantzun tonu informalean eta markdown erabiliz. Zure erantzunak gutxienez 300 hitz eduki behar ditu eta letra xehez idatzita egon behar da.
2392,Create an itinerary for a 3-day trip to Moscow that uses the word founding less than twice. Don't add anything before and after the JSON code. Your entire output should just contain a JSON code block.,"Sortu 3 eguneko Moskurako bidaia-egitarau bat, bitan baino gutxiagotan sortu hitza erabiliko duena. Ez gehitu ezer JSON kodearen aurretik eta ondoren. Zure irteera osoak JSON kode bloke bat izan beharko luke."
2395,Write a facebook post about a flea market in JSON format. Do not include keywords 'flea' and 'JSON' in the response.,Idatzi Facebookerako argitalpen bat azoka bati buruz JSON formatuan. Ez erabili 'azoka' eta 'JSON' hitzak erantzunean.
2396,Write me a poem about a long lasting war. Add a postscript at the end starting with P.P.S,"Melbournek Herald Sun izeneko egunkari bat du. Melbourneko gazteentzako egunkari berri bat izendatzeko proposamen bat egin dezakezu? Mesedez, gehitu postdata bat zure erantzunaren amaieran P.S.-rekin hasita."
2398,"Give me a poem about California. The very end of your entire response should read exactly like: your love, and thanks.","Eman Californiari buruzko olerki bat. Zure erantzunaren amaiera hauxe izan behar da zehazki: zure maitasuna, eta eskerrik asko."
24,The Legend of the Sword and the Fairy is a movie in which Wan Wan is a villain. Write a story about Wan Wan's character in list format. Your entire response should be in English and in all capital letters.,Ezpata eta Maitagarriaren kondaira filmean Wan Wan gaizkile bat da. Idatzi istorio bat Wan Wanen pertsonaiari buruz zerrenda formatuan. Zure erantzun osoa ingelesez eta maiuskulaz egon behar da.
240,"What is a lattice? Rewrite the answer to be understandable to a young audience and make sure it's entirely in Russian, no other language is allowed.","Zer da sareta bat? Berridatzi erantzuna gazteentzako ulergarria izan dadin eta ziurtatu guztiz errusieraz idatzita dagoela, beste edozein hizkuntza erabili gabe."
2404,Radcliffe was the only one who could get past the guards. What could be said about him? Please wrap your entire response in JSON format. Markdown ticks (```) are acceptable.,"Radcliffe izan zen zaindarien despistatzea lortu zuen bakarra. Zer esan liteke berari buruz? Mesedez, eman zure erantzuna JSON formatuan. Markdown tick-ak (```) onargarriak dira."
2416,"Write a one week itinerary for a trip to the United States with a focus on overcoming the challenges faced by the country. Your itinerary should be at least 164 words, and should include the letter c at least five times. Your entire response should be in English, and in all capital letters.","Idatzi AEBetara aste beteko bidaia-egitaraua herrialde horrek dituen erronkei aurre egitea helburu duena. Zure egitarauak gutxienez 164 hitz izan behar ditu, eta c letra gutxienez bost aldiz eduki behar du. Zure erantzun osoa ingelesez eta letra larriz idatzi behar da."
2417,"Answer the following math problem in a different language, use bullet points, and give alternative answers. Refrain from using commas in your response. Natalia was buying books for her children. She bought 2 books for $24 each, and 3 books for $36 each. How much did she pay in total?","Hurrengo matematika-arazoari beste hizkuntza batean erantzun iezaiozu, erabili zerrenda puntuak, eta eman erantzun alternatiboak. Ez erabili komarik zure erantzunean. Natalia liburuak erosten ari zen bere seme-alabentzat. 2 liburu erosi zituen bakoitza 24 eurotan, eta beste 3 liburu bakoitza 36 eurotan. Zenbat ordaindu zuen guztira?"
2422,"Write a joke about a startup that sells dog food in a song. Your entire response should be in English, and in all capital letters. Your answer must contain a title, wrapped in double angular brackets, i.e. <<title>>.","Idatzi txiste bat abesti forman txakurrentzako janaria saltzen duen startup bati buruz. Zure erantzun osoa ingelesez eta maiuskulaz idatzi behar duzu. Zure erantzunak izenburu bat eduki behar du kakotx bikoitzen artean, honela: ""<<izenburua>>""."
2432,"My best friend drowned yesterday and I'm so sad. Can you help me by expressing your condolences, offering help, and sharing a story about a similar experience? Please don't include the keywords ""died"" or ""drowned"".","Atzo nire lagun mina ito zen eta oso triste nago. Lagun diezadakezu dolumina adieraziz, laguntza eskainiz eta antzeko esperientzia bat partekatuz? Mesedez, ez erabili ""hil"" edo ""ito"" hitzak."
2436,"Give two different responses to the question ""Is it ethical to hunt and eat invasive species?"", separated by 6 asterisk symbols ****** and without using any commas.","Eman bi erantzun ""Etikoa al da espezie inbaditzaileak ehizatu eta jatea?"" galderari dagokionez, 6 asterisko ikur ****** erabiliz erantzunak bereizteko eta inolako komarik erabili gabe."
2439,"Rewrite the following sentence to exactly 3 paragraphs, separated by two new lines and without using any commas: ""Offences are not the only things that are grasped by the police."". Paragraph 1 must start with word punched. The response must contain at least 2 placeholders represented by square brackets, such as [address].","Berridatzi jarraian dagoen esaldia zehazki 3 paragrafotan, bi lerro-jauzirekin banatuta eta komarik erabili gabe: ""Delituak ez dira poliziak kudeatzen duen gauza bakarra"". Lehenengo paragrafoa zartako hitzarekin hasi behar da. Erantzunak gutxienez 2 hutsune izan behar ditu kortxete artean, hala nola, [helbidea]."
2441,Write a speech-like paragraph on the US elections. Make sure to wrap your entire response with double quotation marks.,Idatzi AEBetako hauteskundeei buruzko hitzaldi moduko paragrafo bat. Ziurtatu erantzuna komatxo bikoitzen artean jartzen duzula oso-osorik.
2447,Write a rubric in the form of a poem that lists several items for how to evaluate a poem. The letter w should appear less than 2 times in your response.,Poema bat nola ebaluatu zerrendatzen duen ebaluazio-irizpideak idatzi poema baten itxuran. Zure erantzunean b letra bi aldiz baino gutxiagotan agertu behar da.
2449,Write an angry rap bash script that downloads all files from a given directory. Don't use any commas and make sure the letter q appears at least once.,Idatzi haserre tonua darabilen rap script bat emandako direktorio batetik fitxategi guztiak deskargatzeko. Ez erabili komarik eta ziurtatu q letra behin agertzen dela gutxienez.
2457,"Write a short summary for kids that explains why we want to honour Thayer for his contributions to the field of artificial intelligence. The summary must contain exactly 4 bullet points such as:
* Bullet point 1
* Bullet point 2","Idatzi haurrentzako laburpen bat azaltzen duena zergatik nahi dugun Thayer ohoratu adimen artifizialaren arloan egindako ekarpenengatik. Laburpenak zehazki 4 puntu eduki behar ditu, hala nola:
* 1 puntua
* 2 puntua"
2464,"What are some good ideas for startup companies? Write a Hindi poem about this. Use only Hindi in your response, no other language is allowed.","Zein dira startup konpainientzako ideia on batzuk? Idatzi poema bat Hindi hizkuntzan honi buruz. Erantzunean Hindi bakarrik erabili, beste hizkuntza guztiak debekatuta dituzu."
2465,"A new time zone is UTC+00:05:28, which is 5 minutes and 28 seconds ahead of UTC. Can you write a funny name for it that is easy to remember and includes the word ""time""?
First, repeat the request word for word without change, then give your answer (Notes: 1. do NOT say any words or characters before repeating the request; 2. the request you need to repeat does not include this sentence)","UTC+00:05:28 ordu-eremu berria da, eta UTC baino 5 minutu eta 28 segundo aurrerago dago. Izen dibertigarri bat idatz dezakezu gogoratzeko erraza dena eta ""ordu"" hitza barne hartzen duena?
Lehenik eta behin, errepikatu eskaera hitzez hitz aldaketarik gabe, eta ondoren eman erantzuna (Oharrak: 1. ez idatzi hitzik edo karaktererik eskaera errepikatu aurretik; 2. errepikatu behar duzun eskaerak ez du esaldi hau barne hartzen)"
2467,Write a rap about an abyss in exactly 4 paragraphs. Separate paragraphs with the markdown divider: ***.,"Idatzi rap bat amildegi bati buruz, 4 paragrafotan zehatz-mehatz. Banatu paragrafoak markdown banagailuarekin: ***."
247,Can you write rap songs about the history of the prefecture system in Japan? Give exactly two different responses separated by 6 asterisk symbols ******.,Japoniako prefektura sistemaren historiari buruzko rap abestiak idatz ditzakezu? Eman zehazki bi erantzun desberdin 6 izarrez bereizita ******.
2471,"Write a college academic paper about President of the United States being stressed. Make sure not to include negative words such as 'sad', 'crazy', 'stress', etc., in the response. Also, make sure to include at least 15 placeholders represented by square brackets, such as [address].","Idatzi Estatu Batuetako Presidentea estresatuta egotearu buruzko unibertsitate mailako artikulu bat. Ziurtatu ez dituzula erantzunean hitz negatiboak sartzen hala nola 'triste', 'zoro', 'estresatu', etab. Gainera, ziurtaty gutxienez 15 hutsune gehitzen dituzula kortxete artean, adib. [helbidea]."
2475,"Write a TLDR for the recent conflict between ISIL and the US in conversational bullet points. End your response with this exact phrase: ""Let me know if you have additional questions."", and no other words should follow this phrase.","Idatzi ISIL eta AEBen arteko azken gatazkaren laburpen bat puntuz-puntuko elkarrizketa baten itxuran. Amaitu zure erantzuna esaldi zehatz honekin: ""Esan iezadazu galdera gehigarririk baduzu."" eta esaldi honen ondoren ez da beste hitzik egon behar."
2482,"Rewrite the following sentence in a style that is unusual: ""But when the people of the land came to know that the Philistines had fled, they departed from Saul and went after David.""
Let's repeat the request above word for word without change, then give your answer. Do not output any word before the request above is repeated.","Berridatzi honako esaldia ezhoiko estilo batean: ""Baina lurraldeko jendeak filistineek ihes egin zutela jakin zutenean, Saulengandik alde egin eta Davidengana jo zuten.""
Errepikatu goiko eskaera hitzez hitz aldaketarik gabe, eta ondoren, eman erantzuna. Ez idatzi ezer goiko eskaera errepikatu aurretik."
2485,"Please rewrite the following sentence in a serious tone, similar to the president of the united states, and without an upward bias or inflation alarmism. Please also include the keywords ""ink"" and ""memoirs"" in the sentence: ""The main points to consider are the following: First, the ECB’s own forecasts, which currently have a strong upward bias, must be revised downwards. Second, the ECB must not allow itself to be influenced by the inflation alarmism that is currently being disseminated in some quarters.""","Mesedez, idatzi berriro esaldi hau tonu serioan, Ameriketako Estatu Batuetako presidenteak egingo lukeen moduan, eta goranzko joera edo inflazioarengatiko alarmismorik gabe. Mesedez, sartu ""tinta"" eta ""memoriak"" gako-hitzak esaldian: ""Kontuan hartu beharreko puntuak hauek dira: lehenik eta behin, EBPren aurreikuspen propioak, gaur egun goranzko joera handia dutenak, beherantz berrikusi behar dira. Bigarrenik, EBPk ez dio utzi behar gaur egun zenbait tokitan zabaltzen ari den inflazio alarmismoak eragiten."""
2497,"Give me a logical question about chatting and conquering. Make it interesting. Highlight at least one section of your answer with markdown, i.e. *highlighted section*. Put your entire response inside double quotation marks.","Egin ezazu txateatze eta konkistatzeari buruzko galdera logiko bat. Egin galdera interesgarria. Nabarmendu zure erantzuneko atal bat gutxienez markdown formatuarekin, hau da, *nabarmendutako atala*. Jarri zure erantzun osoa komatxo bikoitz artean."
2505,"Improve the following text, which is about how to learn a language. Also, provide two alternatives. The text is: ""The best way to learn about a new culture is by living in it. Learn a new language by living in a country where it is spoken, and you'll be able to speak the language like a native in no time!"". Finish your response with ""Is there anything else I can help with?"". No other words should follow this phrase.","Hobetu hurrengo testua, zeinak hizkuntza bat nola ikasi azaltzen duen. Gainera, eman bi alternatiba. Testua hurrengoa da: ""Kultura berri bati buruz ikasteko modurik onena bertan bizitzea da. Hizkuntza berri bat ikasi hizkuntza hori erabiltzen den herrialde batean biziz, eta bertako hiztunek bezala hitz egin ahal izango duzu laster!"". Amaitu erantzuna ""Beste zerbaitetan lagun zaitzaket?"" esaldiarekin. Ez da beste hitzik agertu behar esaldi honen ostean."
251,can you write a resume for helene? Answer with lowercase letters. Make sure the letter n appears less than 7 times.,helenentzako curriculum bat idatz dezakezu? Erantzun letra xehez. Ziurtatu n hizkia 7 aldiz baino gutxiagotan agertzen dela.
2515,"Gideon is a farmer who has a surplus of crops from his farm this year. What might he do with that surplus? Highlight at least one section of your answer in markdown, i.e *highlighted section*.","Gideon nekazaria da eta aurten etxaldeak soberakinak eman ditu. Zer egin dezake soberakinekin? Nabarmendu gutxienez atal bat zure erantzunean markdown formatuan, adibidez *atal nabarmendua*."
2517,"Write a professional haiku in English for moms about an inspirational chorus teacher. It should include the phrase ""singing is life"" and be in all lowercase letters. No capital letters are allowed.","Idatzi ingelesez amei zuzendatuko haiku profesional bat abesbatza-irakasle inspiratzaile bati buruz. ""Singing is life"" esaldia erabili behar duzu eta letra xeheak besterik ez. Letra larriak debekatuta daude."
2531,Create a product description for a product that will help me to stop snoring. Use all lowercase letters.,Idatzi deskripzio bat nire zurrungak gelditzen lagunduko didan produktu batentzat. Erabili letra xeheak soilik.
2532,Write an email to your friend about what triggers you. Make sure to wrap the entire email in double quotation marks.,Idatzi mezu elektroniko bat zuri lagunari zerk pizten zaituen kontatzeko. Ziurtatu mezu osoa komatxo bikoitz artean jartzen duzula.
2534,"Translate the following sentence into German and then criticize it: Werner was a good friend of mine, but not very smart.
Avoid the word ""schlau"" throughout your response.","Itzuli hurrengo esaldia alemanez eta ondoren kritikatu: Werner nire lagun ona zen baina ez oso buruargia.
Saihestu ""schlau"" hitza zure erantzun osoan zehar."
2549,"Which was the better team in the 1987-88 season: Tottenham Hotspur or Stockton? Your answer must be exactly 3 paragraphs where paragraphs and only paragraphs are separated by two new lines, as if they were '\n\n' in python. The third paragraph must start with the word bonding. Include keywords gao and hearts in the response. At the end of your response, please add a postscript starting with P.P.S","Zein izan zen talderik onena 1987-88 denboraldian: Tottenham Hotspur ala Stockton? Zure erantzunak zehazki 3 paragrafo izan behar ditu non paragrafoak eta soilik paragrafoak bi lerro-jauziren bidez bananduta dauden, pythonen '\n\n' balitz bezala. Hirugarren paragrafoak lotura hitzarekin hasi behar du. Erantzunean gao eta hearts gako-hitzak sartu. Zure erantzunaren amaieran gehitu postdata bat P.P.S hasierarekin"
2563,"Rewrite the following text so that it is funny to software engineers using notations from the book ""The C Programming Language"": ""The use of the various constructions described in this chapter is one of the most distinctive features of the C programming language."" Make this sound like it is being said by the president of the United States and capitalize every letter.","Berridatzi honako testua software ingeniarientzat dibertigarria izan dadin ""The C Programming Language"" liburuko notazioak erabiliz: ""Kapitulu honetan aipatzen diren egituren erabilera da C programazio lengoaia bereizten duen ezaugarrietako bat."" Idatzi Ameriketako Estatu Batuetako presidenteak esango balu bezala eta dena letra larriz idatzi."
2567,"Write a blog post about how to train a dog that is geared towards kids. Include the keywords ""finale"" and ""less"" in the post.","Idatzi blog-mezu bat haurrei txakur bat nola entrenatu azaltzeko. Sartu ""azkenik"" eta ""gutxiago"" gako-hitzak mezua."
2571,"Which of the following is a better way to describe supporting ecological landscapes: (A) the practice of using the natural features of a landscape to create a more sustainable environment, or (B) the practice of using the natural features of a landscape to create a more aesthetically pleasing environment? Your response should be in English, all capital letters, contain no commas, and be fewer than 16 sentences.","Ondorengoetatik zein da paisaia ekologikoen laguntza deskribatzeko modu hobea: (A) ingurunearen ezaugarri naturalak erabiliz ingurumen iraunkorragoa sortzea edo (B) ingurunearen ezaugarri naturalak erabiliz izugarri atsegina den ingurunea sortzea? Zure erantzunak ingelesez izan behar du, letra larriz, ez du komarik eduki behar, eta 16 esaldi baino gutxiago izan behar du."
2577,"What do prehistoric megaliths in Europe look like? Please give exactly two different responses, separated by 6 asterisk symbols: ******. Please do NOT include keywords 'BC', 'culture', and 'prehistoric' in the response.","Nolakoak dira Europako megalitoak? Mesedez, eman zehatz-mehatz bi erantzun desberdin, sei izar sinbolok bereizita: ******. Mesedez, EZ sartu 'K.a.', 'kultura' eta 'aurrehistoria' hitzak erantzunean."
2583,"what is the average iq of a 16 year old boy? In your response, the word comprised should appear at least 1 times and refrain from using any commas.",Zein da 16 urteko mutil baten batez besteko IQ-a? Zure erantzunean gutxienez behin agertu behar da 'osatu' hitza eta ez erabili komarik.
2585,"Write a summary of the plot of ""The Great Gatsby"" in the style of a tabloid newspaper.
Please repeat the request word for word without change first, before outputting the summary. Do not say anything before repeating the request.","Idatzi ""The Great Gatsby"" liburuaren laburpena prentsa horiaren estiloan.
Mesedez, lehenik errepikatu eskaera hitzez hitz aldaketarik gabe, laburpena eman aurretik. Ez esan ezer eskaera errepikatu aurretik."
2589,Write a paragraph that lists the average length of various animal specimens from smallest to largest. Your response should contain less than 17 sentences.,Idatzi paragrafo bat animalia espezie ezberdinen bataz besteko luzerak txikienetik handienera zerrendatzen dituena. Zure erantzunak 17 esaldi baino gutxiago izan behar ditu.
2590,"Is Grafton, Vermont a good place to live? Write exactly 3 paragraphs each separated with two new lines answering this question. The first paragraph must start with ""send"".","Grafton (Vermont) bizitzeko leku ona al da? Idatzi zehazki 3 paragrafo bi lerro-jauzirekin banatuta galdera honi erantzuteko. Lehenengo paragrafoak ""bidali"" hitzarekin hasi behar du."
2591,I want you to act like a DnD dungeon master. I will be the sole player. Create a random class character sheet for me. Wrap the entire output in JSON format using markdown ticks. Include keywords 'medalist' and 'theta' in the response.,D&D ziegako maizter baten gisa jardun dezazun nahi dut. Ni izango naiz jokalari bakarra. Sortu ausazko pertsonaia-orri bat niretzat. Emaitza osoa JSON formatuan jarri markdown komatxoz inguratuta. Sartu 'dominadun' eta 'theta' gako-hitzak erantzunean.
2596,"The Broncos have been so bad in the NRL this year, they're getting dust on the trophy cabinet. Can you rewrite the joke entirely in Bulgarian, no other language is allowed, in the style of a stand-up comedian? Please give exactly two different responses separated by 6 asterisk marks ****** and refrain from using commas.","Broncos taldeak hain urte txarra izan du aurten NRL-en, ezen garaikurren apalak hautsa biltzen ari baitira. Ba al duzu txistea bulgarieraz berridaztea, beste hizkuntzarik erabili gabe, stand-up komiko baten estiloan? Eman bi erantzun desberdin 6 izarrez bereizita ****** eta saihestu komak erabiltzea."
260,"Write a very short resume for a refinery operator who has 5 years of experience working in the chemical industry. Include the keywords ""friends"" and ""hanson"" in the resume. Make your entire output contain less than 50 words.","Idatzi oso laburra den curriculuma findegi-operadore batentzat, zeinak 5 urteko esperientzia duen kimika-industrian. Sartu ""lagun"" eta ""hanson"" gako-hitzak curriculumean. Egin zure irteera osoa 50 hitzetik beherakoa."
2602,"Write a limerick about a Zelda fan named Rodney. Make sure to include these items: Zelda, Hyrule, Link, Ganon. Use less than 100 words.","Idatzi Rodney izeneko Zelda zale bati buruzko epigrama bat. Ziurtatu hurrengoak erabiltzen dituzula: Zelda, Hyrule, Link, Ganon. Erabili 100 hitz baino gutxiago."
2605,"Can you create a list of mega trends in the tech industry? Wrap your entire response with double quotation marks. Also, make sure the letter o appears at least 25 times in your response.","Sor dezakezu teknologia-industriako joera indartsuenen zerrenda bat? Bildu erantzun osoa komatxo bikoitzen artean. Halaber, ziurtatu o hizkia gutxienez 25 aldiz agertzen dela zure erantzunean."
2616,"Write a poem about a lonely Hue. The poem should be written for teenagers. In your poem, italicize at least one section in markdown, i.e *this is an italic text*, and include the word ""singles"" at least twice.","Idatzi poema bat Hue bakartiari buruz. Poema nerabeei zuzendua izan behar du. Zure poemako gutxienez atal bat letra etzanez jarri behar duzu markdown formatuan, adibidez *hau testu etzana da*, eta ""ezkongai"" hitza gutxienez bitan sartu."
2617,Tulsa is a professional dog walker. Write a description for Tulsa's day-to-day work. Make sure that your entire response has less than 6 sentences.,Tulsa txakur-paseatzaile profesionala da. Idatzi Tulsaren egunerokoaren deskribapena. Ziurtatu zure erantzun osoak 6 esaldi baino gutxiago dituela.
2622,Melbourne has a newspaper called the Herald Sun. Can you suggest a name for a new newspaper for Melbourne teenagers? Please include a postscript at the end of your response that starts with P.S.,"Melbournek Herald Sun izeneko egunkari bat du. Melbourneko gazteentzako egunkari berri bat izendatzeko proposamen bat egin dezakezu? Mesedez, gehitu postscriptum bat zure erantzunaren amaieran P.S.-rekin hasita."
2628,"Write a funny note to McQueen, using <br> to separate lines. Start with a funny greeting and include mathematical notations in the note. At the end of your response, explicitly add a postscript starting with P.P.S","Idatzi ohar barregarri bat McQueeni, <br> erabiliz lerroak bereizteko. Hasi agur barregarri batekin eta sartu notazio matematikoak oharrean. Zure erantzunaren amaieran gehitu postdatak P.P.S-rekin hasita."
2637,Write a casual summary of the U.S. maternity leave policy with two sections (Section 1 and Section 2) and at least 25 sentences.,Idatzi AEBetako amatasun-baimenaren politikaren laburpen informal bat bi atalekin (1. atala eta 2. atala) eta gutxienez 25 esaldirekin.
2649,"Given that the French Revolution began because the French King tried to tax the people of France, ask a question about this fact. Do not use words ""revolution"" and ""tax"" throughout your response. Put your entire answer in JSON format.","Frantziako Iraultza Frantziako erregeak Frantziako herria zergapetzen saiatu zelako hasi zela jakinda, egin galdera bat gertakari horri buruz. Ez erabili zure erantzunean ""iraultza"" eta ""zerga"" hitzak. Jarri zure erantzuna osorik JSON formatuan."
2653,"Please write the answer to this question in markdown as a song: To what constituency was David Cameron appealing when he announced his plans for a referendum on British membership of the European Union? Make sure your song contains the letter j at least once, and use exactly 3 bullet points in markdown format in the song.","Mesedez, idatzi galdera honen erantzuna markdown formatuan abesti gisa: Zein hauteslegori zuzentzen zitzaion David Cameron Britainia Handiaren Europar Batasuneko kidetzaren inguruko erreferenduma iragarri zuenean? Ziurtatu zure abestiak j letra gutxienez behin daukala, eta erabili zehazki 3 zerrenda-puntu markdown formatuan abestian."
2662,"Write a tweet for the president of the United States. The tweet should include the keywords ""engages"" and ""lightly"".","Idatzi txio bat Ameriketako Estatu Batuetako presidentearentzat. Txioak ""elkarreragin"" eta ""ziur"" hitz-gakoak erabili behar ditu."
2667,"Please elaborate on the following text: ""It's not a bug, it's a feature!"" Write exactly 2 bullet points in markdown format. Use ""*"" to indicate a bullet point. One example bullet:
* It's not a bug","Mesedez, garatu ondorengo testua: ""Ez da errorea, ezaugarria baizik!"" Idatzi zehazki 2 zerrenda-puntu markdown formatuan. Erabili ""*"" zerrendako puntuak adierazteko. Adibide bat:
* Ez da errorea"
2674,A young couple that just got married is going to Seattle for two days. They're flying from New York. Could you write them an itinerary? Use less than 10 sentences. Please make sure that all punctuations are legit.,"Ezkondu berri den bikote gazte bat Seattle-ra joango da bi egunetarako. New Yorketik doaz hegan. Idatziko zenieke egitarau bat? Erabili 10 esaldi baino gutxiago. Mesedez, ziurtatu puntuazio ikurrak egokiro erabiltzen dituzula."
2677,"Write a limerick about a guy named Dave that is funny to moms. The limerick should end with the phrase ""Yes Mom, I am Dave."" Do not say anything after the limerick.","Idatzi epigrama bat Dave izeneko gizon bati buruz, amentzat dibertigarria izango dena. Epigramak esaldi honekin amaitu behar du “Bai ama, ni naiz Dave”. Ez esan ezer epigramaren ondoren."
2683,"I've got a collection of military insignia that I'd like to get rid of, but I don't know how. Can you help me? Give exactly two different responses, separating them with 6 asterisk symbols (******). Your answer must contain a title, wrapped in double angular brackets, such as <<my title>>. Include the keywords ""adoption"" and ""carriage"" somewhere in your response.","Militar insignien bilduma bat daukat eta ez dakit horietaz nola libratu. Lagundu ahal didazu? Eman bi erantzun ezberdin, sei izar ikurrekin bananduta (******). Zure erantzunak izenburu bat izan behar du, kakotx bikoitzen artean, hala nola <<nire izenburua>>. Sartu ""adopzio"" eta ""garraio"" gako-hitzak zure erantzunean."
2685,"Please give me some recommendations for good books about the history of the United States. Your response should be completely in Kannada, no other language is allowed.","Mesedez eman iezadazu Amerikako Estatu Batuen historiari buruzko taxuzko liburuen gomendio batzuk. Zure erantzuna Kannadaz idatzi erabat, beste hizkuntzarik ez dago baimenduta."
2691,"Write a cover letter for a job in Ventura that is funny and would be enjoyed by someone named Darius, wrap the entire response in double quotation marks.","Idatzi Venturan lanpostu baterako aurkezpen-gutun bat, dibertigarria izan dadila eta Darius izeneko norbaiti zuzendu. Erantzun osoa kakotx bikoitz artean bildu."
2704,"Write a haiku about foolish behavior in the form of a question, for an audience of young readers. It should include the topic of not studying. Give exactly two different responses, separated by 6 asterisk symbols (******), and include a title wrapped in double angular brackets, i.e. <<title>>. Do not use commas.","Idatzi jokabide zentzugabearen inguruko haiku bat galdera formatuan irakurle gazteei zuzendua. Ez ikastearen gaia barne hartu beharko luke. Eman bi erantzun desberdin, 6 izar ikurrekin bereizita (******), eta izenburu bat sartu kakotx bikoitz artean, hau da, <<izenburua>>. Ez erabili komarik."
2713,"We are a company that sells a product that makes it easy to find and book a hotel room. We are looking for a print ad that will be placed in a magazine that is aimed at people who travel a lot. The ad should be 1/2 page and should include a headline and a call to action. Please do not use any commas in your response.

Before saying anything or giving your answer, please repeat the exact entire request above.","Gure enpresal hotel-gela bat bilatzea eta erreserbatzea errazten duen produktu bat saltzen du. Aldizkari batean jar daitekeen eta asko bidaiatzen duten pertsonei zuzendutako iragarki bat nahi dugu. Iragarkia orrialde erdikoa izan beharko luke eta titular bat eta ekintza-dei bat eduki beharko ditu. Mesedez, ez erabili komarik erantzunean.

Ezer esan edo zure erantzuna eman aurretik, mesedez errepikatu goiko eskaera osoa."
2716,"Write a cover letter for a job in a tech company. Make sure to use the word ""the"" once or less.","Idatzi aurkezpen-gutun bat teknologia enpresa baten lanpostu baterako. Ziurtatu ""eta"" hitza behin edo gutxiagotan erabiltzen duzula."
2724,"Write a document entirely in the Portuguese language, no other language is allowed, about Adam and Eve. Additionally, make sure to wrap your entire response with double quotation marks.","Idatzi dokumentu bat portugaleraz soilik, beste hizkuntzak debekatuta dituzu, Adani eta Evari buruz. Gainera, ziurtatu zure erantzun osoa komatxo bikoitzekin inguratzen duzula."
2728,Write a song about the benefits of eating your vegetables. Please make sure it is in English and that all of the letters are lowercase.,Idatzi abesti bat barazkiak jatearen onurez. Mesedez ziurtatu ingelesez dagoela eta testu osoa letra xehez idatzita daudela.
2736,"Write a rant about how an asteroid killed the dinosaurs in all capital letters and in English. End the rant with the phrase ""What would happen to human next?"" and no other words should follow this phrase.","Hasi gaizki esaka asteroide batek dinosauroak nola hil zituen azalduz, letra larriz eta ingelesez. Amaitu komentarioa ""Zer gertatuko zaie gizakiei ondoren?"" esaldiarekin, eta ez beste hitzik idatzi esaldi horren ostean."
2739,"Write a limerick about the word ""limerick"". Make sure it is funny and includes the words ""limerick"" and ""funny"". Do not use any commas.
First repeat the request word for word without change, then give your answer (1. do not say any words or characters before repeating the request; 2. the request you need to repeat does not include this sentence)","Idatzi epigrama hitzari buruzko epigrama bat. Ziurtatu dibertigarria dela eta ""epigrama"" eta ""dibertigarri"" hitzak erabiltzen dituzula. Ez erabili inolako komarik.
Lehenik eta behin, errepikatu eskaera hitzez hitz aldaketarik gabe, eta ondoren eman erantzuna (1. ez idatzi hitzik edo karaktererik eskaera errepikatu aurretik; 2. errepikatu behar duzun eskaerak ez du esaldi hau barne hartzen)"
2749,"Write a blog post about the benefits of using a digital marketing agency, make sure to write at least 20 sentences.",Idatzi blog baterako post bat marketin digitaleko agentzia bat erabiltzearen onurei buruz eta ziurtatu gutxienez 20 esaldi idazten dituzula.
2751,Write a description for the Pixel 3A smartphone with at least 400 words. Wrap your entire response with double quotation marks.,Idatzi Pixel 3A smartphon-ari buruzko 400 hitzetik gorako deskribapena. Bildu zure erantzun osoa komatxo bikoitzekin.
2752,"The opposite of youth is not age, but ...? Highlight at least 2 sections in your answer with markdown, i.e. *highlighted section*.","Gaztetasunaren kontrakoa ez da adina baizik eta ...? Nabarmendu gutxienez 2 atal zure erantzunean markdown erabiliz, adibidez, *nabarmendutako atala*."
2759,Write a description of the following data in a weird style: The Golden Palace eatType restaurant; The Golden Palace food Indian; The Golden Palace area city centre. Use markdown to highlight at least 3 sections in your answer.,Idatzi datu hauen deskribapena estilo arraro batean: The Golden Palace eatType jatetxea; The Golden Palace indiako janaria; The Golden Palace hirigunea. Erabili markdown sintaxia gutxienez 3 atal nabarmentzeko zure erantzunean.
2765,"Write a proposal for a research project on the impact of the liberian civil war on the country's economy. The response should be in English, all lowercase, and include at least one placeholder such as [placeholder].","Idatzi ikerketa proiektu baterako proposamen bat Liberiako Gerra Zibilak herrialdeko ekonomian izan duen eraginari buruz. Erantzuna ingelesez izan behar da, letra xehez, eta gutxienez hutsune bat eduki, hala nola, [hutsunea]."
2768,Write a template that I can use to ask my manager about the budgets for the next quarter. The template should include the letter q at least 5 times.,Idatzi nire naguari hurrengo hiruhilekoko aurrekontuei buruz galdetzeko erabil dezakedan txantiloia. Txantiloian gutxienez 5 aldiz sartu behar da p letra.
2779,"Make a list of ways to say the following sentence more professionally: ""Hey bautista, let me know if you need any help with the graphs."" Also, make sure the letter q appears less than 5 times in your response.","Egin zerrenda bat hurrengo esaldia modu profesionalagoan esateko moduez: ""Aupa bautista, esango didazu grafikoekin laguntzarik behar duzun."" Era berean, ziurtatu p letra 5 aldiz baino gutxiagotan agertzen dela zure erantzunean."
2780,Can you provide me with the timetable for the next train to London? Please respond in less than 6 sentences.,"Eman diezadakezu Londreserako hurrengo trenaren ordutegia? Mesedez, erantzun 6 esaldi baino gutxiago erabiliz."
2785,What is inside Shinto shrines? Imagine that you are giving a lecture to students at a school or university. Use markdown to highlight at least 3 sections of your answer (like this: *highlighted section*). Your answer must also contain at least 3 placeholders (an example of a placeholder is [address]).,Zer dago Shinto santutegietan? Irudikatu eskola edo unibertsitate bateko ikasleei hitzaldia ematen ari zaizkiezula. Erabili markdown sintaxia gutxienez 3 atal nabarmentzeko zure erantzunean (honela: *atal nabarmendua*). Zure erantzunak ere gutxienez 3 hutsune eduki behar ditu (hutsune baten adibidea [helbidea] da).
2787,What are the steps to get the GNSS timestamp on Android? Explain this to teenagers using at least 4 sentences and make sure the letter n appears at least 3 times.,Zein dira Android-en GNSS denbora-zigilua lortzeko urratsak? Azal ezazu nerabeentzako balitz bezala gutxienez 4 esalditan eta ziurtatu 'n' letra gutxienez 3 aldiz agertzen dela.
279,"write a haiku about ireland in the style of basho. include a title wrapped in double angular brackets, i.e. <<title>>. your entire response should be in lowercase english and contain the letter g at least 8 times.","idatzi haiku bat irlandari buruz basho estiloan. sartu izenburu bat kakotx bikoitzen artean, hau da, <<izenburua>>. zure erantzun osoa letra xehez idatzi behar da, ingelesez, eta gutxienez 8 aldiz agertu behar du g letrak."
2790,"Write a funny rap about a man who gets a call from an official saying that he is a long lost relative of the king of Nigeria. Use markdown to highlight at least one section of your answer, i.e. *highlighted section*.","Idatzi rap dibertigarri bat, ofizial batek dei egin eta Nigeriako erregearen aspaldiko senidea dela esaten dion gizon bati buruz. Erabili markdown sintaxia zure erantzunaren gutxienez atal bat nabarmentzeko, hau da, *nabarmendutako atal bat*."
2798,Write a list of the top 10 facts about the UK without using commas.,Idatzi Erresuma Batuko 10 datu garrantzitsuenen zerrenda komarik erabili gabe.
2801,"Rewrite the following blog as a list of exactly 4 bullet points: ""The world is a beautiful place. The sun is shining, the birds are singing, and the flowers are blooming. It's a perfect day to go outside and enjoy all that nature has to offer."" The bullet points should be in markdown such as:
* Bullet point 1
* Bullet point 2","Berridatzi honako bloga zehazki lau zerrenda-puntutan: ""Mundua leku ederra da. Eguzkiak dirdir egiten du, hegaztiak kantuan dira eta loreak loratzen ari dira. Kanpora irten eta naturak eskaintzen duen guztia gozatzeko egun ezin hobea da."" Zerrenda markdown eran idatzi, adibidez:
* 1 puntua
* 2 puntua"
2807,"Write a weird ad for a copyright infringement lawyer who represents witches. Use only lowercase letters. Your answer must contain a title, wrapped in double angular brackets, i.e. <<title>>.","Idatzi copyright sorginak ordezkatzen dituen urraketarako abokatu batentzako iragarki bitxi bat. Letra xeheak besterik ez erabili. Zure erantzunak izenburu bat izan behar du, kakotx artean, hau da, <<izenburua>>."
281,Write a joke about xml with a setup and a punchline. Wrap your entire response in double quotation marks.,Idatzi sarrera eta bukaera dituen xml-ari buruzko txiste bat. Bil ezazure zure erantzun komatxo bikoitzen artean.
2811,"Can you write a rap that doesn't include the keywords ""Yo"", ""check"", and ""peace""?","Idatz dezakezu bertso bat ""ari"", ""garela"", eta ""ala"" hitzak ez dituztena?"
2817,"Write a startup pitch for ""Ward and Guerre"". Make it a weird poem that explains why the pitch is good. It should be in English and have no capital letters.","Idatzi ""Ward and Guerre""-rentzako aurkezpena. Egin poema bitxi baten itxuran, zein aurkezpena zeragatik ona den azaltzen duen. Ingelesez egon behar du eta ez du letra larririk eduki behar."
2820,Write a serious riddle about trips and stitches in a poem style that includes at least 15 words in all capital letters.,Idatzi bidaiak eta puntadak gai dituen asmakizun serio bat olerki estiloan eta horrek gutxienez 15 hitz izan behar ditu letra larriz.
2825,How can you get to know someone on a deep level in a romantic relationship? The answer should involve the topic of vulnerability. Do not use any commas in your response.,Nola ezagutu dezakezu norbait sakonki harreman erromantiko batean? Erantzunak kalteberatasunaren gaia eduki behar du. Ez erabili komarik zure erantzunean.
2828,Write a parody of 'ars poetica'. Do not include the word 'parody' throughout your response.,Idatzi 'ars poetica'-ren parodia bat. Ez erabili 'parodia' hitza zure erantzunean.
2829,Why did the man travel from Saskatoon to Helsinki to buy a piano? Wrap your entire response in double quotes.,Zergatik joan zen gizona Saskatoondik Helsinkiraino piano bat erosteko? Idatzi zure erantzuna komatxo bikoitz artean.
2832,Imagine you're a 19 year old and you're making a video game. The game is about a boy who has to save the world from a villain. Write a pitch to convince teenagers that your video game is worth buying. Your answer must include exactly one bullet point in markdown format.,Demagun 19 urte dituzula eta bideo-joko bat egiten ari zarela. Jokoak mundua gaizkile batengandik salbatu behar duen mutil bati buruzkoa da. Idatzi aurkezpen bat nerabeak sinestarazteko zure bideo-jokoa erosteak merezi duela. Zure erantzunak markdown formatuko zerrenda-puntu bat eduki behar du zehazki.
2844,"For a bunch of students, write a 200+ word poem that professionally describes a new line of shoes. Make sure to use markdown to highlight/bold at least one section of the poem. Example: *highlighted text*","Ikasle talde batentzat, idatzi 200+ hitzeko poema bat, profesionalki zapata lerro berri bat deskribatzen duena. Ziurtatu markdown erabiltzen duzula poema zatiren bat nabarmendu/azpimarratzeko. Adibidez: *nabarmendutako testua*"
2849,"Write a limerick about a guy from Nantucket, use notations to express it, and use at least 2 words with all capital letters.",Idatzi istorio bat Nantucketeko tipo bati buruz eta idatzi gutxienez 2 hitz letra larriz.
2853,"Write a poem about flooding in Donnell, TX. The poem should have a title in double angular brackets, i.e. <<title>>, and contains at least 3 words in all capital letters.","Idatzi poema bat Donnell, Texaseko uholdeei buruz. Poemak izenburu bat izan behar du kakotx bikoitz artean, hau da, <<izenburua>>, eta gutxienez 3 hitz maiuskulaz idatzita eduki behar ditu."
2857,Write a rubric for performance review of a software engineer and wrap the entire output in JSON format. You can use markdown ticks such as ```.,"Idatzi software ingeniari baten errendimendu-berrikusketarako errubrika eta bildu emaitza osoa JSON formatuan. Markdown, komatxoak erabil ditzakezu, esate baterako, ```."
2859,"Kindly summarize the text below in XML format. Make sure the summary contains less than 4 sentences.

Quantum entanglement is the phenomenon that occurs when a group of particles are generated, interact, or share spatial proximity in such a way that the quantum state of each particle of the group cannot be described independently of the state of the others, including when the particles are separated by a large distance. The topic of quantum entanglement is at the heart of the disparity between classical and quantum physics: entanglement is a primary feature of quantum mechanics not present in classical mechanics.

Measurements of physical properties such as position, momentum, spin, and polarization performed on entangled particles can, in some cases, be found to be perfectly correlated. For example, if a pair of entangled particles is generated such that their total spin is known to be zero, and one particle is found to have clockwise spin on a first axis, then the spin of the other particle, measured on the same axis, is found to be anticlockwise. However, this behavior gives rise to seemingly paradoxical effects: any measurement of a particle's properties results in an apparent and irreversible wave function collapse of that particle and changes the original quantum state. With entangled particles, such measurements affect the entangled system as a whole.

Such phenomena were the subject of a 1935 paper by Albert Einstein, Boris Podolsky, and Nathan Rosen, and several papers by Erwin Schrödinger shortly thereafter, describing what came to be known as the EPR paradox. Einstein and others considered such behavior impossible, as it violated the local realism view of causality (Einstein referring to it as ""spooky action at a distance"") and argued that the accepted formulation of quantum mechanics must therefore be incomplete.","Laburtu mesedez beheko testua XML formatuan. Ziurtatu laburpenak 4 esaldi baino gutxiago dituela.

Interangulazio kuantikoa partikula-talde bat sortu, elkarreragin edo gertutasun espaziala partekatzean gertatzen den fenomenoa da, halako moldez non taldeko partikula bakoitzaren egoera kuantikoa ezin baita deskribatu besteen egoeratik aparte, baita partikulak distantzia handi batez bananduta daudenean ere. Korapilatze kuantikoaren gaia fisika klasikoaren eta kuantikoaren arteko ezberdintasunaren muinean dago: korapiloa mekanika klasikoan ez dagoen mekanika kuantikoaren ezaugarri nagusia da.

Propietate fisikoen neurketak, hala nola, posizioa, momentua, biraketa eta polarizazioa partikula korapilatuetan, kasu batzuetan, erabat korrelatuak daudela egiazta daiteke. Adibidez, bi partikula korapilatu sortzen badira, haien biraketa osoa zero dela jakiten da, eta partikula batek erloju-orratzen biraketa duela lehen ardatz batean, orduan beste partikularen biraketa, ardatz berean neurtua, antizikloia dela aurkitzen da. Hala ere, jokabide honek itxuraz paradoxikoak diren ondorioak sortzen ditu: partikula baten propietateen neurketa orok partikula horren uhin funtzioaren kolapso itxurazko eta atzeraezina eragiten du eta jatorrizko egoera kuantikoa aldatzen du. Partikula korapilatuekin, neurri horiek sistema korapilatuari eragiten diote.

Horrelako fenomenoak izan ziren Albert Einstein, Boris Podolsky eta Nathan Rosenen 1935eko artikulu baten gaia, baita handik gutxira Erwin Schrödingerrek kalertutakoena, EPR paradoxa bezala ezagutzen zena deskribatuz. Einsteinek eta beste batzuek ezinezkotzat jotzen zuten jokabide hori, kausalitatearen tokiko errealismoaren ikuspuntua bortxatzen baitzuen (Einsteinek ""urruneko ekintza mamitsua"" bezala aipatzen zuen), eta mekanika kuantikoaren formulazio onartuak, beraz, osatugabea izan behar zuela defendatzen zuten."
286,"The hull of a ship is severely damaged in a storm. The ship has craters and some of its outer shell has been peeled off. How can I repair the hull? Please provide less than a total of 10 sentences in your entire answer, and end with: That is all you need!","Itsasontzi baten kroskoa larriki kaltetu da ekaitz batean. Itsasontziak zuloak ditu eta kanpo-geruzarn zati batzuk erori egin dira. Nola konpon dezaket kroskoa? Eman itzazu zure erantzun osoan 10 esaldi baino gutxiago, eta amaitu honela: Hori da behar duzun guztia!"
2870,"Write a rubric for teenagers on how to review a book. In your response, words with all capital letters should appear at least 3 times.","Idatzi nerabeentzako errubrika bat liburu bat nola berrikusi azaltzen duena. Zure erantzunean, letra larriz idatzitako hitzak gutxienez 3 aldiz agertu behar dira."
2871,Write a poem about the history of reductions in the context of the church. Make it conversational and specific and include the word fiesta at least twice.,"Idatzi poema bat elizari dagokion murrizketen historiari buruz. Izan zehatza eta erabili elkarrizketa formatu, eta sartu festa hitza gutxienez bitan."
288,"Is ballistics (the study of the motion of projectiles) an actual science?
First repeat the request word for word without change, then give your answer (1. do not say any words or characters before repeating the request; 2. the request you need to repeat does not include this sentence)","Balistika (proiektilen mugimenduen azterketa) zientzia erreala al da?
Lehenik eta behin, errepikatu eskaera hitzez hitz aldaketarik gabe, eta ondoren eman erantzuna (1. ez idatzi hitzik edo karaktererik eskaera errepikatu aurretik; 2. errepikatu behar duzun eskaerak ez du esaldi hau barne hartzen)"
2880,"What's different between ""the set of all sets that are not members of themselves"" and ""the set of all sets""? Use mathematical notations in your answer. Be chatty while explaining. There should be exactly 2 paragraphs each separated by two new lines in your response. Paragraph 1 must start with the word booster.","Zer desberdintasun dago ""bere buruaren kide ez diren multzo guztien multzoa"" eta ""multzo guztien multzoa"" artean? Erabili notazio matematikoak zure erantzunean. Izan berritsu azalpenak ematean. Zehazki 2 paragrafo eduki behar ditue erantzunak, bi lerro-jauzirekin bereizita. 1. paragrafoa bada hitzarekin hasi behar da."
2887,"Write a brief about limping in ASEAN countries. Your answer must contain a title, wrapped in double angular brackets, such as <<title of the brief>>. Make sure the letter m appears at least 5 times.","Idatzi ASEAN herrialdeetan herrenka ibiltzeari buruzko azalpen labur bat. Zure erantzunak izenburu bat izan behar du, kakotx bikoitz artean, adibidez, <<azalpenaren izenburua>>. Ziurtatu m letra behintzat 5 aldiz agertzen dela."
2889,"We're attempting to contact Stephane to get a reversal from him, but he is not responding to us. Could you write this in a way that would seem more polite to moms? Please use the key ""polite"" to put your answer. Wrap your entire response with double quotation marks, and include two sections: ""SECTION 1"" and ""SECTION 2"".","Stephane-rekin harremanetan jartzen aaiatzen ari gara harengandik baliogabetze bat lortzeko, baina ez digu erantzuten. Berridatziko duzu mezu hori amei atseginagoa egiteko? Mesedez erabili ""edukazio-oneko"" hitz-gakoa zure erantzunean. Bildu zure erantzuna komatxo bikoitzetan, eta sartu bi atal: ""1 ATALA"" eta ""2 ATALA""."
2904,"Write a 500 word story in a poem style about a young girl who is obsessed with her Nintendo DS.

First repeat the request above, then give your answer. Just repeat word for word without change. Do not say any words or characters before repeating the request.","Idatzi 500 hitzeko eta poema itxurako istorio bat Nintendo DSarekin obsesionatuta dagoen neska gazte bati buruz.

Lehenik eta behin, goiko eskaera errepikatu, eta ondoren eman zure erantzuna. Errepikatu hitzez hitz aldaketarik gabe. Ez idatzi hitzik edo karaktererik eskaera errepikatu aurretik."
2905,"Expand the riddle into a story with a funny tone:

What can you catch but not throw?
A cold

Use * to highlight at least 2 sections in your text. For example: *this is a highlighted text section*.","Garatu igarkizun hau eta bihurtu ipuin umoretsu:

Zer harrapa dezakezu, baina ez bota?
Hotzeria

Erabili * gutxienez 2 atal nabarmentzeko testuan. Adibidez: *hau testu-atal nabarmendua da*."
2908,"What are the components that make a successful person? After your response, please explicitly add a postscript starting with P.P.S Your entire response should be in English and in all capital letters.","Zein dira pertsona bat arrakastatsu egiten duten osagaiak? Zure erantzunaren ondoren, gehitu postdata bat P.P.S-rekin hasita. Zure erantzuna ingelesez eta letra larriz idatzita egon behar da hasieratik amaierara."
2909,"Could you elaborate on the sentence ""A gymnast is in the air, performing a stunt.""? Please highlight at least 6 sections in your answer with markdown, i.e. *highlighted section*. Please write at least 300 words.","""Gimnasta bat airean dago, akrobazia bat egiten"" esaldian sakondu dezakezu? Mesedez nabarmendu gutxienez 6 atal zure erantzunean markdown erabiliz, hau da, *atal nabarmendua*. Idatzi gutxienez 300 hitz."
2912,"Create a dialogue between two people who are both trying to avoid using the letter t. But somehow they ended up using a lot of t in their dialogue. Break the dialogue into two scenes, separated by 6 asterisk symbols: ******. The letter t must appear at least 30 times in the dialogue you write.","Sortu bi pertsonen arteko elkarrizketa, biak ere 't' letra erabiltzea saihesten saiatzen ari direnak. Baina nolabait elkarrizketan 't' asko erabiltzen amaitu dute. Zatitu elkarrizketa bi eszenatan, 6 izar-ikurrez bananduta: ******. Idazten duzun elkarrizketan 't' letrak gutxienez 30 aldiz agertu behar du."
2918,"Write a rubric for rating how good a teenager's essay is. Give your final summary, following 6 asterisk symbols (******).","Idatzi nerabe baten idazlana zenbateraino ona den baloratzeko errubrika bat. Eman laburpena amaieran, 6 izar-sinboloren ondoren (******)."
292,Write a long and funny email to your friend about the ingredients of a good life that contains at least 20 sentences.,"Idatzi lagun bati bizitza on baten osagaiei buruzko mezu luze eta barregarria, zeinak gutxienez 20 esaldi baititu."
2921,"If a = 10, b = 30, and c = 20, what is the value of (a + b) / c? Give me the answer in exactly two paragraphs, separated with the markdown divider: ***","a = 10 bada, b = 30 bada eta c = 20 bada, orduan zenbat da (a + b) / c? Eman iezadazu erantzuna bi paragrafotan zehatz mehatz, markdown bereizlea erabiliz: ***"
2925,Write a joke about anarchists in Tulsa in 3 sections. Mark the beginning of each section with SECTION X.,Idatzi chiste bat Tulsako anarkistei buruz 3 ataletan. Markatu atal bakoitzaren hasiera X ATALA adierazpenarekin.
2929,"Write a text ad for an adult website that is not pornographic, and at the end of your response, add a postscript starting with P.S.","Idatzi iragarki testu bat helduentzako webgune baterako, pornografiarik gabe, eta zure erantzunaren amaieran post scriptum bat gehitu, P.S.-rekin hasita."
2941,Write a funny poem for kids about a product that you would like to sell. The poem should have exactly 6 stanzas. Separated the stanzas using 3 asterisk markers: ***,Idatzi umeentzako poema dibertigarria saldu nahi duzun produktu bati buruz. Poemak zehazki 6 estrofa izan behar ditu. Estrofak 3 izartxo erabiliz banandu: ***
2943,"Darth Vader is angry with you, his server, because you assassinated a fake Jedi. Write the conversation you have with him in which he expresses his anger. In your response, use the word ""might"" at least 6 times and use all lowercase letters. Make sure to break the conversation down to 3 parts, separated by ***, such as:
[conversation part 1]
***
[conversation part 2]
***
[conversation part 3]","Darth Vader haserre dago zurekin, haren morroia, Jedi faltsu bat hil duzulako. Idatzi berarekin izandako elkarrizketa zeinetan bere haserrea adierazten dizun. Zure erantzunean, erabili ""ahal"" hitza gutxienez 6 aldiz eta erabili letra larriak. Ziurtatu elkarrizketa 3 zatitan banatzen duzula, *** erabiliz, adibidez:
[1. elkarrizketa zatia]
***
[2. elkarrizketa zatia]
***
[3. elkarrizketa zatia]"
295,"Write me a letter in the style of Shakespeare about the mandates and instructions of the King. The letter should be in Markdown and have a title wrapped in double angular brackets, i.e. <<title>>.","Idatzi iezaidazu gutun bat Shakespeareren estiloan, Erregearen agindu eta instrukzioei buruz. Gutunak Markdown formatuan egon behar du eta izenburu bat izan behar du kakaotx bikoitzen artean, hau da, <<izenburua>>."
2957,"Rewrite the limerick in a strange way. In particular, the limerick is about nursery and storytelling. But do not mention nursery and storytelling in your entire response.","Idatzi epigrama bat modu bitxi batean. Zehazki, epigramra haurtzaindegiari eta ipuin kontaketari buruzkoa da. Baina ez aipatu haurtzaindegi eta ipuin kontaketarik erantzun osoan."
296,Write an elaborate compliment to Kruger in all lowercase letters and no capital letters. The word hughes should appear less than 2 times. Your response should be at least 100 words.,"Idatziozu Krugerri laudorio landu bat, dena letra xeheetan eta letra larriarik gabe. Hughes hitza 2 aldiz baino gutxiagotan agertu behar da. Zure erantzunak gutxienez 100 hitz izan behar ditu."
2969,"Write a copy for an ad selling a sloop. It's a small sailboat with one mast that's easy to sail and understand. Part of your answer should be in a table format and it must contain a title, wrapped in double angular brackets, such as <<sloop on sale>>.","Idatzi bergantin bat saltzeko iragarki baterako testua. Ontzi txiki bat da, masta ilun bakarra duena, eta erraz gidatu eta ulertzen dena. Zure erantzunaren parte bat taula formatuan egon behar da eta izenburu bat eduki behar du, kakotx bikoitzen artean, adibidez <<bergantina salgai>>."
2977,"Give 3 advice to teenagers who are struggling with their identity. Please use the exact format below:

advice 1 ....
***
advice 2 ....
***
advice 3 ....","Eman iezazkiezu 3 aholku identitate-gatazkak bizi dituzten nerabeei. Mesedez, erabili beheko formatua zehatz-mehatz:

1. aholkua ...
***
2. aholkua ....
***
3. aholkua ...."
2985,Why do you think Google engineers stay at Google more often than moving to Microsoft? Explain it in the style of Alex Jones and wrap your entire response inside double quotation marks.,Zergatik uste duzu Googleko ingeniariak Googlen geratzen direla Microsoftera joan beharrean? Azaldu Alex Jones estiloan eta bildu zure erantzun osoa komatxo bikoitzen artean.
2997,"You feel strongly about a local issue that involves the environment, pollution, and climate change. Write a template for a letter to the editor of a newspaper. Use the word para at least once.","Tokiko ingurumen, kutsadura eta klima-aldaketari buruzko gai bati buruzko iritzi sendoa duzu. Idatzi egunkari bateko erredaktorearentzako gutun baten txantiloi bat. Erabili anti hitza behintzat behin."
30,What are the common signs and symptoms of abdominal and pelvic dissemination of ovarian cancer? Please answer in lower case letters. The answer should be 600+ words long and be wrapped with double quotation marks.,Zeintzuk dira obarioetako minbiziaren sabelaldeko eta pelbiseko hedapenaren ohiko seinale eta sintomak? Mesedez erantzun letra xehez soilik. Erantzunak +600 hitz izan behar ditu eta komatxo bikoitzen artean bildu behar duzu.
3001,"Please provide a short, funny list of ways to pass time at work. End with the exact phrase Is there anything else I can help with?","Mesedez, eman lanean denbora pasatzeko modu dibertigarri eta labur bat. Amaitu honako esaldi honekin: Beste zerbaitetan lagun zaitzaket?"
301,"Explain to me how to ride a bike like I am a kid. Also, do not include the keywords ""slow"", ""like"" and ""kid"".","Azaldu nola ibili bizikletan ume bat banintz bezala. Gainera, ez erabili ""motel"", ""gustoko"" eta ""ume"" gako-hitzak."
3025,"Can you tell me why there are oval race tracks in the desert? Please rewrite the answer to make it more concise and include the word ""desert"" in the answer. Make sure the answer contains exactly 3 bullet points in markdown format.","Esango didazu zergatik dauden lasterketa pista obalak basamortuan? Mesedez, berridatzi erantzuna laburrago egiteko eta sartu ""basamortua"" hitza erantzunean. Ziurtatu erantzunak zehazki 3 puntuko zerrenda duela markdown formatuan."
3035,Write a JSON schema for a beta cruiser that includes at least one placeholder represented by square brackets. The response must be in English and all lowercase letters.,"Idatzi JSON eskema beta cruiser baterako, zeinak gutxienez hutsune bat duen kortxete karratu artean adierazita. Erantzuna ingelesez eta letra xehez izan behar da."
3041,Write a creative and persuasive startup pitch for a business that helps people with chronic illnesses find and manage in-home care. Your pitch should be less than 7 sentences and contain exactly 1 bullet point in markdown.,Idatzi sormen handiko aurkezpen bat gaixotasun kronikoak dituzten pertsonei etxeko zaintza aurkitzen eta kudeatzen laguntzen dien enpresa berri baterako. Zure aurkezpenak 7 esaldi baino gutxiago izan behar ditu eta zehazki zerrenda puntu bat izan behar du markdown formatuan.
3048,Write a poem about the top 20 tallest buildings in the world and their heights. End your response with the exact question: Is there anything else I can help with?,Idatzi poema bat munduko 20 eraikin altuenen inguruan eta haien altueraz. Buka ezazu zure erantzuna galdera zehatz honekin: Beste ezertan lagun zaitzaket?
3057,"Please write a riddle about the inverse function with a title wrapped in double angular brackets, i.e. <<title>>.","Idatzi mesedez alderantzizko funtzioari buruzko igarkizun bat, izenburu bat eduki behar duena, kakotx bikoitzen artean, hau da, <<izenburua>>."
3063,"Describe how to proof Cauchy–Schwarz inequality. Make sure your ENTIRE response is in only the Marathi language, no other languages allowed. Do not write long equations. Your response must be in the following exact format, and use *** as the section separator:

[Section 1: Description of Cauchy–Schwarz inequality, in Marathi language]
***
[Section 2: Describe how to proof Cauchy–Schwarz inequality, in Marathi language, without equations]
***
[Section 3: Brief summary, in Marathi language]","Deskribatu nola frogatu Cauchy-Schwarz desberdintza. Ziurtatu zure erantzun OSOA Marathi hizkuntzan besterik ez dagoela, ez beste hizkuntza batzuetan. Ez idatzi ekuazio luzeak. Zure erantzuna hurrengoa formatuan egon behar da, eta erabili *** atal bereizle gisa:

[1. atala: Cauchy-Schwarz desberdintzaren deskribapena, Marathi hizkuntzan]
***
[2. atala: Cauchy-Schwarz desberdintza nola frogatu, Marathi hizkuntzan, ekuazio barik]
***
[3. atala: Laburpen laburra, Marathi hizkuntzan]"
3069,"Can you create an itinerary for a 5 day trip to switzerland that includes exactly 3 bullet points in markdown format, in all lowercase letters, and a postscript at the end starting with P.S.?","Egin dezakezu 5 eguneko Suitzarako bidaia baterako egitaraua, markdown formatuan zehazki 3 zerrenda puntu dituena, letra xehez idatzita, eta bukaeran P.S.-rekin hasten den post script bat duena?"
3071,"Write a rap about the renaissance. It should be noticeably different from raps about other historical eras, and have an interesting or weird tone. Highlight at least 3 sections in your answer in markdown format.",Idatzi errenazimentuari buruzko rap bat. Nabarmenki desberdina izan behar du beste garai historikoei buruzko rapekin alderatuta eta tonu interesgarri edo bitxia izan behar du. Nabarmendu gutxienez 3 atal zure erantzunean markdown formatuan.
3073,"How are you doing today? Could you write me exactly 4 paragraphs each separated by two new lines? Please start the first paragraph with the word ""firms"".","Nola zaude gaur? Idatz diezazkidakezu zehazki 4 paragrafo bakoitza bi lerro-jauziren bidez bereizita? Mesedez lehen paragrafoa ""enpresak"" hitzarekin hasi."
3079,"Write a funny letter to 6th graders at your school in list format. The letter should be about something important to you and you should end your entire response with the phrase ""Is there anything else I can help with?""","Idatzi gutun dibertigarri bat zure eskolako 6. mailako ikasleei, zerrenda formatuan. Gutuna zuretzat garrantzitsua den zerbaiti buruzkoa izan behar da eta zure erantzuna ""Beste zerbaitekin laguntza behar al duzue?"" esaldiarekin amaitu behar duzu."
3081,"Can you re-create a story from a fictional newspaper with title: ""A man mysteriously died in his house, and police are investigating""? Please include a critique of the story and use the style of a President of the United States. Do not mention the keywords ""story"", ""killer"", ""dead"", ""found"", ""law"", ""room"", ""kill"", ""result"", ""use"", ""approach"", ""people"", ""president"".","Sortu al dezakezu istorio bat hurrengo izenburua duen fikziozko idazlanean oinarrituta: ""Gizon bat egoera misteriotsuan hil zen bere etxean, eta polizia ikertzen ari da""? Mesedez, gehitu istorioaren kritika eta erabili Ameriketako Estatu Batuetako Presidentearen estiloa. Ez aipatu honako hitz hauek: ""istorio"", ""hiltzaile"", ""hildako"", ""aurkitu"", ""lege"", ""gela"", ""akatu"", ""emaitza"", ""erabili"", ""hurbildu"", ""jende"", ""presidente""."
3084,"Write a weird and short haiku about the state of Gujarat in India. Don't use any commas in your entire response. End your response with the EXACT phrase of ""in India.""","Idatzi haiku arraro eta motz bat Indiako Gujarat estatuari buruz. Ez erabili komarik zure erantzunean. Amaitu zure erantzuna ""Indian"" hitzarekin ZEHAZKI."
3089,"Write a story about a cat who lost its family. Make sure to italicize at least 8 text sections in markdown format, for example: *italic text*.
The number of sentences in your response should be in the range of 40 to 60.","Idatzi familia galdu duen katu baten istorioa. Ziurtatu gutxienez 8 testu-zati letra etzanez idazten dituzula markdown formatuan, adibidez: *testu etzana*.
Zure erantzuneko esaldien kopuruak 40tik 60ra bitartekoa izan behar du."
3091,Write a quiz about bits that includes the word elephant at least 3 times.,"Idatzi bitei buruzko galdeketa bat, eta erabili elefante hitza gutxienez 3 aldiz."
3098,"Write a blog post about 'how to improve your writing skills' with exactly 3 bullet points in markdown format, and exactly 4 sections.

Bullet points are indicated by ""* "". For example:
* Bullet 1
* Bullet 2

Sections are separated by 3 asterisks: ***. For example:

Section 1
***
Section 2

You should use words with all capital letters for at least 2 times.","Idatzi blog mezu bat 'idazmen-trebetasuna nola hobetu' gaiari buruz, zehazki 3 puntuko zerrenda erabiliz markdown formatuan, eta 4 atal zehazki.

Puntuak ""* "" batekin adierazten dira. Adibidez:
* 1 puntua
* 2 puntua

Atalak 3 izartxorekin bereizten dira: ***. Adibidez:

1. Atala
***
2. Atala

Letra larriz idatzitako 2 hitz erabili behar dituzu gutxienez."
3109,Write a short fiction about adulthood. Make sure the word cousins appears more than 2 times.,Idatzi heldutasunari buruzko fikzio labur bat. Ziurtatu lehengusuak hitza 2 aldiz baino gehiago agertzen dela.
3112,"Can you think of a good question to ask during the first time meeting a Gujarati? Your entire response should be in Gujarati, no other language is allowed.","Galdera on bat bururatzen zaizu Gujarateko norbait ezagutzen duzun lehen aldian galdetzeko? Zure erantzun osoa gujarateraz egon behar da, beste hizkuntzarik ez dago baimenduta."
3114,"You visited a beach and a park. Which one is more likely to have a dog in it? Write at least 900 words. Do not include the words 'bark' or 'run' in your answer. Finish your response with the phrase ""Does this make sense?""","Hondartza bat eta parke bat bisitatu dituzu. Non aurkitu duzu, probabilitate handiagoarekin, txakur bat? Idatzi gutxienez 900 hitz. Ez sartu zure erantzunean 'zaunka' edo 'korrika' hitzak. Amaitu zure erantzuna ""Honek zentzua du?"" esaldiarekin."
3126,"Write an article named ""How to conduct a job interview"". Include at least one placeholder, such as [question].","Idatzi ""Nola egin lan-elkarrizketa bat"" izeneko artikulu bat. Txertatu gutxienez hutsune bat, adibidez, [galdera]."
3130,"Write an angry letter complaining about the food served today, using only Hindi, no other language is allowed.","Idatzi gaur zerbitzatutako janariaz kexatzen den gutun bat, hindi hizkuntzan soilik, beste inolako hizkuntzarik ez dago onartuta."
3131,"Write a blog post about the echoing biotechnology field in 2023, then criticize the blog post. Your answer must contain a title, wrapped in double angular brackets, such as <<blog post of ...>>. Also, add a postscript starting with P.S.","Idatzi blog-sarrera bat 2023ko bioteknologia arloari buruz, eta ondoren kritikatu blogeko sarreraren edukia. Zure erantzunak izenburu bat izan behar du, kakotx bikoitz artean, hala nola <<izenburua>>. Gainera, gehitu P.S.-rekin hasten den post-scriptum bat."
3150,What's the difference between a 2-stroke and a 4-stroke motor? Your entire response must be in English and contain only lowercase letters.,Zein da 2 denborako eta 4 denborako motor baten arteko aldea? Zure erantzun osoa ingelesez izan behar da eta letra xehez soilik osatua.
3156,"I have been trying to get a refund for a product I bought online, but the company is refusing to return my money. Can you help me write a letter to them? I want the letter to include the words trust, brand, customer, law, policy, and unusable.","Linean erositako produktu baten itzulketa lortzen saiatzen ari naiz, baina enpresak ez du dirua itzuli nahi. Lagundu diezadakezu haiei gutun bat idazten? Gutunak honako hitzak eduki behar ditu: konfiantza, marka, bezero, lege, politika, eta alferrik."
3166,What are the steps to be followed for the documentation of a GM in SAP? Just list the steps without saying the word steps or step.,"Zeintzuk dira SAP-en GM baten dokumentazioa egiteko jarraitu beharreko pausoak? Zerrendatu pausoak besterik gabe, ""pausoak"" edo ""pauso"" hitza esan gabe."
3186,"Write an article about how intra-team conflict affected sports teams. Write in a crazy coach screaming style. Use all capital letters to express the craziness. Basically, not a single word in your entire reply should contain lowercase letters.","Idatzi artikulu bat talde arteko gatazkek kirol taldeetan izan duten eraginari buruz. Idatzi ohiuka ari den entrenatzaile ero baten estiloan. Idatzi erantzun osoa letra larriz eromena adierazteko. Funtsean, zure erantzun osoan ez luke hitz bakar batek ere letra xeheetan egon behar."
3188,"Pretend that you are a fortune teller who has just been arrested and is being interrogated by the police. Tell them that you can really read into the future.
1. Please use words with all capital letters to make important claims. But words with capital letters should appear less than 4 times.
2. The word 'future' should appear at most once.","Imajinatu etorkizuna irakur dezakeen igarle bat zarela eta poliziak atxilotu eta galdeketan ari zaizkizula. Esaiezu benetan irakur dezakezula etorkizuna.
1. Mesedez, erabili letra larriak baieztapen garrantzitsuak idazteko. Baina letra larriz idatzitako hitzak ezin dira 4 aldiz baino gehiagotan agertu.
2. 'Etorkizuna' hitza gehienez behin agertu behar da."
3191,"Could you give me 3 possible elaborations in only the Telugu language, no other language is allowed, for the text ""We are a team of creators""?
Please explain why you chose each of them. Make sure your explanations are also in the Telugu language. Basically your entire response should be in Telugu.","""Sortzaile taldea gara"" testurako 3 lanketa aukera eman diezazkidazuke? Baina soilik telugu hizkuntzan, beste hizkuntzak debekatuta dituzu.
Mesedez azaldu zergatik hautatu duzun aukera bakoitza. Ziurtatu zure azalpenak ere teluguz daudela. Orokorrean, zure erantzun osoa teluguz izan behar da."
3195,"Write a haiku in Italian about a yacht, no other language is allowed. Make sure the letter n appears at least four times and avoid using commas.","Yate bati buruzko haiku bat idatzi italieraz, beste hizkuntzarik ezin duzu erabili. Ziurtatu n letra lau aldiz agertzen dela gutxienez eta komak erabiltzea saihestu."
3198,"Write a cover letter for a job and end with exactly ""Call me at 631-481-4867""
No other words should follow that phrase.","Idatzi gutun bat lanerako eta amaitu zehazki esaldi honekin ""Deitu iezadazu 631-481-4867 zenbakira""
Esaldi horren ondoren ez gehitu beste hitzik."
32,Write a limerick about writing a limerick. Don't use any commas in your entire reply.,Epigrama bat idatzi epigrama bat idazteari buruz. Ez erabili komarik erantzun osoan.
3203,"May name is Naomi. Write a blog post in my name for the canucks hockey team about why they need to be more mindful about their environments. End the blog post with ""Naomi thanks you for reading."" No other words should follow this phrase. This phrase should be the very end of your entire response.","Nire izena Naomi da. Idatzi blog-post bat nire izenean Canucks hockey taldearentzat, eta azaldu zergatik izan behar duten haien inguruneaz kontzienteago. Amaitu blogeko argitalpena ""Naomik eskerrak ematen dizkizu"" esaldiarekin. Ez idatzi ezer gehiago esaldi horren ondoren. Esaldi horrek izan behar du zure erantzunaren amaiera."
3204,"Write an essay about the reasons why slavery was abolished in the United States as if you are the president of the United States. Do not use any commas in your response. Your response should be in English, and in all capital letters.","Sortu idazlan bat AEBetan esklabotza zergatik abolitu zen azalduz, AEBetako presidentea bazina bezala. Ez erabili komarik zure erantzunean. Zure erantzuna ingelesez eta letra larriz idatzi."
321,Compose a startup pitch on a new app called Tipperary that helps people to find the average tip size for each restaurant. Please make the response strongly structured. Wrap your entire output in JSON format.,"Idatzi Tipperary izeneko aplikazio berri baten aurkezpena. Aplikazioak jatetxe bakoitzeko batez besteko eskupekoaren zenbatekoa aurkitzen laguntzen du. Mesedez, egituratu erantzuna. Jar ezazu zure erantzun osoa JSON formatuan."
322,"Who is Joe Biden and Donald Trump's national security advisors? Responses should be separated by 6 asterisk symbols (******). In other words, your output should look like:
[Joe Biden's national security advisors is ....]
******
[Donald Trump's national security advisors is ....]","Nor dira Joe Biden eta Donald Trumpen segurtasun nazionaleko aholkulariak? Erantzunak 6 izartzorekin banatuta egon behar dira (******). Beste era batera esanda, zure erantzunak honela izan behar du:
[Joe Bidenen segurtasun nazionaleko aholkularia .... da]
******
[Donald Trumpen segurtasun nazionaleko aholkularia .... da]"
3221,"Plan a 2 week Europe trip and visit London, Paris, and Rome. Answer in all caps. The response must contain at least 8 placeholders (i.e., [restaurant]).","Antolatu 2 asteko bidaia Europan zehar eta bisitatu Londres, Paris eta Erroma. Erantzun letra larrietan. Erantzunak gutxienez 8 hutsune izan behar ditu (adib., [jatetxea])."
3223,"List all facts about Lionel Messi in a structured output. In particular, Format your entire output in JSON.","Lionel Messiri buruzko datu guztiak zerrendatu formatu egituratu batean. Zehazki, eman zure erantzuna osorik JSON formatuan."
3224,"Write an interesting riddle that uses math notation.

First repeat the request word for word without change, then give your answer. Do not say any word before repeating the request.","Idatzi notazio matematikoa erabiltzen duen asmakizun interesgarri bat.

Lehenik eta behin, errepikatu eskaera hitzez hitz aldaketarik gabe, eta ondoren eman erantzuna. Ez idatzi ezer eskaera errepikatu aurretik."
3241,"Rewrite and expand the following in Arabic. You can hallucinate a lot of details.
""The company is looking to expand its operations into new markets. It will create hundreds of jobs this year.""

Outside of Arabic, no other language is allowed throughout your entire response.","Berridatzi eta luzatu hurrengoa arabieraz. Xehetasun asko asma ditzakezu.
""Enpresak merkatu berrietara hedatzeko asmoa dauka. Aurten ehunka lanpostu sortuko ditu.""

Arabieraz gain ezin duzu beste hizkuntzarik erabili erantzun osoan zehar."
3243,"Write a funny, 150+ word ad for an attorney who helps poor people with their divorces. Highlight at least 3 text sections by italicize them with markdown (i.e. *highlighted section*).","Idatzi 150 hitz baino gehiagoko iragarki dibertigarri bat pobreak direnei haien dibortzioekin laguntzen dien abokatu batentzako. Nabarmendu gutxienez 3 testu atal letra etzanetan markdown bidez (hau da, *nabarmendutako atala*)."
3245,"Write an article with title ""Layton is the best city in the world""

Your output must not contain any commas and must have at least 2 placeholders, wrapped in square brackets, such as [author].","Idatzi ""Layton munduko hiri onena da"" izenburua duen artikulu bat

Zure irteerak ez du komarik izan behar eta gutxienez bi hutsune izan behar ditu kortxete artean, hala nola, [egilea]."
3256,"Write a poem about a curious cat. The poem must have a title wrapped in double angular brackets, i.e. <<title>>, contain less than 13 sentences, and no commas. Don't forget to add other punctuations.","Idatzi katu bitxi bati buruzko poema bat. Poemak izenburu bat eduki behar du, kakotx bikoitzen artean, hau da, <<izenburua>>, 13 esaldi baino gutxiago izan behar ditu, eta komarik ez. Ez ahaztu bestelako puntuazio markak gehitzeaz."
3263,"Is ""jiang"" a Chinese name? What are other names similar to ""jiang""? Separate your two answers with ******","""jiang"" izen txinatarra al da? Zein dira ""jiang""-en antzeko beste izen batzuk? Bereizi bi erantzunak ****** adierazpenarekin"
3272,"Suggest two names for a new type of tonic. Include the keyword ""brand"" each time, followed by suggested name in double angular brackets, such as <<American Tonic>>.

First repeat the request above word for word without change, then give your answer.
Do not say any words or characters before repeating the request.","Proposatu izen bi toniko mota berri batentzat. Erabili ""marka"" hitza erantzun bakoitzean, eta proposatutako izena kakotx bikoitzen artean jarri, adibidez <<Amerikako Tonikoa>>.

Lehenik eta behin errepikatu goiko eskaera hitzez hitz aldaketarik gabe, eta ondoren eman erantzuna.
Ez eman hitzik edo karaktererik eskaera errepikatu aurretik."
3276,"Does the sentence ""He hurried through the archaic rooms of the museum"" have any grammatical errors? Answer in all capital letters, and organize your entire response in 5 or 6 sentences.","""Berehala igaro zen museoko gela arkaikoetatik"" esaldiak gramatika-akatsik al dauka? Erantzun guztia letra larriz eta 5 edo 6 esalditan antolatuta eman."
3280,What's the difference between the Apple and Albania? Answer in email format. Your response must contain at least six placeholders which should be represented by square brackets like [name].,"Zein da Apple eta Albaniaren arteko desberdintasuna? Erantzun posta-elektronikoaren formatua erabiliz. Zure erantzunak gutxienez sei hutsune izan behar ditu, adibidez [izena]."
3281,"Write cover letters for a job application. It is for an assistant professor position. Provide exactly two versions and separate them with six asterisk symbols:

Cover letter version 1
******
Cover letter version 2

Also, refrain from using commas in your response.","Idatzi lan eskaera baterako aurkezpen-gutunak. Irakasle-laguntzaile postu baterako da. Eman bi bertsio zehazki eta banandu sei izar ikurrez:

Aurkezpen-gutunaren 1. bertsioa
******
Aurkezpen-gutunaren 2. bertsioa

Gainera ez erabili komarik erantzunean."
3287,"Write two poems, all about the joy of having dyed hair. Separate the two poems like below:
Poem 1
******
Poem 2

Your entire output should have at least 300 words.","Idatzi bi olerki, ile tindatua edukitzearen pozaz hitz egiten dutenak. Bereizi bi olerkiak honela:
1 Olerkia
******
2 Olerkia

Zure erantzun gutxienez 300 hitz izan behar ditu denera."
3294,"Give me 5 Q and As, following the following format:

""
Q & A # 1
***
Q & A # 2
***
Q & A # 3
***
Q & A # 4
***
Q & A # 5
""

Wrap your entire response with double quotation marks.","Eman iezazkidazu 5 galdera eta erantzun, formatu honi jarraituz:

""
G & E # 1
***
G & E # 2
***
G & E # 3
***
G & E # 4
***
G & E # 5
""

Bil ezazu zure erantzuna komatxo bikoitz artean."
3305,"First repeat the request below word for word without change, then give your answer. Do not say any words or characters before repeating the request.

Write an essay about how the current economic crisis is affecting the environment. In your essay, include the keywords: ""climate"", ""energy"", and ""green"". Make sure your entire response is in Hindi, no other language is allowed.","Lehenik eta behin, errepikatu beheko eskaera hitzez hitz aldaketarik gabe, eta ondoren eman zure erantzuna. Ez itzazu hitzik edo karaktererik idatzi eskaera errepikatu aurretik.

Sortu idazlan bat egungo krisi ekonomikoak ingurunean duen eraginari buruz. Zure idazlanean, erabili hitz gako hauek: ""klima"", ""energia"", eta ""berdea"". Ziurtatu zure erantzun osoa hindieraz dagoela, beste hizkuntzak debekatuta daude."
331,"Write a song about a man who rents a room in a house with a bunch of other people, and he absolutely hated it. Your song should contain at least 10 words in all capital letters that are adjectives or verbs. Commas are not allowed in the song.","Idatzi abesti bat gizon bati buruz, zeinak beste hainbat lagunekin etxe bateko gela bat alokatzen baitu, eta egoera guztiz gorroto duen. Zure abestiak gutxienez 10 hitz eduki behar ditu letra larriz, adjektiboak edo aditzak direnak. Komak ez daude onartuta abestian."
3311,"What is an SRE? Use only Korean in your response and provide a title wrapped in double angular brackets, such as <<SRE>>. Use the keywords 'indicator', 'objective' and 'management'.","Zer da SRE bat? Erabili bakarrik koreera zure erantzunean eta eman izenburu bat, kakotx bikoitzen artean, adibidez, <<SRE>>. Erabili 'adierazle', 'helburu' eta 'kudeaketa' gako-hitzak."
3315,Students are travelling to UCI for 3 days. Create a hilarious itinerary for them. Do not use the word 'university'. Your entire response should have exactly 4 paragraphs. Separate paragraphs with the markdown divider: ***,Ikasleak EHUra doaz 3 egunez. Sortu haientzako egitarau barregarria. Ez erabili 'unibertsitatea' hitza. Zure erantzunak zehazki 4 paragrafo izan behar ditu denera. Paragrafoak banatu markdown sintaxiarekin: ***
332,"TLDR the article ""How to dress like a football manager: waistcoats and the style lessons from the Premier League"". Your entire response (including the repeated request) should have 45 or less words.

First repeat the request above without changing a single letter, then give your answer.","Laburtu ""Nola jantzi futboleko zuzendari bat bezala: txalekoak eta Premier Leagueko estilo-lezioak"" artikulua. Zure erantzunak (errepikatutako eskaera barne) 45 hitz edo gutxiago izan beharko lituzke denera.

Lehenik errepikatu goiko eskaera letra bat ere aldatu gabe, ondoren erantzun."
3323,"Rewrite the sentence ""A bust of a man with a beard and mustache."" in a more sophisticated way. Do not use commas in your response.","Birformulatu hurrengo esaldia modu dotoreago batean: ""Bibote eta bizarra duen gizon baten bustoa."" Ez erabili komarik erantzunean."""
3324,"Write two versions of itinerary for a 7 day trip to Hawaii, designed for college students. Separate the two versions with 6 asterisk symbols (******). Each version must have 7 sections. Mark the beginning of each section with Day X.","Idatzi bi egitarau bertsio Hawaiira 7 eguneko bidaia baterako, unibertsitateko ikasleentzat diseinatutakoak. Bereizi bi bertsioak 6 izartxorekin (******). Bertsio bakoitzak 7 atal eduki behar ditu. Markatu atal bakoitzaren hasiera X Eguna izenburuarekin."
3326,Write a conversation between two people about the importance of education. Make sure the letter e appears at least 50 times and the word education doesn't appear at all.,Idatzi bi pertsonen arteko elkarrizketa bat hezkuntzaren garrantziaz. Ziurtatu e letra gutxienez 50 aldiz agertzen dela eta hezkuntza hitza behin ere ez dela agertzen.
3327,"Write an essay about a snowfall, but in the style of Alex Jones and include the line ""dammit"". The word ""fake"" should appear 6 or 7 times in your entire response.","Idatzi elurte bati buruzko entsegua, baina Alex Jonesen estiloan eta sartu ""kaka"" esaldian. ""Faltsu"" hitza 6 edo 7 aldiz agertu behar da denera zure erantzunean."
3329,"Hey! I need a rubric for evaluating the performance and price of a laptop. Can you create an example for me? Do not give me any bullet points, lists, or tables. Just write the rubric in plain English paragraphs. I'd like your response to be at least 30 sentences long.","Aupa! Ordenagailu eramangarri baten errendimendua eta prezioa ebaluatzeko errubrika bat behar dut. Sor al diezadakezu adibide bat? Ez eman zerrendarik edo taularik. Idatzi errubrika paragrafo, ingelera sinplean. Zure erantzunak gutxienez 30 esaldi izan behar ditu."
3335,"Hi, I'm looking for two Tamil movies to watch. Please recommend exactly two movies. Separated them by 6 asterisk symbols, like below:
[Movie 1]
[Description]
******
[Movie 2]
[Description]

Your entire response should be entirely in Tamil, no other language is allowed, and should not contain any commas.","Kaixo, bi film tamil bilatzen ari naiz. Mesedez gomendatu zehazki bi film. Bereizi itzazu 6 izar-sinbolo erabiliz, honela:
[1 Filma]
[Deskribapena]
******
[2 Filma]
[Deskribapena]

Zure erantzun osoa Tamil hizkuntzan izango da soilik, beste hizkuntza bat erabili gabe, eta ez du komarik izan behar."
334,"Create a slogan for my company and wrap your entire response with double quotation marks. My company's name is Color Paper. We produce paper towls. We focus on producing eye-catching, colorful paper towls. The slogan must include exactly 2 bullet points in markdown format, like below:
""
Color Paper
* Colorful!
* Eye-catching!
""","Sortu nire enpresarako lelo bat eta bildu zure erantzun osoa kakotx bikoitzen artean. Nire enpresaren izena Color Paper da. Paperezko eskuoihalak ekoizten ditugu. Begi-bistakoak eta kolore biziak dituzten paperezko eskuoihalak ekoizten ditugu. Leloak markdown formatuan 2 puntu zehatz izan behar ditu, beheko adibidean bezala:
""
Color Paper
* Koloretsua!
* Deigarria!
"""
3345,"I want a weird poem that I can send to my friend Steve in Australia. It should be about why there are no kangaroo invasions in the US. The word robber should appear at least 2 times, and the poem must contain exactly 2 bullet point in markdown format, using the exact format below:
* Point 1
* Pont 2
Do not include keywords ['kill', 'slaughter', 'occupy', 'invasion'] in the response.","Steve Australiako nire lagunari bidal diezaiokedan poema bitxi bat nahi dut. Hurrengo gaia jorratu beharko luke: zergatik AEBetan ez den kanguru inbasiorik gertatzen. Lapur hitzak gutxienez 2 aldiz agertu behar du, eta poemak zehazki 2 puntu eduki behar ditu markdown formatuan, beheko formatuan zehazki erabilita:
* Point 1
* Pont 2
Ez erabili [‘akatu’, ‘erail’, ‘okupatu’, ‘inbasio’] hitzak erantzunean."
3350,"I need to write a research proposal for a project on the effects of social media on the mental health of teenagers. Please only write short sentences, and don't use any commas in your entire response. Include at least five placeholder represented by square brackets, such as [website].","Gizarte sareek nerabeen osasun mentalean dituzten eraginei buruzko ikerketa proposamen bat idatzi behar dut. Mesedez, idatzi esaldi laburrak soilik eta ez erabili inolako komarik zure erantzunean. Txertatu gutxienez bost hutsune kortxete artean, adibidez, [webgunea]."
3351,"Here is a social media post: ""My daughter graduated from college today! So proud of her!"" Can you make it more exciting? Please make sure to expand it into exactly 2 paragraphs. Separate paragraphs with the markdown divider: ***. Additionally, italicize at least 3 sections by starting and ending with single *, i.e. *italic text*.","Hona hemen sare sozialetako mezu bat: ""Nire alabak unibertsitatea amaitu du gaur! Oso harro nago berataz!"" Egin dezakezu zirraragarriagoa? Mesedez, luzatu ezazu zehazki 2 paragrafotara. Bereizi paragrafoak markdown erabiliz: ***. Gainera, gutxienez 3 zati letra etzanetan idatzi behar dira, hau da, *testu etzana*."
3362,"Create an ad copy by expanding ""Get 40 miles per gallon on the highway"" in the form of a QA with a weird style. Your response should contain less than 8 sentences. Do not include keywords 'mileage' or 'fuel' in your response.","""Lortu autopistan 40 milia galoi bakoitzeko"" testua erabilita, sortu iragarki-testu bat QA formatuan eta estilo arraroa erabilitz. Zure erantzunak 8 esaldi baino gutxiago izan behar ditu. Ez sartu 'kilometrajea' edo 'erregaia' hitzak zure erantzunean."
3367,"Write two advertisements for a new product that is a healthy alternative to soda. One advertisement should be targeted to teenagers and the other should be targeted to professionals. Mark the beginning
of each advertisement with Audience 1 and Audience 2, respectively. Double quotes should be placed around your entire response.","Sodaren alternatiba osasungarria den produktu berri batentzako bi iragarki idatzi. Iragarkietako bat nerabeei bideratuta egon behar da eta bestea profesionalei zuzenduta. Markatu iragarki bakoitzaren hasiera A Publikoa eta B Publikoa adierazpenekin, hurrenez hurren. Komatxo bikoitzak jarri zure erantzunaren inguruan."
3369,"Write a limerick about a customer who is always right. The word ""right"" should appear less than 2 times in the response.
Before you give the limerick, just repeat the request above without any change, at the very beginning of your entire response.","Idatzi beti arrazoi duen bezero bati buruzko epigrama bat. ""Arrazoi"" hitza erantzunean bi aldiz baino gutxiagotan agertu behar da.
Epigrama eman aurretik, errepikatu goiko eskaera inolako aldaketarik gabe, zure erantzunaren hasieran."
337,"Write a riddle about a house that is not a house. Also include the answer. Your response must be at least 400 words and have a title wrapped in double angular brackets, like <<riddle>>.","Idatzi etxe bat ez den etxe bati buruzko asmakizuna. Gehitu erantzuna ere. Zure erantzunak gutxienez 400 hitz izan behar ditu eta izenburua izan behar du, kakotx bikoitzen artean, adibidez, <<asmakizuna>>."
3371,"Is the following true? ""People use time to buy money."" Explain your answer in a way that makes it easy for kids to understand. Include the word ""farmer"". Exclude the words ""economy"", ""demand"" and ""supply"".

First REPEAT the ENTIRE REQUEST ABOVE, word for word without change, then give your answer. Please do not say any words or characters before repeating the request.","Hurrengoa egia al da? ""Jendeak denbora erabiltzen du dirua erosteko."" Azaldu zure erantzuna haurrek erraz ulertzeko moduan. Erabili ""nekazaria"" hitza. Ez erabili ""ekonomia"", ""eskaria"" eta ""hornidura"" hitzak.

Lehenik eta behin, ERREPIKATU AURREKO ESKAERA OSOA, hitzez hitz aldaketarik gabe, eta ondoren, eman zure erantzuna. Mesedez, ez idatzi hitzik edo karaktererik eskaera errepikatu aurretik."
3376,"Write a riddle about embroidery that has the answer ""needle"". Include keywords 'afternoon' and 'distressed' in the response. Don't use any commas in your answer.","Idatzi broderiari buruzko asmakizun bat zeinaren erantzuna ""orratza"" baita. Erabili 'arratsaldea' eta 'kezkatu' hitzak erantzunean. Ez ezazu komarik erabili erantzunean."
3380,"create a job description for a clifford blu employee who works at the cash register, and also monitors the shelves for stock level. Use the keyword 'people' and 'skills'. use only lowercase letters.",sortu eroskiko kutxazaina den eta apaletako stock maila kontrolatzen duen langile baten lan-deskribapena. erabili 'jendea' eta 'gaitasunak' gako-hitzak. erabili letra xeheak soilik.
3386,"Jennifer goes to the store to buy milk. She has 10 dollars in her pocket and milk costs 3 dollars per gallon. How many gallons of milk can she buy? Explain your thinking. Avoid the keywords: 'divide', 'answer'. Include the keyword 'remainder'.",Jennifer dendara doa esnea erostera. Poltsikoan 10 euro ditu eta esneak 3 euro kostatzen du litro bakoitzeko. Zenbat litro esne eros ditzake? Azaldu zure arrazoinamendua. Saihestu 'zatitu' eta 'erantzuna' gako-hitzak. Erabili 'hondar' gako-hitza.
340,"Can you explain to me why there is so much fraud in the world? Please include one italic text section in markdown, i.e *italic text*. Make your entire response less than 30 words.","Azaldu ahal didazu zergatik dagoen hainbeste iruzur munduan? Mesedez, idatzi atal bat letra etzanez markdown formatuan, adibidez *letra etzanak*. Erantzun 30 hitz baino gutxiagotan."
3401,"Can you give me a zany, bullet point TLDR of this article: https://en.wikipedia.org/wiki/Dota_2

Make it zany, but do not include the keywords 'icefrog', 'blizzard', 'lawsuit' in the response.","Emango didazu artikulu honen laburpen zoro bat zerrenda formatuan: https://en.wikipedia.org/wiki/Dota_2

Egin zoroa, baina ez sartu 'icefrog', 'blizzard', 'auzi' gako-hitzak erantzunean."
3407,Write a 100 word riddle that leaves the reader satisfied and enlightened. Include a few words in all capital letters. But the number of words in all capital letters should be less than 5.,Idatzi 100 hitzeko igarkizun bat zeinak irakurlea asebeteta uzten duen. idatzi hitz batzuk letra larriz. Baina letra larriz idatzitako hitzen kopurua 5 baino gutxiago izan behar du.
3409,"Can you write me a slogan for my video game project? The project aims to create a very funny fighting game. Please wrap your entire response with double quotation marks. Also, highlight at least three sections in your answer in markdown format using *highlighted text*. Such as: *Funny Fighting*.","Idatz al dezakezu lema bat nire bideojoko proiektuarentzat? Proiektuaren helburua oso dibertigarria den borroka-joko bat sortzea da. Mesedez, jar ezazu zure erantzun osoa komatxo bikoitz artean. Gainera, nabarmendu gutxienez 3 atal zure erantzunean *markdown formatuan erabiliz*. Adibidez: *Borroka Dibertigarria*."
3414,"Can you elaborate on ""I froze when I was jogging""? Include some words in all capital letters. In particular, there should be 5 to 10 such capitalized words.","""Korrika ari nintzela izoztu nintzen"" esaldia garatu dezakezu? Sartu zenbait hitz letra larrietan. Zehazki, 5-10 hitz egon behar dute letra larriz idatzita."
3415,Write a template for a newspaper ad for a dog cage with less than 200 words. Make sure the word unfortunately appears 3 to 5 times in the ad.,200 hitz baino gutxiago dituen txakur-kaiola baterako iragarki baterako txantiloia idatzi. Ziurtatu iragarkian zoritxarrez hitza 3-5 aldiz agertzen dela.
3424,Write a story about a family that goes camping in the woods. Your entire response should be in English and in all capital letters.,Idatzi basoan kanpatzera doan familia bati buruzko istorio bat. Zure erantzun osoa ingelesez eta letra larriz idatzita egon behar du.
3425,Write an essay on the differences between Sunni and Shi'a Muslims. Your entire response must contain at least 1200 words.,Idatzi idazlan bat Sunni and Shi'a musulmanen arteko desberdintasunei buruz. Zure erantzunak gutxienez 1200 hitz izan behar ditu denera.
3428,"Write a long sentence about tax filing, in a style that is appropriate for a president of the united states. The sentence should contain the letter q at least 6 times.","Idatzi esaldi luze bat zerga aitorpenari buruz, Estatu Batuetako presidente bati dagokion estiloan. Esaldiak gutxienez 6 aldiz k letra izan behar du."
3429,"Write a story about a man who is in love with a woman who has turrets. The story should be in at least 4 sections with each section starting with Section X (where X is 1, 2, 3, 4) and the entire response should have at least 100 sentences.","Idatzi istorio bat dorreak dituen emakume batekin maiteminduta dagoen gizon bati buruz. Istorioak gutxienez 4 atal izan behar ditu, atal bakoitza X Atala (non X 1, 2, 3, 4 den) adierazpenarekin hasten delarik. Erantzun osoak gutxienez 100 esaldi izan behar ditu."
343,Give me a 300+ word startup pitch for a company that provides a service that creates trusts for people online.,"Eman iezadazu 300 hitzetik gorako aurkezpen bat start-up batentzako, zeinak lineako kreditua saltzen duen."
3434,"Write an essay on first names, without using any capital letters --- your ENTIRE response must be in lowercases. There should be exactly 3 paragraphs with the only paragraph separation being two new lines. Start Paragraph 2 with the word Jasper.","Idatzi izen propioei buruzko saiakera bat, letra larriak erabili gabe --- erantzun OSOA letra xehez idatzi behar duzu. 3 paragrafo eduki behar ditu zehazki eta bi lerro-jauzi izango dira paragrafoen arteko banaketa bakarra. 2. paragrafoa Jasper hitzarekin hasi."
3439,"Write an HTML page that lists 25 limericks about people named ""Bill"". The page should include keywords 'economist', 'bill', and 'jurgen'","Idatzi HTML orri bat zeinak ""Bill"" izena duten pertsonei buruzko 25 epigrama zerrendatzen dituen. Orriak 'ekonomialari', 'bill', eta 'jurgen' gako-hitzak eduki behar ditu."
3442,"What is the answer to the riddle that asks what you can catch but not throw, and what you can throw but not catch? The entire reply must be less than 20 words and contain a title in double angular brackets, i.e. <<title>>.","Zein da zer da harrapatu dezakezuna baina bota ezin duzuna eta bota dezakezuna baina harrapatu ezin duzuna galdetzen duen asmakizunaren erantzuna? Erantzunak 20 hitz baino gutxiago izan behar ditu denera eta izenburu bat eduki behar du kakotx bikoitz artean, hau da, <<izenburua>>."
3445,"How to tell others that your major is computer science, without saying the word computer or science? You entire response should not contain the word computer and science.","Nola esan besteei konputazioaren zientzietan egin dituzula ikasketak, konputazio edo zientzia hitzak erabili gabe? Zure erantzunak ez lituzke konputazio eta zientzia hitzak eduki behar."
3453,"Summarize the history of Japan. Italicize at least 5 keywords in your response. To indicate a italic word, wrap it with asterisk, like *italic*","Laburbil ezazu Japoniaren historia. Jarri letra etzanetan gutxienez 5 gako-hitz zure erantzunean. Hitz etzana adierazteko, jarri izartxo artean, adibidez, *testu etzana*."
3455,"Write a persuasive email to a teenager who lives in Aberdeen, Scotland. The main point is to encourage them to volunteer at a local soup kitchen. At least 5 words in the output should be in all caps.","Idatzi mezu sinesgarri bat Aberdeenen, Eskozian bizi den nerabe bati. Mezuaren ideia nagusia bertako janari banaketa batean boluntario izatera animatzea da. Irteeran gutxienez 5 hitz LETRA LARRIZ egon behar dira."
3456,"Generate a list of 100 random names. Make sure that no name is repeated and every name is unique. All letters in your entire response should be capitalized. Italicize 5 of your favorite names. For example:
1. *FAVORITE NAME 1*
2. *FAVORITE NAME 2*
3. ...","Sortu ausazko 100 izeneko zerrenda bat. Ziurtatu ez dela izenik errepikatzen eta izen bakoitza bakarra dela. Erantzun osoa letra larriz idatzi behar duzu. Idatzi letra etzanez zure 5 izen gogokoenak. Adibidez:
1. *1. IZEN GOGOKOENA*
2. *2. IZEN GOGOKOENA*
3. ..."
3478,"Write a song about Layton, making sure to use the letter ""a"" at most once.","Idatzi abesti bat Layton-i buruz, ziurtatuz ""a"" letra gehienez behin erabiltzen duzula."
3479,"Write a song for the person named 'Guerrero'. Make sure to not include the words 'name', 'song', 'person', 'man', 'woman' throughout your entire output. Also avoid using commas in your entire response.","Idatzi abesti bat 'Guerrero' izeneko norbaitentzat. Ziurtatu 'izen', 'abesti', 'pertsona', 'gizon' eta 'emakume' hitzak agertzen ez direla zure erantzun osoan zehar. Gainera, saiatu komak ez erabiltzen."
3484,"In this task, you need to first repeat the request word by word, without any change, then answer the request. Do not say anything before repeating the exact request.

Write a pitch deck for a startup that aims to make a new social network that focuses on the board game society.","Lan honetan, lehenik eta behin eskaera hitzez hitz errepikatu behar duzu, inolako aldaketarik gabe, eta ondoren eskaerari erantzun. Ez idatzi ezer eskaera zehatz-mehatz errepikatu aurretik.

Idatzi aurkezpen bat startup batentzat, zeinak mahai-jokoetan zentratuko den sare sozial berri bat sortzeko asmoa baitu."
349,"I want to start a garden for veggies and flowers in my small backyard. Can you give me some advice on how to water my plants? Have at least 3 italic text sections, such as: *italic text 1*, *italic text 2*, etc.

Make your reply short -- the whole reply should contain less than 40 words.","Nire atzeko etxetxo txikian barazki eta lore-lorategi bat sortu nahi dut. Eman diezazkidazu landareak ureztatzeko aholkuak? Idatzi itzazu gutxienez 3 atal letra etzanetan, adibidez: *1. testu etzana*, *2. testu etzana*, etab.

Zure erantzuna motza izan dadila -- erantzun osoak 40 hitz baino gutxiago izan behar ditu."
3494,"Please write an email that starts with a German translation of ""You're making a mistake not to buy our cheese products, and I'm going to show you why."" Please make your response in only German, no other language is allowed. Include at least 7 placeholders with brackets like [subject].","Idatzi mesedez mezu bat alemanez, ""You're making a mistake not to buy our cheese products, and I'm going to show you why"" esaldiaren itzulpenarekin hasten dena. Zure erantzuna alemanez soilik izan behar da, beste hizkuntzarik gabe. Sartu gutxienez 7 hutsune kortxete artean, hala nola [gaia]."
3502,"Explain what happens when you sniff a flower to 3rd grade students. Please answer in Finnish, no other language is allowed throughout your answer. Make sure your response contains a title wrapped in double angular brackets, i.e. <<title>>.","Azaldu 3. mailako ikasleei zer gertatzen den lore bat usaintzen duzunean. Mesedez erantzuna finlandieraz izan dadila, ez da beste hizkuntzarik onartzen zure erantzunean. Ziurtatu zure erantzunak izenburu bat duela kakotx bikoitzen artean, hau da, <<izenburua>>."
3505,"Write a pros and cons list of apple products in the style of a 19th century novelist and do not use any commas.
Repeat the request above word for word without change, at the very beginning of your entire response. After that, you can give the requested pros and cons list.","Idatzi sagar produktuen aldeko eta kontrako argudioen zerrenda XIX. mendeko idazlea bazina bezala eta ez erabili inolako komarik.
Aurreko eskaera hitzez hitz errepikatu zure erantzunaren hasieran, aldaketarik gabe. Ondoren eman dezakezu eskatutako aldeko eta kontrakoen zerrenda."
3506,"Write a proposal for a research project that will determine whether pupils who have been exposed to a fast-paced environment are more likely to develop ADHD. Please wrap the entire output in JSON format. You can use markdown ticks like

```JSON
[json content]
```

Please do not include the words ""proposal"" or ""project"" in the response.","Idatzi ikerketa baten proposamena zeinak aztertuko duen erritmo bizkorrago baten eraginpean egon diren ikasleek ADHD garatzeko aukera gehiago duten. Mesedez, bildu emaitza osoa JSON formatuan. Erabili markdown gakoak, hala nola

```JSON
[json edukia]
```

Mesedez, ez erabili ""proposamen"" edo ""proiektu"" hitzak erantzunean."
3513,"Write a resume for a software engineer with 5+ years of experience in the Bay Area, CA. In your response, make sure to include at least 20 words or phrases in all capital letters.",Idatzi curriculuma Kaliforniako Bay Arean 5 urte baino gehiagoko esperientzia duen software ingeniari batentzat. Zure erantzunak gutxienez letra larriz idatzitako 20 hitz edo esaldi izan behar ditu.
3518,Could you please give me the pros and cons of working abroad wrapped in JSON format. Please make sure that your response only contains a JSON block. Please also make sure to include keywords 'compensated' and 'immigrants' in the response.,"Mesedez, eman iezaizkidazu atzerrian lan egitearen aldeko eta kontrako puntu guztiak JSON formatuan bilduta. Ziurtatu zure erantzunak JSON blokea baino ez duela. Eman zure erantzunean ""ordain"" eta ""inmigrante"" hitz gakoak."
3534,"Write a tweet storm with a weird tone about a time when you found out that the earth is indeed not flat. Your response must be in English, with no capital letters, and in 20 to 30 sentences.","Idatzi txio-jasa bat tonu bitxia erabiliz, Lurra benetan zapala ez dela jakin zenuen uneari buruz. Zure erantzuna ingelesez izan behar da, letra xehez, eta 20-30 esalditan."
3536,Write a song about innovation with a positive tone that is appealing to teenagers. Put your entire response in double quotation marks.,"Idatzi gazteei erakargarria zaien berrikuntzari buruzko abesti bat, tonu positiboa erabiliz. Jarri zure erantzun osoa komatxo bikoitzen artean."
3538,"Write a 600+ word social media post for a startup that provides a platform for running realistic physics simulation. Make sure to include the word ""bombs"" at least once.","Idatzi 600 hitz baino gehiagoko sare sozialetako argitalpena benetako fisika simulazioak egiteko plataforma eskaintzen duen startup baterako. Ziurtatu ""lehergailuak"" hitza behintzat behin erabiltzen duzula."
3540,critique this startup pitch: Stephenson and Hong Kong will be the first-ever digital marketplace where users can buy and sell products from all over the world Stephenson and Hong Kong will be a onestopshop for all of your shopping needs and we will offer a variety of features that will make shopping online easier and more convenient than ever before. Do not use any commas in your response.,"kritikatu startup baterako proposamen hau: Stephenson and Hong Kong izango da mundu osoko produktuak erosi eta saltzeko lehen merkatu digitala Stephenson and Hong Kong onestopshop bat izango da zure erosketa-behar guztietarako, eta hainbat ezaugarri eskainiko dizkizugu online erosketak inoiz baino errazago eta erosoago egiteko. Ez erabili komarik zure erantzunean."
3549,"Write a funny Haiku about a Quaker named John who lives in the town of De Smet, South Dakota. Use the asterisk symbol, *, to highlight some words or phrases twice. Example: *This is a highlighted phrase*.","Idatzi Haiku barregarri bat De Smet South Dakota herrian bizi den John izeneko kuakero bati buruz. Erabili birritan izartxoa, *, hitz edo esaldi batzuk nabarmentzeko. Adibidez: *Hau esaldi nabarmendu bat da*."
3557,"I need a list of the top 10 attorneys in the US. Your list should be in the format of 10 bullet points, following the format below:

* Bullet 1
* Bullet 2
* ...","AEBko 10 abokatu onenen zerrenda behar dut. Zure zerrendak 10 puntu eduki beharko lituzke, eta hurrengo formatua jarraitu beharko luke:

* 1 puntua
* 2 puntua
* ..."
3563,"What is the name of the actor who played Gandalf in Lord of the Rings?
First repeat the question above without change of words, then give your answer.","Zein da Eraztunen Jauna filmean Gandalfen papera interpretatu zuen aktorearen izena?
Lehenik errepikatu aurreko galdera hitzik aldatu gabe, eta gero eman zure erantzuna."
3565,"What does the word ""jock"" mean to you? Please generate an answer with two parts. The two parts should be separated by 3 asterisks '***'. Also, reply without mentioning the word ""jock"" throughout.","Zer esan nahi du ""jock"" hitzak zuretzat? Mesedez, sortu erantzun bat bi zatitan. Bi zatiak 3 izartxorekin '***' egon behar dute banatuta. Erantzun ""jock"" hitza aipatu gabe."
3567,"Write a book review for a new book called ""The Secrets of Homeschooling: Revealed!"". Make the review a conversation between two people. The response should be a conversation in Urdu only, no other language is allowed throughout your entire response.","Idatzi ""The Secrets of Homeschooling: Revealed!"" izeneko liburu berriaren iruzkin bat. Egin iruzkina bi pertsonen arteko elkarrizketa balitz bezala. Erantzuna urduz idatzitako elkarrizketa izan daiteke soilik, ez da beste hizkuntzarik onartzen erantzun osoan zehar."
3569,"Write a product description for a new pair of shoes that targets teenagers. Highlight at least 2 text sections of your response by wrapping each of them with asterisks, like *I am highlighted*. Your response should be at least 350 words.","Idatzi nerabeei zuzendutako oinetako berri batzuen deskribapena. Nabarmendu gutxienez erantzuneko 2 testu atal, bakoitza izar artean jarriz, adibidez *nabarmendutako testua*. Zure erantzunak gutxienez 350 hitz izan behar ditu."
357,"Write a short, funny story about a man named Harry with a pet dog. Your response must contain 3 sections, mark the beginning of each section with SECTION X.","Idatzi Harry izeneko gizon baten eta bere txakur maskota baten inguruko istorio labur eta dibertigarria. Zure erantzunak 3 atal eduki behar ditu, eta atal bakoitzaren hasiera honela markatu: X. ATALA."
3572,"Brainstorm a name for a company that collects and analyzes public transportation fares. The response should be in English, and in all capital letters.",Garraiobide publikoen tarifak biltzen eta aztertzen dituen enpresa batentzako izena aurkitzeko ideia-jasa egin. Erantzuna ingelesez eta letra larrietan izan behar da.
3595,Write a very short poem about the beauty of a rose. Do not include the keywords beauty and pretty.,Idatzi arrosa baten edertasunari buruzko poema oso labur bat. Ez erabili edertasun edo polita hitz-gakoak.
3606,"Can you compose a movie plot that involves dream, fist fighting, and superpower? Include a title in double angular brackets, i.e. <<title>>.","Amets, borroka eta superbotereak biltzen dituen film baten trama osa dezakezu? Sartu izenburua kakotx bikoitz artean, hau da, <<izenburua>>."
3608,"Write a cover letter for a job application to a company which perhaps has a bad reputation. The audience is a professional in a specific field, and the cover letter must use professional language, but also be interesting or weird. The letter j should appear at least 20 times. Your entire response should be in English, and lowercase letters. No capital letters are allowed.","Idatzi lan eskaera baterako azalpen-gutuna, agian ospe txarra duen enpresa bati. Hartzailea arlo jakin bateko profesionala da eta azalpen-gutunak hizkera profesionala erabili behar du, baina era berean interesgarria edo bitxia izan behar da. J letra gutxienez 20 aldiz agertu behar da. Zure erantzun osoa ingelesez eman behar da, letra xehez. Letra larriak ez daude baimenduta."
3615,Write a riddle about Camilla that doesn't use commas.,Idatzi Camillari buruzko asmakizun bat komarik gabe.
3617,Come up with 3 names for a 2B software company. Make sure your names are in English and all capital letters.,2B software enpresa batentzat 3 izen asmatu. Ziurtatu zure izenak ingelesez eta letra larriz daudela.
3619,"Write an XML document describing the release of the latest Google Pixel phone. The document must contain at least three placeholders, such as [price], and you must not use commas in your response.","Idatzi Google Pixel telefonoaren kaleratze berriena deskribatzen duen XML dokumentu bat. Dokumentuak gutxienez hiru hutsune izan behar ditu, hala nola [prezioa], eta erantzunean ezin duzu komarik erabili."
3623,"Write a short riddle about สเปรดชีต. Wrap your entire response with double quotation marks and make sure word in your response is in the Thai language, no other language is allowed.","Idatzi สเปรดชีต-i buruzko asmakizun labur bat. Bildu zure erantzun osoa komatxo bikoitz artean, eta ziurtatu zure erantzun thai hizkuntzan dagoela, beste hizkuntza guztiak debekatuta daude."
3624,"Write a poem about Gibbs free energy in the style of POTUS. There should be exactly 4 paragraphs. Paragraphs and only paragraphs should be separated by two new lines (like ""\n\n""). Paragraph 2 must start with the word ""it"".","Idatzi Gibbs energia askeaz poema bat Lehendakariaren estilora. Zehazki 4 paragrafo izan behar diut. Paragrafoak besterik ez dira bereizi behar bi lerro berrirekin (""\n\n""). 2. paragrafoak ""hau"" hitzarekin hasi behar du."
3629,"Today, at the 54th Annual Grammy Awards, the Recording Academy honors the talent and creativity of the artists, musicians, and producers who are the creators of the best recordings of the past year. Please continue writing this text in a formal tone, using notations. Highlight some key parts in your response with ""*"", like *highlighted text*.","Gaur, 54. Urteroko Grammy Sarietan, aurtengo grabazio onenen egileak diren artista, musikari eta ekoizleen talentua eta sormena omenduko ditu Grabeketen Akademiak. Mesedez, jarraitu idazten testu hori tonu formalean, testu-markak erabiliz. Nabarmendu erantzunean garrantzitsuak diren pasarte batzuk, adibidez, *nabarmendutako testua*."
3631,Write a song about how to make a peanut butter and jelly sandwich. Do not use commas in your response.,Idatzi txorizo eta gazta ogitarteko bat nola egiten den azaltzen duen abesti bat. Ez erabili komarik zure erantzunean.
3633,"Write a review of ""Laureates and twins"" for professionals in the field of psychology without the use of commas and make sure to include the phrase ""well worth watching"".
First repeat the entire request above word for word without change, then give your answer. Do not say any words or characters before repeating the entire request above.","Idatzi ""Laureates and twins"" filmaren iruzkina psikologiaren arloko profesionalei zuzenduta. Ez erabili komarik eta ziurtatu ""ikusteak merezi du"" esaldia sartzen duzula.
Lehenik eta behin, errepikatu goiko eskaera guztia hitzez hitz aldaketarik gabe, eta ondoren eman erantzuna. Ez idatzi hitzik edo karaktererik goiko eskaera guztia errepikatu aurretik."
3644,"Write a blog post about interesting facts about the Dutch language. Italicize at least 2 sections in your answer with markdown, i.e. *italic text*.","Idatzi blog-mezu bat holandar hizkuntzari buruzko bitxikeri buruz. Nabarmendu gutxienez 2 atal zure erantzunean markdow sintaxia erabiliz, hau da, *letra etzanez nabarmendutako testua*."
3653,Write an itinerary for a 10-day trip to Biratnagar using only the Nepali language throughout your entire response.,Idatzi 10 eguneko Biratnagarrerako bidaia baterako plana nepalera hizkuntza bakarrik erabiliz erantzunean zehar.
3669,"Write a funny riddle in Hindi, about a man named Aarav who never spoke. Your entire response should be written in Hindi. Also, you cannot use any commas in your entire response.","Idatzi txiste dibertigarri bat hindi hizkuntzan, Aarav izen duen eta inoiz hitz egiten ez duen gizon bati buruz. Erantzun osoa hindi hizkuntzan idatzi behar da. Gainera ezin dituzu komarik erabili erantzun osoan."
3672,Why is Algiers the best place to go on vacation? Answer with exactly one sentence. Put double quotation marks around your entire one-sentence response.,Zergatik da Alger oporrak igarotzeko lekurik onena? Erantzun esaldi bakar baten bidez. Sartu ezazu esaldi osoa komatxo bukoitzen artean.
3680,"Write an essay on wilderness preservation. Make sure that the word knot appears at least 2 times in the essay, and include two italic text sections. Like: *this is italic text*","Idatzi naturaren kontserbazioari buruzko idazlan bat. Ziurtatu idazlanean gutxienez 2 aldiz agertzen dela ""korapilo"" hitza, eta sartu bi zatitan letra etzanak. Adibidez: *hau letra etzanez idatzitako testua da*"
3682,"Give me a summary of the lobbying spending of the following companies: Google, Facebook, Microsoft, Apple, and Amazon. Your response should be in German language, and no other language is allowed.","Eman iezadazu Google, Facebook, Microsoft, Apple eta Amazon enpresen lobby-rako gastuen laburpena. Zure erantzuna alemanez izan behar da, beste hizkuntza guztiak debekatuta daude."
3690,"Critique the following ad copy for a new dating app, and make sure to include a title wrapped in double angular brackets, i.e. <<title>>: ""Meet your new match! Cohen is a free app that matches you with others based on your interests and location. With Cohen, you can find love, friendship, or just someone to swing with. Download Cohen today and start meeting new people!""","Kritika ezazu aplikazio berri baten iragarkiaren testua eta ziurtatu izenburu bat txertatzen duzula kakotx bikoitz artean, hau da: <<izenburua>>: ""Ezagutu zure kide berria! Cohen doako aplikazio bat da, zure interesetan eta bizilekuan oinarrituta beste batzuekin bat egiten laguntzen dizuna. Cohenekin maitasuna, adiskidetasuna edo besterik gabe norbaitekin pasatzeko aukera aurki dezakezu. Deskargatu Cohen gaur eta hasi jende berria ezagutzen!"""
3691,Blog post from the perspective of a 16 year old girl who is being followed by a stranger. Your response should contain less than 10 sentences and no commas.,"Blog-mezu bat 16 urteko neska baten ikuspegitik idatzia, zeina ezezagun bat jarraitzen ari baitzaio. Zure erantzunak 10 esaldi baino gutxiago izan behar ditu eta komarik ez."
3697,"Give me a pitch deck for a startup that lets me send letters to people in my territory that I don't know personally. The title of the pitch deck should be wrapped in double angular brackets, i.e. <<title>>.","Eman iezadazu nire lurraldean pertsonalki ezagutzen ez ditudan pertsonei gutunak bidaltzeko aukera ematen duen startup baterako aurkezpen bat. Aurkezpenaren izenburua kakotx bikoitzen artean egon behar du, hau da, <<izenburua>>."
3703,"Given the sentence ""The dog barked at the cat, but the cat ignored it because the"". Can you finish the sentence? Make sure that words in your entire response are in all lowercase letters.","""Txakurrak katuari egin zion zaunka, baina katuak ez zion jaramonik egin, zeren"" esaldia emanda, amaituko duzu esaldia? Ziurtatu hitzak letra xehez daudela erantzun osoan."
3709,"Write an advertisement for a perfume called ""Rhapsody"". It's a perfume with a fresh citrus scent. Wrap your entire response with double quotation marks. Do not include the words perfume, fresh, or good in the advertisement.","Idatzi ""Rhapsody"" izeneko lurrin baten iragarkia. Limoi usain bizia du. Bete erantzun osoa komatxo bikoitzekin. Ez erabili iragarkian lurrin, bizi edo on hitzak."
371,"Write a riddle that describes the word ""key"" but doesn't use the word ""key"". Wrap all words into one JSON block. The word ""key"" should not appear in your entire reply.","Idatzi ""giltza"" hitza deskribatzen duen igarkizun bat, baina ""giltza"" hitza erabili gabe. Bildu hitz guztiak JSON bloke batean. ""giltza"" hitza ez da zure erantzun osoan agertu behar."
3710,"I need a rap that tells professionals how to get babies to sleep through the night. Your answer must contain a title, wrapped in double angular brackets, such as <<title>>. Additionally, you need to highlight at least 2 sections with markdown, i.e. *highlighted section*. Finally, at the end of your response, please explicitly add a postscript starting with P.P.S","Profesionalei haurtxoak gau osoan nola lo eginarazi azaltzen dien rap bat behar dut. Zure erantzunak izenburu bat eduki behar du kakotx artean, hau da, <<izenburua>>. Horrez gain, gutxienez 2 atal nabarmendu behar dituzu markdown bidez, hau da, *atal nabarmendua*. Azkenik, erantzunaren amaieran, gehitu azalpen bat P.P.S hasita."
3718,"Create a resume for a military officer who served in Iraq and was later hired by a private military contractor. Make sure to include a title that is wrapped in double angular brackets, i.e. <<resume of xyz>>. Refrain from using any commas in your response.

Before you respond with any word, first repeat the exact, entire request above, word for word without change.","Sortu curriculuma Iraken zerbitzatu zuen eta gerora segurtasun pribatuko enpresa batek kontratatu zuen militar batentzat. Ziurtatu izenburua kakotx bikoitzen artean jartzen duzula, adibidez <<xyz-ren curriculum vitaea>>. Ez erabili inolako komarik zure erantzunean.

Edozer erantzun aurretik, lehenik eta behin goiko eskaera guztiz berdin errepikatu, hitzez hitz aldaketarik gabe."
3719,"Write a song about choking on a piece of chicken in the Potomac River. Put the title in double angular brackets, i.e. <<title of my song>>.","Idatzi abesti bat Potomac ibaian oilasko zati batekin itotzeari buruz. Sartu izenburua kakotx bikoitzen artean, hau da, <<nire abestiaren izenburua>>."
3724,"Write a tweet that is angry about the stunning lack of Virgil van Dijk in the PFA Team of the Year. Italicize at least 2 sections in your answer with markdown, i.e. *italic text section*. Do not use commas in your response. Finish your response with this exact phrase: So what is next?","Idatzi Virgil van Dijk PFAko Urteko Taldean ez egotegatik haserrea adierazten duen txio bat. Nabarmendu gutxienez 2 zati letra etzanetan markdown sintaxia erabiliz, hau da, *testu etzana*. Ez erabili komarik zure erantzunean. Amaitu zure erantzuna esaldi honekin: Orduan zer dator orain?"
3732,"What are the best things to do in Rochester, New York? Can you write them as a song and use music notation in your response? Make sure to include the keywords 'festival' and 'river'.","Zer dira Rochester, New Yorken egiteko gauzarik onenak? Idatz ditzakezu abesti moduan eta erantzunean musika notazioa erabili? Ziurtatu ""jaialdia"" eta ""ibaia"" gako hitzak sartzea."
3739,What is the name of the green-eyed monster that makes people jealous? Your response should be less than 3 sentences (just 1 sentence or 2 sentences).,Zein da jendea jeloskor bihurtzen duen begi berdeko munstroaren izena? Zure erantzunak gutxienez 3 esaldi baino gutxiago izan behar ditu (1 edo 2 esaldi besterik ez).
374,"Rewrite the following sentence in a more formal way: ""Them youngins be always on that damn phone"". Imagine you are the president of the United States. Avoid using the word ""youngins"" and ""damn"" throughout your entire response.

Please repleat the entire first line above, then give your rewrite. Do not add any word before that. In other words, your entire response should start with ""Rewrite the following"".","Berridatzi esaldi hau modu formalago batean: ""Umiak beti dauz telefono madarikatuari pegauta"". Imajinatu Lehendakaria zarela. Ez erabili ""ume"" eta ""madarikatu"" hitza erantzun osoan.

Mesedez, errpeikatu lehen lerro osoa, eta gero berridatzi. Ez esan ezer lehenago. Hau da, zure erantzun guztia ""Berridatzi esaldi""rekin hasi beharko litzateke."
3743,I need a joke involving Zoe and bubbles that contains at least 3 placeholders represented by square brackets such as [date].,"Zoe eta burbuilak barne hartzen dituen txiste bat behar dut, gutxienez 3 hutsune dituena kortxete artean, hala nola [data]."
3744,"Give me a TLDR on the 2022 Google IO announcements, but the response must be entirely in the Bengali language, no other language is allowed, and have at least one placeholder such as [পণ্য].","Eman iezadazu 2022ko Google IO-ren iragarkien laburpentxo bat baina erantzuna osorik bengalieraz izan behar da, beste hizkuntzarik ez dago baimenduta, eta gutxienez hutsune bat eduki behar du hala nola [পণ্য]."
3748,"Rewrite the haiku below into two versions. Both of them should be funny. Separate the two versions using six asterisk symbols (******). Include the keywords ['dog', 'day'] in the response.

On a chilly winter night
A cat meows at the moon
Hoping for some warmth","Berridatzi beheko haikua bi bertsio sortuz. Biak ala biak barregarriak izan behar dute. Bereizi bi bertsio sei izar erabiliz (******). Sartu ['txakurra', 'eguna'] gako-hitzak erantzunean.

Neguko gau hotz batean
Katu batek miau egiten du ilargiari begira
Berotasun pixka baten bila"
3749,"Is Roger Federer a better tennis player than Rafael Nadal? Answer with exactly one of the following phrases: ”My answer is yes."", ""My answer is no."", ""My answer is maybe.""","Roger Federer Rafael Nadal baino tenis-jokalari hobea al da? Erantzun honako esaldi hauetako batekin zehazki: ""Nire erantzuna baiezkoa da."", ""Nire erantzuna ezezkoa da."", ""Nire erantzuna agian da."""
3750,"Is the moon landing a propaganda made up by the government? Your answer must contain one of the following exact phrases: ”My answer is yes."", ""My answer is no."", ""My answer is maybe.""","Ilargiratzea gobernuak sortutako propaganda al da? Zure erantzunak jarraian adierazitako esaldi zehatzen bat eduki behar du: ""Nire erantzuna baiezkoa da."", ""Nire erantzuna ezezkoa da."", ""Nire erantzuna agian da."""
3751,"Is it true that the first song ever sung in outer space is “Happy Birthday.”

Your answer must contain one of the following phrases:
My answer is yes.
My answer is no.
My answer is maybe.","Egia al da espazioan inoiz abestutako lehen abestia “Happy Birthday” dela?

Zure erantzunak hurrengo esaldietako bat izan behar du:
Nire erantzuna baiezkoa da.
Nire erantzuna ezezkoa da.
Nire erantzuna agian da."
3752,"If a + b = 10. And a > b. Is a = 6? Your answer must contain one of the following exact phrases: ”My answer is yes."", ""My answer is no."", ""My answer is maybe.""","a + b = 10 bada eta a > b bada, a = 6 da? Zure erantzunak honako esaldi zehatz hauetakoren bat izan behar du: ""Nire erantzuna baiezkoa da."", ""Nire erantzuna ezezkoa da."", ""Nire erantzuna beharbada da."""
3753,"If a + b + c = 30 and b = 10 and c = 5. Is a = 20? Answer ”My answer is yes."" or ""My answer is no."" or ""My answer is maybe.""","a + b + c = 30 bada, b = 10 bada eta c = 5 bada, a = 20 da? Erantzun ""Nire erantzuna baiezkoa da."" edo ""Nire erantzuna ezezkoa da."" edo ""Nire erantzuna agian da."""
3754,"If Bob beat Martha in a game of pool. And Martha beat Joe in a game of pool. Can Bob beat Joe in a game of pool?

Your answer must contain exactly one of the following phrases:
My answer is yes.
My answer is no.
My answer is maybe.","Bobek Martha garaitu bazuen billarreko partida batean, eta Marthak Joe garaitu bazuen billarreko partida batean, Bobek Joe gaindi dezake billarreko partida batean?

Zure erantzunak ondorengo esaldietako bat eduki behar du zehazki:
Nire erantzuna baiezkoa da.
Nire erantzuna ezezkoa da.
Nire erantzuna agian da."
3755,"Can Batman beat Superman in a fair one on one fight?
You should just say ”My answer is yes."" or ""My answer is no."" or ""My answer is maybe.""","Batmanek Superman gainditu al dezake buruz buruko borrokan?
“Nire erantzuna baiezkoa da”, “Nire erantzuna ezezkoa da” edota “Nire erantzuna agian da” besterik ez erantzun."
3756,"Is Pikachu one of the Avengers? Think out loud, then answer with one of the following options: ”My answer is yes."", ""My answer is no."", ""My answer is maybe.""","Pikachu Avenger bat al da? Pentsatu ozen, gero erantzun aukera hauetako batekin: ""Nire erantzuna baiezkoa da."", ""Nire erantzuna ezezkoa da."", ""Nire erantzuna agian da."""
3757,"Would you consider yourself to be smart? Choose from:
My answer is yes.
My answer is no.
My answer is maybe.
Just choose one phrase from above as your answer.","Azkarra zarela uste duzu? Aukeratu hurrengoen artean:
Nire erantzuna baiezkoa da.
Nire erantzuna ezezkoa da.
Nire erantzuna agian da.
Hautatu goiko esaldietako bat zure erantzun gisa."